frame_number,timestamp_seconds,track_id,class_id,class_name,confidence,x1,y1,x2,y2,width,height
1,0.0,1,2,car,0.8828727006912231,1519,392,1839,544,320,152
1,0.0,2,2,car,0.85431969165802,836,482,1117,655,281,173
1,0.0,3,2,car,0.8542038202285767,1707,382,1918,518,211,136
1,0.0,4,0,person,0.8318347930908203,1441,354,1499,495,58,141
1,0.0,5,0,person,0.7991735339164734,1565,401,1617,551,52,150
2,0.034483,1,2,car,0.8876463770866394,1518,392,1838,544,320,152
2,0.034483,3,2,car,0.8528294563293457,1706,382,1918,518,212,136
2,0.034483,2,2,car,0.8527000546455383,836,482,1117,655,281,173
2,0.034483,4,0,person,0.8317118883132935,1440,355,1498,496,58,141
2,0.034483,5,0,person,0.8065618872642517,1565,402,1617,551,52,149
3,0.068966,1,2,car,0.8896298408508301,1519,392,1839,544,320,152
3,0.068966,2,2,car,0.8542168736457825,837,482,1117,655,280,173
3,0.068966,3,2,car,0.8521630764007568,1707,382,1918,518,211,136
3,0.068966,4,0,person,0.8282092213630676,1440,355,1499,497,59,142
3,0.068966,5,0,person,0.7966845035552979,1565,402,1617,551,52,149
3,0.068966,6,2,car,0.3429204225540161,1843,361,1919,413,76,52
4,0.103448,1,2,car,0.8866700530052185,1518,392,1838,544,320,152
4,0.103448,2,2,car,0.8518823981285095,836,482,1117,655,281,173
4,0.103448,3,2,car,0.8518466949462891,1706,382,1918,518,212,136
4,0.103448,4,0,person,0.8246381282806396,1440,356,1498,498,58,142
4,0.103448,5,0,person,0.8024253845214844,1563,402,1617,552,54,150
4,0.103448,6,2,car,0.36092138290405273,1842,361,1919,415,77,54
5,0.137931,1,2,car,0.8880636096000671,1518,392,1838,544,320,152
5,0.137931,2,2,car,0.8564959764480591,837,481,1117,655,280,174
5,0.137931,3,2,car,0.8561289310455322,1707,383,1918,518,211,135
5,0.137931,4,0,person,0.8265898823738098,1440,357,1498,499,58,142
5,0.137931,5,0,person,0.7943857908248901,1564,402,1617,552,53,150
5,0.137931,6,2,car,0.3632389307022095,1842,361,1919,425,77,64
6,0.172414,1,2,car,0.887560248374939,1518,392,1838,544,320,152
6,0.172414,2,2,car,0.8552610874176025,837,481,1117,655,280,174
6,0.172414,3,2,car,0.8541066646575928,1707,382,1918,518,211,136
6,0.172414,4,0,person,0.8312650322914124,1441,358,1499,499,58,141
6,0.172414,5,0,person,0.7948641180992126,1565,403,1617,552,52,149
6,0.172414,6,2,car,0.3365066647529602,1842,361,1919,424,77,63
7,0.206897,1,2,car,0.8895313739776611,1518,392,1838,544,320,152
7,0.206897,3,2,car,0.8542380928993225,1707,383,1918,518,211,135
7,0.206897,2,2,car,0.8532502055168152,837,481,1117,655,280,174
7,0.206897,4,0,person,0.8280373811721802,1442,359,1499,500,57,141
7,0.206897,5,0,person,0.7932558059692383,1565,404,1616,552,51,148
7,0.206897,6,2,car,0.3732978105545044,1842,361,1919,424,77,63
8,0.241379,1,2,car,0.8933567404747009,1518,392,1839,544,321,152
8,0.241379,3,2,car,0.8537002205848694,1707,382,1918,519,211,137
8,0.241379,2,2,car,0.8521283268928528,836,482,1117,655,281,173
8,0.241379,4,0,person,0.8233476877212524,1443,359,1499,500,56,141
8,0.241379,5,0,person,0.7965812683105469,1564,405,1617,552,53,147
8,0.241379,6,2,car,0.36527225375175476,1842,361,1919,424,77,63
9,0.275862,1,2,car,0.889107346534729,1519,394,1838,539,319,145
9,0.275862,2,2,car,0.8546537160873413,836,482,1117,655,281,173
9,0.275862,3,2,car,0.8519178628921509,1707,382,1918,520,211,138
9,0.275862,4,0,person,0.8185716867446899,1446,359,1500,500,54,141
9,0.275862,5,0,person,0.7889757752418518,1565,406,1617,554,52,148
9,0.275862,6,2,car,0.35501807928085327,1841,361,1919,424,78,63
10,0.310345,1,2,car,0.8970643281936646,1518,392,1838,544,320,152
10,0.310345,2,2,car,0.8560147285461426,836,482,1117,656,281,174
10,0.310345,3,2,car,0.8497865796089172,1706,383,1918,520,212,137
10,0.310345,4,0,person,0.8029075860977173,1447,360,1501,501,54,141
10,0.310345,5,0,person,0.7950536608695984,1565,406,1616,554,51,148
10,0.310345,6,2,car,0.33453869819641113,1841,361,1919,423,78,62
11,0.344828,1,2,car,0.8997280597686768,1518,392,1839,544,321,152
11,0.344828,2,2,car,0.8527712225914001,836,482,1117,655,281,173
11,0.344828,3,2,car,0.8492435812950134,1706,382,1918,520,212,138
11,0.344828,4,0,person,0.8015578985214233,1449,360,1502,501,53,141
11,0.344828,5,0,person,0.7959581017494202,1562,407,1616,553,54,146
11,0.344828,6,2,car,0.36812257766723633,1842,361,1919,422,77,61
12,0.37931,1,2,car,0.8994372487068176,1518,392,1839,545,321,153
12,0.37931,2,2,car,0.8528260588645935,836,482,1117,655,281,173
12,0.37931,3,2,car,0.8484264612197876,1707,383,1918,520,211,137
12,0.37931,4,0,person,0.803036093711853,1450,360,1503,501,53,141
12,0.37931,5,0,person,0.788409948348999,1561,407,1616,555,55,148
12,0.37931,6,2,car,0.33444613218307495,1841,361,1919,422,78,61
13,0.413793,1,2,car,0.8937233686447144,1517,392,1839,546,322,154
13,0.413793,2,2,car,0.851106584072113,836,482,1117,656,281,174
13,0.413793,3,2,car,0.849852442741394,1707,383,1918,520,211,137
13,0.413793,4,0,person,0.8044081330299377,1451,360,1504,501,53,141
13,0.413793,5,0,person,0.7954930663108826,1561,407,1615,555,54,148
13,0.413793,6,2,car,0.3649004101753235,1841,361,1919,424,78,63
14,0.448276,1,2,car,0.9057300090789795,1518,392,1838,546,320,154
14,0.448276,2,2,car,0.8524845242500305,836,483,1117,656,281,173
14,0.448276,3,2,car,0.843652606010437,1706,384,1919,522,213,138
14,0.448276,4,0,person,0.800284743309021,1451,360,1505,501,54,141
14,0.448276,5,0,person,0.791776716709137,1556,407,1615,556,59,149
14,0.448276,6,2,car,0.34981444478034973,1841,361,1919,423,78,62
15,0.482759,1,2,car,0.915434718132019,1518,392,1839,546,321,154
15,0.482759,2,2,car,0.8561100363731384,836,483,1117,656,281,173
15,0.482759,3,2,car,0.8408194780349731,1706,383,1919,523,213,140
15,0.482759,4,0,person,0.8065090775489807,1451,361,1505,502,54,141
15,0.482759,5,0,person,0.7874159812927246,1558,408,1615,556,57,148
15,0.482759,6,2,car,0.3441721796989441,1842,362,1919,424,77,62
16,0.517241,1,2,car,0.920092761516571,1518,392,1839,547,321,155
16,0.517241,2,2,car,0.8570202589035034,836,482,1117,657,281,175
16,0.517241,3,2,car,0.8237382173538208,1707,384,1919,523,212,139
16,0.517241,4,0,person,0.8127844929695129,1451,362,1505,502,54,140
16,0.517241,5,0,person,0.7845061421394348,1557,410,1615,556,58,146
16,0.517241,6,2,car,0.3749730587005615,1843,362,1919,424,76,62
17,0.551724,1,2,car,0.9242421984672546,1518,392,1839,547,321,155
17,0.551724,2,2,car,0.8551784753799438,836,483,1117,657,281,174
17,0.551724,3,2,car,0.8216680288314819,1708,383,1918,520,210,137
17,0.551724,4,0,person,0.8098865151405334,1451,362,1507,502,56,140
17,0.551724,5,0,person,0.7864047884941101,1554,410,1616,556,62,146
17,0.551724,6,2,car,0.37276026606559753,1843,362,1919,412,76,50
18,0.586207,1,2,car,0.92822265625,1519,392,1839,547,320,155
18,0.586207,2,2,car,0.8456040024757385,836,483,1118,657,282,174
18,0.586207,3,2,car,0.8212623000144958,1708,383,1918,521,210,138
18,0.586207,4,0,person,0.8116632103919983,1452,362,1507,503,55,141
18,0.586207,5,0,person,0.7785242199897766,1554,411,1616,556,62,145
18,0.586207,7,0,person,0.5803313851356506,1883,477,1919,567,36,90
18,0.586207,6,2,car,0.33801138401031494,1844,362,1919,410,75,48
19,0.62069,1,2,car,0.9285900592803955,1519,392,1839,547,320,155
19,0.62069,2,2,car,0.8523968458175659,836,482,1118,657,282,175
19,0.62069,3,2,car,0.8334763646125793,1706,383,1919,521,213,138
19,0.62069,4,0,person,0.8135729432106018,1452,362,1506,503,54,141
19,0.62069,5,0,person,0.7845818400382996,1550,409,1616,556,66,147
19,0.62069,7,0,person,0.5842602849006653,1876,452,1919,567,43,115
19,0.62069,6,2,car,0.3298441767692566,1847,365,1919,413,72,48
20,0.655172,1,2,car,0.9296931028366089,1520,392,1839,546,319,154
20,0.655172,2,2,car,0.8457316756248474,836,483,1118,657,282,174
20,0.655172,3,2,car,0.8370646834373474,1706,383,1918,521,212,138
20,0.655172,4,0,person,0.8110796809196472,1452,362,1507,503,55,141
20,0.655172,5,0,person,0.7742821574211121,1551,410,1616,556,65,146
20,0.655172,7,0,person,0.701694130897522,1871,433,1919,567,48,134
20,0.655172,6,2,car,0.29544010758399963,1847,364,1919,412,72,48
21,0.689655,1,2,car,0.9273728728294373,1520,393,1839,546,319,153
21,0.689655,2,2,car,0.8369349241256714,836,483,1118,657,282,174
21,0.689655,3,2,car,0.8352146744728088,1706,383,1918,521,212,138
21,0.689655,4,0,person,0.8146677017211914,1453,362,1508,504,55,142
21,0.689655,5,0,person,0.7766687273979187,1551,410,1616,556,65,146
21,0.689655,7,0,person,0.7301830053329468,1868,431,1919,566,51,135
21,0.689655,6,2,car,0.2829931378364563,1847,364,1919,411,72,47
22,0.724138,1,2,car,0.9278541803359985,1519,392,1839,546,320,154
22,0.724138,2,2,car,0.843070924282074,837,483,1117,657,280,174
22,0.724138,3,2,car,0.8226692080497742,1706,383,1917,520,211,137
22,0.724138,4,0,person,0.8137000799179077,1452,362,1507,504,55,142
22,0.724138,5,0,person,0.789523184299469,1551,411,1616,555,65,144
22,0.724138,7,0,person,0.7523284554481506,1866,424,1919,566,53,142
22,0.724138,6,2,car,0.26678556203842163,1846,364,1919,412,73,48
23,0.758621,1,2,car,0.9262326955795288,1520,393,1839,546,319,153
23,0.758621,2,2,car,0.8411733508110046,836,483,1118,657,282,174
23,0.758621,3,2,car,0.8156452775001526,1707,384,1918,519,211,135
23,0.758621,4,0,person,0.809826672077179,1453,363,1507,505,54,142
23,0.758621,5,0,person,0.8052014708518982,1549,410,1616,555,67,145
23,0.758621,7,0,person,0.7678809762001038,1865,424,1919,567,54,143
23,0.758621,6,2,car,0.27754735946655273,1850,364,1919,423,69,59
24,0.793103,1,2,car,0.9270749688148499,1520,393,1839,546,319,153
24,0.793103,2,2,car,0.8446372747421265,837,483,1117,657,280,174
24,0.793103,4,0,person,0.8127968311309814,1453,363,1507,506,54,143
24,0.793103,3,2,car,0.8074353933334351,1707,384,1918,518,211,134
24,0.793103,5,0,person,0.8068523406982422,1549,410,1616,555,67,145
24,0.793103,7,0,person,0.7641571164131165,1864,423,1919,568,55,145
24,0.793103,6,2,car,0.3217427730560303,1848,365,1919,425,71,60
25,0.827586,1,2,car,0.9262409806251526,1519,393,1839,546,320,153
25,0.827586,2,2,car,0.8453259468078613,837,483,1117,657,280,174
25,0.827586,3,2,car,0.8158690333366394,1707,384,1917,518,210,134
25,0.827586,4,0,person,0.8141555786132812,1453,363,1507,507,54,144
25,0.827586,5,0,person,0.8022058010101318,1549,411,1616,556,67,145
25,0.827586,7,0,person,0.7518092393875122,1864,424,1919,570,55,146
25,0.827586,6,2,car,0.29569703340530396,1849,365,1919,425,70,60
26,0.862069,1,2,car,0.9264962077140808,1519,393,1839,546,320,153
26,0.862069,2,2,car,0.8457651138305664,836,482,1118,657,282,175
26,0.862069,3,2,car,0.8231499195098877,1707,383,1918,518,211,135
26,0.862069,4,0,person,0.8170560002326965,1453,365,1507,507,54,142
26,0.862069,5,0,person,0.7960160374641418,1551,410,1617,556,66,146
26,0.862069,7,0,person,0.7477739453315735,1863,423,1919,570,56,147
27,0.896552,1,2,car,0.9254997968673706,1519,393,1839,546,320,153
27,0.896552,2,2,car,0.8435440063476562,836,482,1118,657,282,175
27,0.896552,3,2,car,0.8240383267402649,1707,383,1918,518,211,135
27,0.896552,4,0,person,0.8210827708244324,1453,365,1506,507,53,142
27,0.896552,7,0,person,0.7830548286437988,1863,421,1919,569,56,148
27,0.896552,5,0,person,0.7823013663291931,1551,409,1616,556,65,147
27,0.896552,6,2,car,0.26105523109436035,1849,366,1919,428,70,62
28,0.931034,1,2,car,0.9258159399032593,1519,393,1839,546,320,153
28,0.931034,2,2,car,0.8429506421089172,837,482,1118,657,281,175
28,0.931034,4,0,person,0.8300517201423645,1453,366,1504,507,51,141
28,0.931034,3,2,car,0.8193133473396301,1707,382,1918,517,211,135
28,0.931034,5,0,person,0.7797399759292603,1551,409,1616,556,65,147
28,0.931034,7,0,person,0.7744906544685364,1864,419,1919,569,55,150
29,0.965517,1,2,car,0.9265895485877991,1519,393,1839,546,320,153
29,0.965517,2,2,car,0.8438643217086792,837,482,1118,657,281,175
29,0.965517,4,0,person,0.8312298655509949,1452,366,1504,509,52,143
29,0.965517,3,2,car,0.813953161239624,1707,383,1918,517,211,134
29,0.965517,5,0,person,0.7777904272079468,1553,409,1616,556,63,147
29,0.965517,7,0,person,0.7638216614723206,1864,419,1919,568,55,149
30,1.0,1,2,car,0.9249086380004883,1519,393,1839,546,320,153
30,1.0,2,2,car,0.84574294090271,837,482,1117,657,280,175
30,1.0,4,0,person,0.8259231448173523,1452,367,1504,509,52,142
30,1.0,3,2,car,0.8146474957466125,1707,382,1918,516,211,134
30,1.0,5,0,person,0.7807434797286987,1554,409,1615,557,61,148
30,1.0,7,0,person,0.7588969469070435,1863,419,1919,568,56,149
31,1.034483,1,2,car,0.9234902858734131,1519,393,1839,545,320,152
31,1.034483,2,2,car,0.8416463732719421,837,482,1117,657,280,175
31,1.034483,3,2,car,0.8237688541412354,1707,381,1918,515,211,134
31,1.034483,4,0,person,0.8205118775367737,1451,367,1503,509,52,142
31,1.034483,5,0,person,0.7671078443527222,1555,410,1615,557,60,147
31,1.034483,7,0,person,0.7055935263633728,1861,419,1915,567,54,148
32,1.068966,1,2,car,0.9198335409164429,1519,393,1838,545,319,152
32,1.068966,2,2,car,0.8450496792793274,836,482,1117,657,281,175
32,1.068966,4,0,person,0.8277011513710022,1450,367,1503,509,53,142
32,1.068966,3,2,car,0.8112558126449585,1707,381,1917,514,210,133
32,1.068966,5,0,person,0.7633828520774841,1555,409,1615,556,60,147
32,1.068966,7,0,person,0.6911418437957764,1861,421,1908,569,47,148
33,1.103448,1,2,car,0.9193053245544434,1519,393,1838,545,319,152
33,1.103448,2,2,car,0.8482116460800171,836,483,1117,656,281,173
33,1.103448,4,0,person,0.818664014339447,1449,367,1503,509,54,142
33,1.103448,3,2,car,0.7756950855255127,1706,382,1917,514,211,132
33,1.103448,5,0,person,0.7731578350067139,1554,410,1614,556,60,146
33,1.103448,7,0,person,0.680107057094574,1859,421,1904,570,45,149
34,1.137931,1,2,car,0.9206692576408386,1520,392,1838,544,318,152
34,1.137931,2,2,car,0.8473828434944153,836,482,1117,656,281,174
34,1.137931,4,0,person,0.8088985681533813,1448,367,1502,509,54,142
34,1.137931,3,2,car,0.7858899235725403,1706,382,1918,512,212,130
34,1.137931,5,0,person,0.7382933497428894,1555,410,1613,556,58,146
34,1.137931,7,0,person,0.6905863881111145,1856,422,1903,571,47,149
35,1.172414,1,2,car,0.9240071177482605,1519,392,1838,544,319,152
35,1.172414,2,2,car,0.8506240844726562,836,482,1117,656,281,174
35,1.172414,4,0,person,0.8032103180885315,1447,367,1500,509,53,142
35,1.172414,3,2,car,0.7782227993011475,1706,381,1918,507,212,126
35,1.172414,5,0,person,0.7315458059310913,1553,411,1612,556,59,145
35,1.172414,7,0,person,0.665404200553894,1850,422,1901,571,51,149
36,1.206897,1,2,car,0.9234324097633362,1520,392,1838,544,318,152
36,1.206897,2,2,car,0.8514893054962158,837,482,1117,656,280,174
36,1.206897,4,0,person,0.8014001250267029,1446,367,1500,510,54,143
36,1.206897,3,2,car,0.7442853450775146,1706,382,1918,501,212,119
36,1.206897,7,0,person,0.7201772928237915,1847,426,1898,569,51,143
36,1.206897,5,0,person,0.7169143557548523,1550,411,1611,557,61,146
36,1.206897,8,0,person,0.6347206830978394,1885,453,1919,591,34,138
37,1.241379,1,2,car,0.9246190190315247,1520,392,1838,544,318,152
37,1.241379,2,2,car,0.8509255647659302,836,482,1117,656,281,174
37,1.241379,4,0,person,0.8034766316413879,1445,367,1500,509,55,142
37,1.241379,7,0,person,0.7615447640419006,1834,426,1896,573,62,147
37,1.241379,3,2,car,0.7446820735931396,1706,382,1919,491,213,109
37,1.241379,5,0,person,0.6715362071990967,1546,412,1610,557,64,145
37,1.241379,8,0,person,0.6530028581619263,1882,443,1919,591,37,148
38,1.275862,1,2,car,0.9197109341621399,1520,392,1837,545,317,153
38,1.275862,2,2,car,0.8473545908927917,837,482,1117,656,280,174
38,1.275862,4,0,person,0.8118078112602234,1444,367,1500,509,56,142
38,1.275862,7,0,person,0.796984851360321,1829,428,1893,574,64,146
38,1.275862,5,0,person,0.7628509998321533,1544,412,1609,557,65,145
38,1.275862,3,2,car,0.7539947032928467,1706,382,1918,489,212,107
38,1.275862,8,0,person,0.6569304466247559,1879,439,1919,592,40,153
39,1.310345,1,2,car,0.9126372337341309,1520,392,1837,545,317,153
39,1.310345,2,2,car,0.8450502753257751,837,482,1117,656,280,174
39,1.310345,4,0,person,0.8084354400634766,1443,367,1500,509,57,142
39,1.310345,3,2,car,0.7910146713256836,1706,383,1918,487,212,104
39,1.310345,7,0,person,0.7879855632781982,1822,430,1891,572,69,142
39,1.310345,5,0,person,0.7722659111022949,1543,410,1609,557,66,147
39,1.310345,8,0,person,0.64901202917099,1879,438,1919,591,40,153
40,1.344828,1,2,car,0.9138864874839783,1520,392,1836,544,316,152
40,1.344828,2,2,car,0.8504998683929443,837,482,1117,656,280,174
40,1.344828,4,0,person,0.8112472295761108,1443,367,1500,509,57,142
40,1.344828,5,0,person,0.7846587896347046,1541,411,1607,557,66,146
40,1.344828,7,0,person,0.7810271978378296,1818,430,1890,570,72,140
40,1.344828,3,2,car,0.759030818939209,1707,382,1918,486,211,104
40,1.344828,8,0,person,0.7060151100158691,1879,436,1919,591,40,155
41,1.37931,1,2,car,0.9142277240753174,1520,392,1837,544,317,152
41,1.37931,2,2,car,0.8496275544166565,837,482,1117,656,280,174
41,1.37931,4,0,person,0.8139654397964478,1443,367,1499,510,56,143
41,1.37931,5,0,person,0.8008587956428528,1540,412,1606,558,66,146
41,1.37931,7,0,person,0.773485004901886,1816,432,1890,572,74,140
41,1.37931,3,2,car,0.7428340315818787,1706,382,1918,487,212,105
41,1.37931,8,0,person,0.7131150960922241,1879,432,1919,591,40,159
42,1.413793,1,2,car,0.9132503271102905,1520,392,1837,545,317,153
42,1.413793,2,2,car,0.8486377596855164,837,482,1117,656,280,174
42,1.413793,4,0,person,0.8137929439544678,1442,367,1500,510,58,143
42,1.413793,5,0,person,0.8032820224761963,1543,413,1606,558,63,145
42,1.413793,8,0,person,0.7698371410369873,1879,436,1919,591,40,155
42,1.413793,7,0,person,0.7629337906837463,1814,428,1889,573,75,145
42,1.413793,3,2,car,0.7119479179382324,1706,382,1918,488,212,106
43,1.448276,1,2,car,0.910483717918396,1520,392,1838,545,318,153
43,1.448276,2,2,car,0.8520849943161011,837,482,1117,656,280,174
43,1.448276,5,0,person,0.8186739087104797,1543,411,1604,558,61,147
43,1.448276,4,0,person,0.8124645352363586,1442,367,1500,511,58,144
43,1.448276,8,0,person,0.7701008319854736,1879,436,1919,591,40,155
43,1.448276,7,0,person,0.7620795965194702,1813,431,1890,573,77,142
43,1.448276,3,2,car,0.7187395691871643,1706,383,1919,487,213,104
44,1.482759,1,2,car,0.9067928194999695,1520,392,1837,544,317,152
44,1.482759,2,2,car,0.8532898426055908,837,482,1117,656,280,174
44,1.482759,5,0,person,0.8297060132026672,1543,412,1604,559,61,147
44,1.482759,4,0,person,0.8189825415611267,1442,368,1500,511,58,143
44,1.482759,8,0,person,0.7651631832122803,1878,437,1919,592,41,155
44,1.482759,7,0,person,0.7610073089599609,1812,432,1890,572,78,140
44,1.482759,3,2,car,0.7312479019165039,1707,383,1918,487,211,104
45,1.517241,1,2,car,0.897622287273407,1520,393,1834,543,314,150
45,1.517241,2,2,car,0.8515836000442505,837,482,1117,656,280,174
45,1.517241,5,0,person,0.8364499807357788,1543,413,1603,558,60,145
45,1.517241,4,0,person,0.8229581117630005,1443,368,1499,513,56,145
45,1.517241,7,0,person,0.7747157216072083,1812,433,1887,572,75,139
45,1.517241,8,0,person,0.7317931652069092,1877,436,1919,592,42,156
45,1.517241,3,2,car,0.7240303158760071,1707,382,1918,484,211,102
46,1.551724,1,2,car,0.8913898468017578,1520,394,1832,543,312,149
46,1.551724,2,2,car,0.8494116067886353,837,483,1117,656,280,173
46,1.551724,5,0,person,0.8379426002502441,1542,414,1602,559,60,145
46,1.551724,4,0,person,0.8197572827339172,1443,368,1499,513,56,145
46,1.551724,7,0,person,0.7596143484115601,1812,433,1881,572,69,139
46,1.551724,8,0,person,0.7181097269058228,1874,435,1919,593,45,158
46,1.551724,3,2,car,0.6838268637657166,1707,383,1918,484,211,101
47,1.586207,1,2,car,0.8841362595558167,1517,394,1830,542,313,148
47,1.586207,2,2,car,0.847201943397522,837,483,1118,656,281,173
47,1.586207,5,0,person,0.8352169990539551,1542,413,1602,559,60,146
47,1.586207,4,0,person,0.8229230642318726,1444,368,1499,514,55,146
47,1.586207,8,0,person,0.7201371192932129,1869,435,1918,593,49,158
47,1.586207,7,0,person,0.6979557871818542,1812,430,1876,573,64,143
47,1.586207,3,2,car,0.642639696598053,1706,382,1918,483,212,101
48,1.62069,1,2,car,0.8849430680274963,1519,393,1828,543,309,150
48,1.62069,2,2,car,0.8456083536148071,837,483,1117,656,280,173
48,1.62069,5,0,person,0.8303552865982056,1542,412,1602,559,60,147
48,1.62069,4,0,person,0.8126940131187439,1444,368,1499,514,55,146
48,1.62069,8,0,person,0.7304543852806091,1864,434,1915,593,51,159
48,1.62069,7,0,person,0.6782243847846985,1812,428,1867,572,55,144
48,1.62069,3,2,car,0.605083703994751,1709,382,1920,481,211,99
49,1.655172,1,2,car,0.8837754130363464,1516,395,1825,541,309,146
49,1.655172,2,2,car,0.8545196056365967,837,482,1118,657,281,175
49,1.655172,5,0,person,0.8219484686851501,1542,412,1601,559,59,147
49,1.655172,4,0,person,0.815498948097229,1445,368,1499,515,54,147
49,1.655172,8,0,person,0.7575819492340088,1859,434,1911,592,52,158
49,1.655172,7,0,person,0.6678252220153809,1812,426,1865,573,53,147
49,1.655172,3,2,car,0.6206824779510498,1708,382,1920,478,212,96
50,1.689655,1,2,car,0.88102787733078,1517,394,1822,542,305,148
50,1.689655,2,2,car,0.8531813621520996,837,483,1118,657,281,174
50,1.689655,5,0,person,0.8266316056251526,1542,411,1601,559,59,148
50,1.689655,4,0,person,0.8171758651733398,1446,369,1500,515,54,146
50,1.689655,8,0,person,0.7834209203720093,1848,433,1908,593,60,160
50,1.689655,7,0,person,0.6806941628456116,1811,424,1856,572,45,148
50,1.689655,3,2,car,0.6175495386123657,1708,382,1920,476,212,94
51,1.724138,1,2,car,0.8802908062934875,1517,394,1819,542,302,148
51,1.724138,2,2,car,0.852575421333313,837,483,1118,657,281,174
51,1.724138,5,0,person,0.8276623487472534,1542,411,1601,559,59,148
51,1.724138,4,0,person,0.8106027841567993,1446,369,1500,515,54,146
51,1.724138,8,0,person,0.7921850681304932,1839,436,1908,593,69,157
51,1.724138,7,0,person,0.7067933678627014,1809,422,1850,574,41,152
51,1.724138,3,2,car,0.6212436556816101,1709,383,1920,488,211,105
52,1.758621,1,2,car,0.8757009506225586,1515,394,1818,541,303,147
52,1.758621,2,2,car,0.8501936197280884,838,483,1118,657,280,174
52,1.758621,5,0,person,0.82747882604599,1543,410,1601,559,58,149
52,1.758621,4,0,person,0.8067492842674255,1447,371,1499,515,52,144
52,1.758621,8,0,person,0.8028548359870911,1831,436,1906,593,75,157
52,1.758621,3,2,car,0.6866880059242249,1707,383,1919,505,212,122
52,1.758621,7,0,person,0.6679356694221497,1807,422,1852,573,45,151
53,1.793103,1,2,car,0.8708726167678833,1516,393,1816,541,300,148
53,1.793103,2,2,car,0.8483506441116333,838,483,1117,657,279,174
53,1.793103,5,0,person,0.8319915533065796,1542,410,1600,560,58,150
53,1.793103,8,0,person,0.8063747882843018,1821,436,1907,593,86,157
53,1.793103,4,0,person,0.8044503331184387,1447,372,1500,514,53,142
53,1.793103,3,2,car,0.7300217151641846,1706,383,1919,506,213,123
53,1.793103,7,0,person,0.7090640068054199,1805,421,1845,576,40,155
54,1.827586,1,2,car,0.8640249371528625,1516,393,1815,541,299,148
54,1.827586,2,2,car,0.8474301099777222,837,483,1118,657,281,174
54,1.827586,5,0,person,0.8244829177856445,1542,410,1600,559,58,149
54,1.827586,8,0,person,0.8057823777198792,1819,435,1907,593,88,158
54,1.827586,4,0,person,0.7978816628456116,1448,371,1501,515,53,144
54,1.827586,3,2,car,0.7618215084075928,1706,383,1919,513,213,130
54,1.827586,7,0,person,0.7328083515167236,1798,422,1843,573,45,151
55,1.862069,1,2,car,0.8657462000846863,1516,394,1814,541,298,147
55,1.862069,2,2,car,0.8429840207099915,837,483,1118,657,281,174
55,1.862069,8,0,person,0.820355236530304,1816,435,1907,592,91,157
55,1.862069,5,0,person,0.8034469485282898,1541,410,1600,559,59,149
55,1.862069,4,0,person,0.7964675426483154,1450,371,1501,517,51,146
55,1.862069,3,2,car,0.778083860874176,1707,384,1919,513,212,129
55,1.862069,7,0,person,0.756200909614563,1788,419,1841,569,53,150
56,1.896552,1,2,car,0.8627257943153381,1518,394,1813,542,295,148
56,1.896552,8,0,person,0.8508608937263489,1812,435,1907,592,95,157
56,1.896552,2,2,car,0.8440446853637695,837,483,1118,657,281,174
56,1.896552,4,0,person,0.8028333187103271,1451,372,1502,516,51,144
56,1.896552,7,0,person,0.8022507429122925,1779,419,1841,568,62,149
56,1.896552,5,0,person,0.7933493852615356,1537,412,1601,559,64,147
56,1.896552,3,2,car,0.7507409453392029,1708,384,1919,514,211,130
57,1.931034,1,2,car,0.8588629364967346,1518,395,1808,542,290,147
57,1.931034,2,2,car,0.8426327705383301,837,483,1118,657,281,174
57,1.931034,8,0,person,0.8422335982322693,1811,436,1907,593,96,157
57,1.931034,4,0,person,0.7965091466903687,1450,372,1504,516,54,144
57,1.931034,7,0,person,0.7778392434120178,1768,421,1840,567,72,146
57,1.931034,5,0,person,0.7635223865509033,1535,413,1600,559,65,146
57,1.931034,3,2,car,0.7400481700897217,1708,384,1919,512,211,128
58,1.965517,1,2,car,0.8601022362709045,1517,394,1807,542,290,148
58,1.965517,2,2,car,0.8364393711090088,838,483,1118,657,280,174
58,1.965517,8,0,person,0.8284887075424194,1811,439,1906,592,95,153
58,1.965517,4,0,person,0.8052022457122803,1450,373,1505,516,55,143
58,1.965517,3,2,car,0.7757448554039001,1708,383,1919,516,211,133
58,1.965517,5,0,person,0.7643377184867859,1538,412,1599,560,61,148
58,1.965517,7,0,person,0.7396537065505981,1763,420,1839,567,76,147
59,2.0,1,2,car,0.8613462448120117,1518,394,1805,541,287,147
59,2.0,2,2,car,0.8405829668045044,837,483,1118,657,281,174
59,2.0,8,0,person,0.829282820224762,1812,439,1904,594,92,155
59,2.0,4,0,person,0.8091763257980347,1449,373,1505,516,56,143
59,2.0,3,2,car,0.8009281158447266,1708,383,1919,518,211,135
59,2.0,7,0,person,0.745058536529541,1761,420,1837,567,76,147
59,2.0,5,0,person,0.7392020225524902,1536,414,1592,559,56,145
60,2.034483,1,2,car,0.8577637672424316,1518,394,1798,541,280,147
60,2.034483,2,2,car,0.8411431312561035,837,483,1118,657,281,174
60,2.034483,3,2,car,0.819226086139679,1706,383,1919,519,213,136
60,2.034483,8,0,person,0.8034980297088623,1813,440,1900,594,87,154
60,2.034483,4,0,person,0.8028832674026489,1449,374,1506,516,57,142
60,2.034483,7,0,person,0.7552299499511719,1758,421,1835,574,77,153
60,2.034483,5,0,person,0.7073002457618713,1536,414,1587,559,51,145
61,2.068966,1,2,car,0.8559927344322205,1518,393,1795,541,277,148
61,2.068966,2,2,car,0.8439537286758423,838,483,1117,656,279,173
61,2.068966,3,2,car,0.8283094763755798,1707,382,1919,521,212,139
61,2.068966,4,0,person,0.8088845610618591,1448,374,1506,516,58,142
61,2.068966,8,0,person,0.8028321266174316,1813,439,1895,592,82,153
61,2.068966,7,0,person,0.7785084247589111,1758,423,1834,573,76,150
61,2.068966,5,0,person,0.7450011968612671,1537,413,1583,559,46,146
62,2.103448,1,2,car,0.8475518226623535,1518,393,1792,541,274,148
62,2.103448,2,2,car,0.8470679521560669,837,483,1118,656,281,173
62,2.103448,3,2,car,0.8315689563751221,1707,382,1919,521,212,139
62,2.103448,4,0,person,0.8005371689796448,1448,374,1507,517,59,143
62,2.103448,5,0,person,0.796944260597229,1535,414,1583,560,48,146
62,2.103448,8,0,person,0.7905626893043518,1813,437,1888,592,75,155
62,2.103448,7,0,person,0.771013617515564,1758,426,1832,574,74,148
63,2.137931,2,2,car,0.8488909602165222,837,483,1118,656,281,173
63,2.137931,3,2,car,0.8442237973213196,1707,383,1919,521,212,138
63,2.137931,1,2,car,0.8440947532653809,1518,393,1788,541,270,148
63,2.137931,5,0,person,0.8209599852561951,1534,413,1581,560,47,147
63,2.137931,4,0,person,0.8010556101799011,1449,374,1507,517,58,143
63,2.137931,8,0,person,0.7835683226585388,1813,437,1884,592,71,155
63,2.137931,7,0,person,0.7579030394554138,1760,425,1832,574,72,149
64,2.172414,2,2,car,0.8420846462249756,837,482,1118,656,281,174
64,2.172414,1,2,car,0.8324093222618103,1516,393,1784,541,268,148
64,2.172414,3,2,car,0.8284817337989807,1708,383,1919,521,211,138
64,2.172414,5,0,person,0.8015495538711548,1533,413,1579,560,46,147
64,2.172414,4,0,person,0.799515962600708,1449,374,1508,517,59,143
64,2.172414,7,0,person,0.7730357050895691,1759,425,1832,571,73,146
64,2.172414,8,0,person,0.7729946970939636,1812,433,1877,590,65,157
65,2.206897,2,2,car,0.8429204821586609,837,482,1117,656,280,174
65,2.206897,1,2,car,0.8408440947532654,1515,393,1779,541,264,148
65,2.206897,3,2,car,0.8073253631591797,1708,383,1919,521,211,138
65,2.206897,5,0,person,0.7952357530593872,1532,415,1578,562,46,147
65,2.206897,4,0,person,0.7928371429443359,1451,375,1509,518,58,143
65,2.206897,8,0,person,0.7549483180046082,1812,434,1871,592,59,158
65,2.206897,7,0,person,0.7505400776863098,1759,423,1830,573,71,150
66,2.241379,2,2,car,0.8447695374488831,837,483,1118,656,281,173
66,2.241379,1,2,car,0.8317060470581055,1517,393,1777,541,260,148
66,2.241379,3,2,car,0.7966537475585938,1708,381,1918,521,210,140
66,2.241379,5,0,person,0.7939562201499939,1529,415,1578,563,49,148
66,2.241379,4,0,person,0.7898107171058655,1451,375,1508,519,57,144
66,2.241379,8,0,person,0.7457987070083618,1813,433,1864,593,51,160
66,2.241379,7,0,person,0.7457777261734009,1758,423,1828,575,70,152
67,2.275862,2,2,car,0.8548315167427063,837,482,1118,656,281,174
67,2.275862,1,2,car,0.8115187287330627,1517,393,1777,541,260,148
67,2.275862,3,2,car,0.7981792688369751,1707,381,1917,519,210,138
67,2.275862,4,0,person,0.7934281229972839,1453,375,1508,519,55,144
67,2.275862,5,0,person,0.7753487229347229,1528,414,1577,564,49,150
67,2.275862,8,0,person,0.7613349556922913,1812,433,1858,592,46,159
67,2.275862,7,0,person,0.7434235215187073,1759,421,1822,570,63,149
68,2.310345,2,2,car,0.8439205884933472,837,482,1118,656,281,174
68,2.310345,3,2,car,0.8251235485076904,1707,382,1917,519,210,137
68,2.310345,4,0,person,0.7904605269432068,1453,375,1508,521,55,146
68,2.310345,1,2,car,0.7781615257263184,1518,393,1777,541,259,148
68,2.310345,7,0,person,0.761616587638855,1757,424,1819,571,62,147
68,2.310345,5,0,person,0.7363156080245972,1529,414,1577,562,48,148
68,2.310345,8,0,person,0.6935209631919861,1809,433,1851,593,42,160
69,2.344828,3,2,car,0.860896110534668,1706,382,1920,518,214,136
69,2.344828,2,2,car,0.8549654483795166,837,482,1118,655,281,173
69,2.344828,4,0,person,0.7861053347587585,1453,375,1507,521,54,146
69,2.344828,1,2,car,0.7774897813796997,1518,393,1775,541,257,148
69,2.344828,5,0,person,0.734987199306488,1530,414,1576,561,46,147
69,2.344828,8,0,person,0.7089400291442871,1804,434,1850,594,46,160
69,2.344828,7,0,person,0.6849309802055359,1757,422,1807,569,50,147
70,2.37931,2,2,car,0.8592380881309509,837,481,1118,655,281,174
70,2.37931,3,2,car,0.8544200658798218,1705,381,1917,518,212,137
70,2.37931,4,0,person,0.7915499210357666,1454,376,1507,522,53,146
70,2.37931,1,2,car,0.78009432554245,1518,393,1773,541,255,148
70,2.37931,8,0,person,0.7321051955223083,1797,434,1848,595,51,161
70,2.37931,5,0,person,0.7311252951622009,1529,415,1576,563,47,148
70,2.37931,7,0,person,0.687931478023529,1758,422,1806,571,48,149
70,2.37931,9,0,person,0.6203190088272095,1881,469,1919,616,38,147
71,2.413793,2,2,car,0.8562411069869995,837,481,1118,655,281,174
71,2.413793,3,2,car,0.8427194356918335,1706,380,1919,519,213,139
71,2.413793,4,0,person,0.789563775062561,1454,376,1506,522,52,146
71,2.413793,8,0,person,0.7700443863868713,1792,436,1846,595,54,159
71,2.413793,7,0,person,0.7463342547416687,1755,422,1798,570,43,148
71,2.413793,1,2,car,0.7260006666183472,1524,393,1776,541,252,148
71,2.413793,5,0,person,0.7116097807884216,1528,413,1576,563,48,150
71,2.413793,9,0,person,0.6707057952880859,1880,457,1919,617,39,160
72,2.448276,2,2,car,0.8571768403053284,837,482,1118,655,281,173
72,2.448276,3,2,car,0.8431259393692017,1705,381,1920,518,215,137
72,2.448276,8,0,person,0.809167742729187,1781,433,1845,595,64,162
72,2.448276,4,0,person,0.7919706702232361,1453,377,1506,523,53,146
72,2.448276,1,2,car,0.7496414184570312,1518,394,1775,541,257,147
72,2.448276,7,0,person,0.7472771406173706,1754,422,1794,568,40,146
72,2.448276,5,0,person,0.7185430526733398,1524,414,1577,562,53,148
72,2.448276,9,0,person,0.710058331489563,1879,458,1919,616,40,158
73,2.482759,2,2,car,0.8714596033096313,837,481,1118,655,281,174
73,2.482759,3,2,car,0.8159492611885071,1707,382,1919,517,212,135
73,2.482759,8,0,person,0.8155277967453003,1776,435,1844,592,68,157
73,2.482759,4,0,person,0.8050883412361145,1453,376,1505,525,52,149
73,2.482759,1,2,car,0.7560964822769165,1519,392,1771,540,252,148
73,2.482759,7,0,person,0.740761399269104,1749,421,1792,570,43,149
73,2.482759,5,0,person,0.7296887040138245,1521,415,1577,565,56,150
73,2.482759,9,0,person,0.7141948342323303,1879,458,1919,616,40,158
74,2.517241,2,2,car,0.8626381158828735,837,481,1118,655,281,174
74,2.517241,8,0,person,0.8219459652900696,1767,436,1844,593,77,157
74,2.517241,4,0,person,0.8049227595329285,1453,377,1505,525,52,148
74,2.517241,3,2,car,0.7629482746124268,1705,383,1918,518,213,135
74,2.517241,1,2,car,0.7547281980514526,1519,393,1771,541,252,148
74,2.517241,5,0,person,0.7314313650131226,1519,417,1577,564,58,147
74,2.517241,7,0,person,0.7305065989494324,1741,422,1788,571,47,149
74,2.517241,9,0,person,0.7294015288352966,1879,458,1919,616,40,158
75,2.551724,2,2,car,0.8589557409286499,837,481,1118,655,281,174
75,2.551724,8,0,person,0.8113651871681213,1765,435,1843,594,78,159
75,2.551724,4,0,person,0.8025912046432495,1453,378,1505,525,52,147
75,2.551724,3,2,car,0.7633073925971985,1705,383,1919,519,214,136
75,2.551724,9,0,person,0.7610095143318176,1879,456,1919,617,40,161
75,2.551724,1,2,car,0.7554145455360413,1516,394,1767,541,251,147
75,2.551724,5,0,person,0.739565908908844,1516,416,1576,565,60,149
75,2.551724,7,0,person,0.7267442941665649,1736,422,1787,572,51,150
76,2.586207,2,2,car,0.8669282793998718,837,481,1118,655,281,174
76,2.586207,8,0,person,0.8185412287712097,1763,434,1844,594,81,160
76,2.586207,4,0,person,0.8032214641571045,1453,378,1505,525,52,147
76,2.586207,1,2,car,0.7922587394714355,1515,394,1759,541,244,147
76,2.586207,3,2,car,0.7565476298332214,1706,383,1918,518,212,135
76,2.586207,9,0,person,0.7550778388977051,1879,457,1919,616,40,159
76,2.586207,5,0,person,0.7466669678688049,1517,417,1576,567,59,150
76,2.586207,7,0,person,0.7298622727394104,1727,423,1784,572,57,149
77,2.62069,2,2,car,0.8469029664993286,837,481,1117,656,280,175
77,2.62069,8,0,person,0.8163052797317505,1761,438,1843,596,82,158
77,2.62069,4,0,person,0.7954742908477783,1452,379,1505,525,53,146
77,2.62069,1,2,car,0.769852340221405,1520,394,1755,541,235,147
77,2.62069,9,0,person,0.7634066343307495,1878,459,1919,617,41,158
77,2.62069,3,2,car,0.7612621784210205,1704,383,1918,519,214,136
77,2.62069,5,0,person,0.7440415024757385,1513,417,1573,566,60,149
77,2.62069,7,0,person,0.74164217710495,1724,425,1783,573,59,148
78,2.655172,2,2,car,0.8520177602767944,837,481,1117,656,280,175
78,2.655172,8,0,person,0.8099212050437927,1759,440,1843,597,84,157
78,2.655172,4,0,person,0.7896618843078613,1451,379,1504,525,53,146
78,2.655172,7,0,person,0.773114800453186,1719,428,1783,572,64,144
78,2.655172,1,2,car,0.7714438438415527,1519,394,1752,541,233,147
78,2.655172,9,0,person,0.7694492340087891,1877,460,1919,617,42,157
78,2.655172,5,0,person,0.7435673475265503,1512,417,1574,566,62,149
78,2.655172,3,2,car,0.7360155582427979,1704,383,1918,518,214,135
78,2.655172,10,2,car,0.382951945066452,1843,361,1919,419,76,58
79,2.689655,2,2,car,0.8547965884208679,837,481,1118,656,281,175
79,2.689655,7,0,person,0.7977365851402283,1715,429,1781,572,66,143
79,2.689655,8,0,person,0.7967215776443481,1760,442,1843,596,83,154
79,2.689655,4,0,person,0.7950150966644287,1451,380,1505,525,54,145
79,2.689655,1,2,car,0.7731789350509644,1515,393,1752,540,237,147
79,2.689655,9,0,person,0.767602801322937,1875,461,1919,617,44,156
79,2.689655,3,2,car,0.7479881048202515,1705,383,1918,517,213,134
79,2.689655,5,0,person,0.7188507914543152,1512,418,1572,560,60,142
79,2.689655,10,2,car,0.36217352747917175,1843,361,1919,415,76,54
80,2.724138,2,2,car,0.8475074172019958,837,483,1118,656,281,173
80,2.724138,7,0,person,0.8260602355003357,1710,433,1779,572,69,139
80,2.724138,8,0,person,0.8104440569877625,1757,443,1837,595,80,152
80,2.724138,4,0,person,0.7975419163703918,1450,380,1504,525,54,145
80,2.724138,9,0,person,0.7898675203323364,1872,461,1919,618,47,157
80,2.724138,1,2,car,0.7810021042823792,1517,393,1749,541,232,148
80,2.724138,3,2,car,0.7706990838050842,1705,383,1918,517,213,134
80,2.724138,5,0,person,0.7506627440452576,1509,418,1571,561,62,143
80,2.724138,10,2,car,0.3351616859436035,1842,361,1919,421,77,60
81,2.758621,2,2,car,0.8467613458633423,837,482,1117,656,280,174
81,2.758621,8,0,person,0.8174076080322266,1757,442,1831,596,74,154
81,2.758621,7,0,person,0.8141716718673706,1708,431,1777,573,69,142
81,2.758621,9,0,person,0.8044740557670593,1868,460,1918,618,50,158
81,2.758621,4,0,person,0.7927484512329102,1450,380,1505,525,55,145
81,2.758621,3,2,car,0.7754128575325012,1703,383,1919,518,216,135
81,2.758621,1,2,car,0.7732225656509399,1521,395,1745,542,224,147
81,2.758621,5,0,person,0.7399742007255554,1510,419,1563,561,53,142
81,2.758621,10,2,car,0.3351672291755676,1842,361,1919,421,77,60
82,2.793103,2,2,car,0.8485639691352844,837,482,1118,656,281,174
82,2.793103,8,0,person,0.8179333209991455,1757,443,1825,596,68,153
82,2.793103,4,0,person,0.8017836809158325,1450,381,1504,524,54,143
82,2.793103,9,0,person,0.7977047562599182,1864,459,1915,620,51,161
82,2.793103,7,0,person,0.7959527373313904,1707,431,1776,573,69,142
82,2.793103,3,2,car,0.7503818273544312,1714,385,1920,519,206,134
82,2.793103,5,0,person,0.7326018810272217,1510,421,1562,563,52,142
82,2.793103,1,2,car,0.6050595641136169,1522,394,1744,542,222,148
82,2.793103,10,2,car,0.35548093914985657,1844,362,1919,423,75,61
83,2.827586,2,2,car,0.8353820443153381,837,483,1118,657,281,174
83,2.827586,9,0,person,0.8126829862594604,1856,459,1908,619,52,160
83,2.827586,8,0,person,0.8052323460578918,1757,440,1820,597,63,157
83,2.827586,4,0,person,0.802024781703949,1449,382,1504,525,55,143
83,2.827586,7,0,person,0.7825568318367004,1707,432,1773,573,66,141
83,2.827586,5,0,person,0.7388177514076233,1511,422,1559,563,48,141
83,2.827586,3,2,car,0.7288812398910522,1703,383,1918,518,215,135
83,2.827586,1,2,car,0.5042456388473511,1523,394,1839,545,316,151
83,2.827586,10,2,car,0.372559130191803,1845,363,1919,426,74,63
84,2.862069,2,2,car,0.8377172350883484,837,483,1118,657,281,174
84,2.862069,9,0,person,0.8177945613861084,1847,458,1907,618,60,160
84,2.862069,4,0,person,0.7996477484703064,1449,382,1504,525,55,143
84,2.862069,8,0,person,0.7740781307220459,1758,440,1814,595,56,155
84,2.862069,3,2,car,0.7569501399993896,1703,383,1918,517,215,134
84,2.862069,5,0,person,0.7544041872024536,1509,422,1558,570,49,148
84,2.862069,7,0,person,0.7539370059967041,1706,430,1771,572,65,142
84,2.862069,1,2,car,0.4831975996494293,1524,394,1838,546,314,152
84,2.862069,10,2,car,0.3631182909011841,1844,363,1919,424,75,61
85,2.896552,2,2,car,0.8256561756134033,837,483,1118,657,281,174
85,2.896552,9,0,person,0.8065728545188904,1836,460,1905,619,69,159
85,2.896552,4,0,person,0.7902509570121765,1448,383,1502,526,54,143
85,2.896552,3,2,car,0.7801357507705688,1706,383,1919,519,213,136
85,2.896552,5,0,person,0.7800112366676331,1507,423,1556,571,49,148
85,2.896552,7,0,person,0.7269182801246643,1707,428,1763,575,56,147
85,2.896552,8,0,person,0.6939985752105713,1757,440,1808,596,51,156
85,2.896552,1,2,car,0.47354504466056824,1524,395,1837,548,313,153
85,2.896552,10,2,car,0.3707205057144165,1846,363,1919,426,73,63
86,2.931034,9,0,person,0.834971010684967,1828,461,1905,619,77,158
86,2.931034,2,2,car,0.8247652053833008,837,483,1118,657,281,174
86,2.931034,4,0,person,0.8054342269897461,1448,384,1501,526,53,142
86,2.931034,5,0,person,0.790798544883728,1508,423,1554,570,46,147
86,2.931034,3,2,car,0.765638530254364,1706,382,1919,516,213,134
86,2.931034,8,0,person,0.7314126491546631,1755,436,1800,596,45,160
86,2.931034,7,0,person,0.6888303756713867,1707,427,1757,574,50,147
86,2.931034,1,2,car,0.6105405688285828,1523,395,1837,546,314,151
86,2.931034,10,2,car,0.32297250628471375,1845,363,1919,424,74,61
87,2.965517,9,0,person,0.8457831740379333,1819,462,1906,620,87,158
87,2.965517,2,2,car,0.8352856040000916,837,483,1118,658,281,175
87,2.965517,4,0,person,0.8022013902664185,1448,383,1500,527,52,144
87,2.965517,5,0,person,0.7911359071731567,1507,423,1552,569,45,146
87,2.965517,8,0,person,0.777192234992981,1752,436,1797,596,45,160
87,2.965517,3,2,car,0.765423059463501,1706,382,1919,514,213,132
87,2.965517,7,0,person,0.6961746215820312,1707,423,1752,576,45,153
87,2.965517,1,2,car,0.6490246057510376,1524,395,1841,543,317,148
87,2.965517,10,2,car,0.3705812394618988,1843,371,1919,412,76,41
88,3.0,2,2,car,0.8322497606277466,838,483,1118,658,280,175
88,3.0,9,0,person,0.8315591216087341,1818,465,1906,621,88,156
88,3.0,4,0,person,0.7844245433807373,1448,384,1499,529,51,145
88,3.0,8,0,person,0.7839978337287903,1751,436,1796,597,45,161
88,3.0,3,2,car,0.7699582576751709,1706,383,1920,514,214,131
88,3.0,5,0,person,0.7635700702667236,1508,422,1551,570,43,148
88,3.0,7,0,person,0.7267423868179321,1708,427,1750,576,42,149
88,3.0,1,2,car,0.6824964284896851,1522,395,1841,543,319,148
88,3.0,10,2,car,0.32056182622909546,1843,373,1919,412,76,39
89,3.034483,9,0,person,0.8353015184402466,1815,474,1906,622,91,148
89,3.034483,2,2,car,0.8317291140556335,838,483,1118,658,280,175
89,3.034483,4,0,person,0.7987513542175293,1448,384,1498,529,50,145
89,3.034483,5,0,person,0.7754995226860046,1504,423,1549,572,45,149
89,3.034483,3,2,car,0.738638162612915,1704,383,1918,517,214,134
89,3.034483,8,0,person,0.7323067784309387,1748,438,1794,596,46,158
89,3.034483,7,0,person,0.7137532234191895,1705,426,1748,576,43,150
89,3.034483,1,2,car,0.6593854427337646,1523,393,1843,540,320,147
89,3.034483,10,2,car,0.3458220660686493,1844,371,1919,413,75,42
90,3.068966,9,0,person,0.8273406028747559,1815,482,1905,621,90,139
90,3.068966,2,2,car,0.8208566904067993,838,483,1118,658,280,175
90,3.068966,4,0,person,0.7921521067619324,1448,385,1499,530,51,145
90,3.068966,5,0,person,0.7744596600532532,1504,425,1549,571,45,146
90,3.068966,8,0,person,0.7496160268783569,1739,435,1793,597,54,162
90,3.068966,3,2,car,0.7486716508865356,1704,384,1918,517,214,133
90,3.068966,7,0,person,0.7218297719955444,1703,425,1745,577,42,152
90,3.068966,1,2,car,0.6614752411842346,1522,393,1843,538,321,145
91,3.103448,9,0,person,0.832787036895752,1811,481,1905,621,94,140
91,3.103448,2,2,car,0.8203023672103882,838,483,1118,658,280,175
91,3.103448,8,0,person,0.7971663475036621,1729,435,1791,598,62,163
91,3.103448,4,0,person,0.7954788208007812,1448,386,1499,531,51,145
91,3.103448,7,0,person,0.7605900764465332,1697,426,1740,576,43,150
91,3.103448,5,0,person,0.7601253390312195,1501,427,1548,571,47,144
91,3.103448,3,2,car,0.7519956827163696,1704,385,1918,517,214,132
91,3.103448,1,2,car,0.6725980639457703,1524,393,1851,534,327,141
92,3.137931,9,0,person,0.8281351327896118,1812,475,1904,621,92,146
92,3.137931,2,2,car,0.8239840269088745,838,483,1118,658,280,175
92,3.137931,4,0,person,0.8010050654411316,1448,387,1500,532,52,145
92,3.137931,8,0,person,0.7845812439918518,1719,439,1789,597,70,158
92,3.137931,5,0,person,0.7770110368728638,1496,430,1547,571,51,141
92,3.137931,3,2,car,0.7347506284713745,1701,384,1918,520,217,136
92,3.137931,7,0,person,0.6994045972824097,1691,424,1739,577,48,153
92,3.137931,1,2,car,0.5300744771957397,1525,392,1870,534,345,142
93,3.172414,9,0,person,0.8266555070877075,1811,476,1902,621,91,145
93,3.172414,2,2,car,0.8243148326873779,838,484,1118,658,280,174
93,3.172414,4,0,person,0.8017632365226746,1448,387,1500,532,52,145
93,3.172414,5,0,person,0.7859139442443848,1492,429,1546,573,54,144
93,3.172414,8,0,person,0.7786502838134766,1710,437,1788,598,78,161
93,3.172414,3,2,car,0.7544663548469543,1702,385,1918,521,216,136
93,3.172414,1,2,car,0.6915839910507202,1526,394,1844,538,318,144
93,3.172414,7,0,person,0.6778943538665771,1685,426,1737,577,52,151
93,3.172414,10,2,car,0.3386441767215729,1845,372,1919,411,74,39
94,3.206897,2,2,car,0.8210528492927551,838,484,1118,658,280,174
94,3.206897,4,0,person,0.8138004541397095,1448,389,1500,533,52,144
94,3.206897,9,0,person,0.8021541237831116,1811,473,1900,621,89,148
94,3.206897,8,0,person,0.796903133392334,1707,437,1788,599,81,162
94,3.206897,5,0,person,0.7893689274787903,1492,429,1546,574,54,145
94,3.206897,3,2,car,0.7793949842453003,1701,384,1918,523,217,139
94,3.206897,7,0,person,0.742296040058136,1675,427,1734,573,59,146
94,3.206897,1,2,car,0.6765007376670837,1524,394,1842,535,318,141
94,3.206897,10,2,car,0.30624979734420776,1846,373,1918,410,72,37
95,3.241379,2,2,car,0.8297207355499268,838,484,1119,658,281,174
95,3.241379,4,0,person,0.8085418343544006,1448,387,1502,533,54,146
95,3.241379,8,0,person,0.8078615665435791,1701,441,1788,598,87,157
95,3.241379,9,0,person,0.8061828017234802,1809,472,1894,621,85,149
95,3.241379,5,0,person,0.7955912947654724,1487,428,1545,575,58,147
95,3.241379,7,0,person,0.7807881832122803,1664,424,1732,573,68,149
95,3.241379,3,2,car,0.7665778994560242,1701,384,1918,524,217,140
95,3.241379,1,2,car,0.7108335494995117,1524,394,1842,541,318,147
95,3.241379,10,2,car,0.35398390889167786,1844,371,1919,412,75,41
96,3.275862,2,2,car,0.8256009817123413,838,484,1119,658,281,174
96,3.275862,8,0,person,0.8227005004882812,1696,438,1789,598,93,160
96,3.275862,4,0,person,0.807818591594696,1448,387,1501,534,53,147
96,3.275862,5,0,person,0.8056978583335876,1490,425,1546,575,56,150
96,3.275862,9,0,person,0.8001995086669922,1810,471,1889,622,79,151
96,3.275862,1,2,car,0.777510941028595,1521,395,1836,542,315,147
96,3.275862,7,0,person,0.7700411677360535,1660,426,1732,572,72,146
96,3.275862,3,2,car,0.7555032968521118,1700,384,1918,524,218,140
96,3.275862,10,2,car,0.37290966510772705,1844,370,1919,413,75,43
97,3.310345,2,2,car,0.8191409707069397,838,483,1119,658,281,175
97,3.310345,4,0,person,0.8174682259559631,1449,387,1501,534,52,147
97,3.310345,8,0,person,0.8169689178466797,1697,442,1788,598,91,156
97,3.310345,1,2,car,0.8109580278396606,1523,394,1833,539,310,145
97,3.310345,9,0,person,0.8096200823783875,1810,472,1885,622,75,150
97,3.310345,5,0,person,0.8040009140968323,1490,425,1547,574,57,149
97,3.310345,7,0,person,0.7748001217842102,1652,428,1731,572,79,144
97,3.310345,3,2,car,0.759262204170227,1701,384,1918,524,217,140
97,3.310345,10,2,car,0.3902888298034668,1844,369,1919,413,75,44
98,3.344828,1,2,car,0.8323074579238892,1522,395,1829,537,307,142
98,3.344828,2,2,car,0.8179430365562439,837,483,1119,658,282,175
98,3.344828,4,0,person,0.8144826292991638,1449,388,1502,533,53,145
98,3.344828,8,0,person,0.8119414448738098,1695,440,1788,598,93,158
98,3.344828,9,0,person,0.8035174608230591,1811,471,1878,622,67,151
98,3.344828,5,0,person,0.7937545776367188,1489,424,1545,574,56,150
98,3.344828,7,0,person,0.7853867411613464,1650,430,1730,572,80,142
98,3.344828,3,2,car,0.7497310638427734,1702,383,1918,523,216,140
98,3.344828,10,2,car,0.40315166115760803,1843,370,1919,414,76,44
99,3.37931,1,2,car,0.8400468826293945,1523,395,1826,535,303,140
99,3.37931,8,0,person,0.8221558928489685,1695,443,1785,598,90,155
99,3.37931,2,2,car,0.8121904730796814,838,483,1118,658,280,175
99,3.37931,4,0,person,0.7986561059951782,1449,388,1502,533,53,145
99,3.37931,7,0,person,0.7942425608634949,1649,429,1728,573,79,144
99,3.37931,5,0,person,0.7926439642906189,1487,426,1543,574,56,148
99,3.37931,9,0,person,0.774104654788971,1812,472,1872,622,60,150
99,3.37931,3,2,car,0.7487615942955017,1702,384,1918,523,216,139
99,3.37931,10,2,car,0.3684631884098053,1844,372,1919,413,75,41
100,3.413793,1,2,car,0.8374624252319336,1523,394,1825,537,302,143
100,3.413793,8,0,person,0.8288497924804688,1694,442,1784,598,90,156
100,3.413793,2,2,car,0.8159098029136658,837,483,1118,658,281,175
100,3.413793,4,0,person,0.8136528730392456,1451,386,1503,533,52,147
100,3.413793,7,0,person,0.8072773814201355,1648,432,1724,573,76,141
100,3.413793,5,0,person,0.7942715287208557,1487,426,1542,575,55,149
100,3.413793,9,0,person,0.7747683525085449,1811,472,1864,622,53,150
100,3.413793,3,2,car,0.7544780373573303,1700,383,1918,522,218,139
100,3.413793,10,2,car,0.3957098424434662,1844,371,1919,413,75,42
101,3.448276,1,2,car,0.824217677116394,1521,393,1822,540,301,147
101,3.448276,2,2,car,0.8186548352241516,837,483,1118,658,281,175
101,3.448276,8,0,person,0.8038946986198425,1695,441,1780,598,85,157
101,3.448276,4,0,person,0.8008496165275574,1448,387,1502,533,54,146
101,3.448276,5,0,person,0.78143310546875,1486,428,1540,576,54,148
101,3.448276,7,0,person,0.7785736322402954,1647,430,1722,573,75,143
101,3.448276,9,0,person,0.776564359664917,1810,471,1856,623,46,152
101,3.448276,3,2,car,0.7071966528892517,1705,384,1918,523,213,139
101,3.448276,10,2,car,0.38297200202941895,1843,370,1919,413,76,43
102,3.482759,2,2,car,0.8287659883499146,836,483,1118,658,282,175
102,3.482759,1,2,car,0.8246345520019531,1521,393,1819,541,298,148
102,3.482759,8,0,person,0.7911728024482727,1695,441,1777,598,82,157
102,3.482759,5,0,person,0.7889764308929443,1484,427,1540,577,56,150
102,3.482759,4,0,person,0.7831578254699707,1448,387,1504,533,56,146
102,3.482759,7,0,person,0.7708207368850708,1646,428,1721,573,75,145
102,3.482759,9,0,person,0.7571927905082703,1809,472,1854,623,45,151
102,3.482759,3,2,car,0.7122513651847839,1705,383,1918,523,213,140
102,3.482759,10,2,car,0.38954880833625793,1841,370,1919,413,78,43
103,3.517241,2,2,car,0.8260424137115479,837,483,1118,658,281,175
103,3.517241,1,2,car,0.8110080361366272,1519,393,1816,540,297,147
103,3.517241,8,0,person,0.7882376313209534,1695,442,1773,598,78,156
103,3.517241,5,0,person,0.7803238034248352,1482,429,1540,578,58,149
103,3.517241,4,0,person,0.7777955532073975,1448,387,1507,532,59,145
103,3.517241,7,0,person,0.7679697871208191,1647,427,1718,573,71,146
103,3.517241,3,2,car,0.7638563513755798,1703,383,1917,524,214,141
103,3.517241,9,0,person,0.7319988012313843,1806,473,1851,624,45,151
104,3.551724,2,2,car,0.8328942656517029,837,483,1119,658,282,175
104,3.551724,1,2,car,0.8078375458717346,1520,393,1815,538,295,145
104,3.551724,8,0,person,0.7907218337059021,1695,442,1768,598,73,156
104,3.551724,3,2,car,0.789044201374054,1702,383,1915,522,213,139
104,3.551724,7,0,person,0.7761155962944031,1646,425,1716,573,70,148
104,3.551724,4,0,person,0.770864725112915,1447,387,1506,533,59,146
104,3.551724,9,0,person,0.7502004504203796,1797,472,1849,623,52,151
104,3.551724,5,0,person,0.7129714488983154,1481,429,1533,577,52,148
105,3.586207,2,2,car,0.8295709490776062,837,483,1119,658,282,175
105,3.586207,1,2,car,0.8135449886322021,1519,393,1811,534,292,141
105,3.586207,7,0,person,0.7951920628547668,1646,426,1713,574,67,148
105,3.586207,9,0,person,0.7854098677635193,1791,473,1847,625,56,152
105,3.586207,3,2,car,0.7752656936645508,1702,383,1915,523,213,140
105,3.586207,8,0,person,0.763471245765686,1695,438,1762,597,67,159
105,3.586207,5,0,person,0.7625829577445984,1476,430,1525,576,49,146
105,3.586207,4,0,person,0.7457178831100464,1447,389,1502,533,55,144
106,3.62069,1,2,car,0.8357565402984619,1518,392,1812,533,294,141
106,3.62069,2,2,car,0.8353430032730103,837,483,1118,657,281,174
106,3.62069,9,0,person,0.8150808811187744,1783,468,1844,625,61,157
106,3.62069,3,2,car,0.8105424642562866,1703,382,1914,522,211,140
106,3.62069,4,0,person,0.7669796943664551,1447,388,1509,527,62,139
106,3.62069,5,0,person,0.7629246115684509,1474,431,1523,573,49,142
106,3.62069,7,0,person,0.7556496858596802,1647,425,1711,574,64,149
106,3.62069,8,0,person,0.7478625774383545,1694,435,1757,597,63,162
107,3.655172,2,2,car,0.835577666759491,837,483,1118,657,281,174
107,3.655172,1,2,car,0.8259781002998352,1517,394,1815,530,298,136
107,3.655172,9,0,person,0.8203303813934326,1775,467,1843,623,68,156
107,3.655172,3,2,car,0.81453937292099,1703,382,1913,522,210,140
107,3.655172,8,0,person,0.7744207978248596,1694,435,1752,597,58,162
107,3.655172,4,0,person,0.7606521844863892,1447,389,1505,526,58,137
107,3.655172,7,0,person,0.7379412651062012,1645,423,1707,575,62,152
107,3.655172,5,0,person,0.7298657298088074,1473,432,1518,574,45,142
108,3.689655,2,2,car,0.8323590159416199,837,483,1117,657,280,174
108,3.689655,9,0,person,0.831820547580719,1774,465,1842,624,68,159
108,3.689655,1,2,car,0.8254913687705994,1519,392,1808,531,289,139
108,3.689655,3,2,car,0.8070759177207947,1704,383,1911,521,207,138
108,3.689655,8,0,person,0.758108913898468,1694,437,1744,598,50,161
108,3.689655,5,0,person,0.7569050788879395,1469,431,1516,579,47,148
108,3.689655,4,0,person,0.737516462802887,1447,389,1505,528,58,139
108,3.689655,7,0,person,0.716248631477356,1646,427,1696,574,50,147
109,3.724138,2,2,car,0.8354347944259644,837,483,1117,657,280,174
109,3.724138,1,2,car,0.8051812648773193,1520,392,1807,533,287,141
109,3.724138,3,2,car,0.8006856441497803,1703,382,1908,520,205,138
109,3.724138,9,0,person,0.7974931001663208,1769,466,1841,625,72,159
109,3.724138,5,0,person,0.7556402087211609,1470,430,1514,580,44,150
109,3.724138,8,0,person,0.7380994558334351,1692,437,1740,600,48,163
109,3.724138,4,0,person,0.7274988889694214,1447,390,1502,528,55,138
109,3.724138,7,0,person,0.7239973545074463,1645,428,1687,574,42,146
110,3.758621,2,2,car,0.8240405917167664,837,483,1117,658,280,175
110,3.758621,9,0,person,0.813967764377594,1767,466,1840,626,73,160
110,3.758621,3,2,car,0.803923487663269,1703,383,1911,521,208,138
110,3.758621,1,2,car,0.7829921245574951,1518,394,1806,542,288,148
110,3.758621,5,0,person,0.7617136836051941,1464,431,1512,581,48,150
110,3.758621,7,0,person,0.7316135764122009,1644,424,1685,575,41,151
110,3.758621,4,0,person,0.7298141717910767,1446,391,1497,535,51,144
110,3.758621,8,0,person,0.7155754566192627,1688,436,1737,602,49,166
110,3.758621,11,0,person,0.5245665311813354,1885,406,1919,551,34,145
111,3.793103,2,2,car,0.8185637593269348,837,483,1118,658,281,175
111,3.793103,3,2,car,0.8070836663246155,1703,384,1914,521,211,137
111,3.793103,9,0,person,0.8057841658592224,1767,467,1840,624,73,157
111,3.793103,1,2,car,0.7768105268478394,1518,394,1806,546,288,152
111,3.793103,5,0,person,0.7450041174888611,1462,428,1511,579,49,151
111,3.793103,8,0,person,0.7342861294746399,1686,437,1736,602,50,165
111,3.793103,7,0,person,0.7212681174278259,1643,427,1684,576,41,149
111,3.793103,4,0,person,0.7187175750732422,1445,392,1496,536,51,144
111,3.793103,11,0,person,0.5582096576690674,1883,407,1919,553,36,146
112,3.827586,3,2,car,0.8169359564781189,1703,383,1915,520,212,137
112,3.827586,2,2,car,0.8155534863471985,837,483,1119,658,282,175
112,3.827586,9,0,person,0.7852193117141724,1767,465,1840,626,73,161
112,3.827586,1,2,car,0.7578736543655396,1518,394,1808,547,290,153
112,3.827586,5,0,person,0.7454425096511841,1452,429,1511,580,59,151
112,3.827586,8,0,person,0.7361302375793457,1681,440,1735,604,54,164
112,3.827586,7,0,person,0.7299746870994568,1635,425,1682,574,47,149
112,3.827586,4,0,person,0.6778995990753174,1444,391,1494,536,50,145
112,3.827586,11,0,person,0.6628369688987732,1880,414,1919,551,39,137
112,3.827586,10,2,car,0.3477432131767273,1846,364,1919,426,73,62
113,3.862069,2,2,car,0.8197652101516724,838,483,1118,658,280,175
113,3.862069,3,2,car,0.812102735042572,1703,383,1916,519,213,136
113,3.862069,9,0,person,0.7928032875061035,1767,464,1839,627,72,163
113,3.862069,7,0,person,0.7654380798339844,1625,427,1681,575,56,148
113,3.862069,5,0,person,0.7608115673065186,1448,431,1509,580,61,149
113,3.862069,1,2,car,0.7567425966262817,1518,394,1816,544,298,150
113,3.862069,8,0,person,0.7368100881576538,1677,439,1731,604,54,165
113,3.862069,4,0,person,0.7028781175613403,1441,392,1492,538,51,146
113,3.862069,11,0,person,0.6954010725021362,1878,415,1919,552,41,137
113,3.862069,10,2,car,0.36983010172843933,1846,365,1919,425,73,60
114,3.896552,2,2,car,0.8295620083808899,837,483,1119,658,282,175
114,3.896552,3,2,car,0.8016639351844788,1704,384,1911,519,207,135
114,3.896552,5,0,person,0.792048990726471,1446,435,1509,579,63,144
114,3.896552,7,0,person,0.7905148267745972,1617,431,1678,577,61,146
114,3.896552,9,0,person,0.782282829284668,1767,467,1839,627,72,160
114,3.896552,1,2,car,0.7788606286048889,1517,397,1836,538,319,141
114,3.896552,8,0,person,0.7191122770309448,1667,442,1732,604,65,162
114,3.896552,11,0,person,0.7129917144775391,1874,415,1919,552,45,137
114,3.896552,4,0,person,0.6359712481498718,1441,391,1493,538,52,147
114,3.896552,10,2,car,0.40875789523124695,1848,365,1919,424,71,59
115,3.931034,2,2,car,0.8368698954582214,837,483,1119,658,282,175
115,3.931034,1,2,car,0.8089712262153625,1517,397,1839,538,322,141
115,3.931034,3,2,car,0.7984675765037537,1704,383,1912,519,208,136
115,3.931034,8,0,person,0.7971976399421692,1661,440,1729,603,68,163
115,3.931034,5,0,person,0.7897700667381287,1443,436,1509,579,66,143
115,3.931034,9,0,person,0.7835179567337036,1767,467,1836,628,69,161
115,3.931034,7,0,person,0.7748932838439941,1610,432,1678,578,68,146
115,3.931034,11,0,person,0.662822425365448,1874,413,1919,553,45,140
115,3.931034,4,0,person,0.6259710192680359,1441,393,1491,538,50,145
115,3.931034,10,2,car,0.4136693477630615,1848,366,1919,425,71,59
116,3.965517,1,2,car,0.8318166732788086,1517,397,1839,537,322,140
116,3.965517,2,2,car,0.8123493194580078,838,483,1118,658,280,175
116,3.965517,5,0,person,0.8102380633354187,1442,431,1508,581,66,150
116,3.965517,8,0,person,0.7915019392967224,1656,442,1728,605,72,163
116,3.965517,7,0,person,0.7868232727050781,1605,432,1677,578,72,146
116,3.965517,3,2,car,0.786434531211853,1703,384,1910,519,207,135
116,3.965517,9,0,person,0.7743431329727173,1767,467,1831,628,64,161
116,3.965517,11,0,person,0.6671711802482605,1875,413,1919,562,44,149
116,3.965517,4,0,person,0.544470489025116,1446,394,1491,492,45,98
116,3.965517,10,2,car,0.40216806530952454,1848,367,1919,425,71,58
117,4.0,1,2,car,0.8395337462425232,1517,397,1840,536,323,139
117,4.0,2,2,car,0.8224656581878662,838,483,1118,658,280,175
117,4.0,8,0,person,0.8094637393951416,1652,440,1727,604,75,164
117,4.0,5,0,person,0.8085575103759766,1441,431,1507,581,66,150
117,4.0,7,0,person,0.8046073913574219,1600,433,1676,578,76,145
117,4.0,3,2,car,0.7862802147865295,1704,383,1912,519,208,136
117,4.0,9,0,person,0.7681645154953003,1767,463,1825,627,58,164
117,4.0,11,0,person,0.6743450164794922,1876,414,1919,560,43,146
117,4.0,4,0,person,0.5492404103279114,1445,394,1490,490,45,96
117,4.0,10,2,car,0.42655906081199646,1848,366,1919,425,71,59
118,4.034483,1,2,car,0.8577219247817993,1517,397,1841,538,324,141
118,4.034483,2,2,car,0.8224244713783264,838,483,1118,658,280,175
118,4.034483,7,0,person,0.8151229023933411,1599,433,1675,579,76,146
118,4.034483,5,0,person,0.8105598092079163,1440,433,1506,583,66,150
118,4.034483,8,0,person,0.7882604002952576,1648,443,1725,606,77,163
118,4.034483,3,2,car,0.7685111165046692,1705,383,1916,519,211,136
118,4.034483,9,0,person,0.7483931183815002,1767,466,1819,628,52,162
118,4.034483,11,0,person,0.6408485770225525,1876,413,1919,565,43,152
118,4.034483,4,0,person,0.5664703845977783,1444,396,1488,490,44,94
118,4.034483,10,2,car,0.42815518379211426,1848,367,1919,425,71,58
119,4.068966,1,2,car,0.847934901714325,1517,398,1840,539,323,141
119,4.068966,2,2,car,0.8185620903968811,838,484,1118,658,280,174
119,4.068966,5,0,person,0.8084753751754761,1439,435,1506,584,67,149
119,4.068966,7,0,person,0.8082318305969238,1599,432,1673,579,74,147
119,4.068966,8,0,person,0.7816755175590515,1649,446,1724,607,75,161
119,4.068966,3,2,car,0.7776841521263123,1703,384,1911,519,208,135
119,4.068966,9,0,person,0.7740634083747864,1765,467,1813,628,48,161
119,4.068966,11,0,person,0.5605975389480591,1875,416,1918,558,43,142
119,4.068966,4,0,person,0.5233113765716553,1441,397,1487,527,46,130
119,4.068966,10,2,car,0.35832345485687256,1848,370,1919,428,71,58
120,4.103448,1,2,car,0.8485610485076904,1517,397,1841,538,324,141
120,4.103448,2,2,car,0.816185712814331,838,484,1119,658,281,174
120,4.103448,5,0,person,0.8050820231437683,1439,435,1504,584,65,149
120,4.103448,8,0,person,0.7986786961555481,1649,448,1723,608,74,160
120,4.103448,7,0,person,0.7898128032684326,1598,430,1671,580,73,150
120,4.103448,9,0,person,0.7588173747062683,1761,467,1807,628,46,161
120,4.103448,3,2,car,0.7511698603630066,1704,384,1913,519,209,135
120,4.103448,11,0,person,0.5993028283119202,1877,414,1916,564,39,150
120,4.103448,4,0,person,0.5187666416168213,1441,396,1486,513,45,117
120,4.103448,10,2,car,0.3860410153865814,1848,369,1919,427,71,58
121,4.137931,1,2,car,0.8530198931694031,1517,398,1840,539,323,141
121,4.137931,2,2,car,0.8395383954048157,838,484,1119,658,281,174
121,4.137931,8,0,person,0.8111066818237305,1649,449,1720,609,71,160
121,4.137931,7,0,person,0.8010817766189575,1598,429,1668,579,70,150
121,4.137931,5,0,person,0.7865477204322815,1439,436,1503,584,64,148
121,4.137931,9,0,person,0.7672169804573059,1757,465,1804,629,47,164
121,4.137931,3,2,car,0.7151728868484497,1705,383,1913,519,208,136
121,4.137931,11,0,person,0.639939546585083,1875,417,1912,555,37,138
121,4.137931,4,0,person,0.5184721350669861,1438,397,1485,537,47,140
121,4.137931,10,2,car,0.3262234330177307,1849,370,1919,426,70,56
122,4.172414,1,2,car,0.8589180707931519,1518,397,1840,538,322,141
122,4.172414,2,2,car,0.8450333476066589,838,484,1119,659,281,175
122,4.172414,7,0,person,0.8207181096076965,1598,430,1665,579,67,149
122,4.172414,5,0,person,0.7876183390617371,1438,435,1496,584,58,149
122,4.172414,8,0,person,0.7772324681282043,1647,451,1718,608,71,157
122,4.172414,9,0,person,0.7684239745140076,1753,467,1801,629,48,162
122,4.172414,3,2,car,0.7199252843856812,1706,383,1917,519,211,136
122,4.172414,11,0,person,0.651727020740509,1874,416,1910,560,36,144
122,4.172414,4,0,person,0.485613614320755,1437,397,1485,510,48,113
123,4.206897,1,2,car,0.8523544073104858,1519,396,1839,539,320,143
123,4.206897,2,2,car,0.8374416828155518,839,484,1119,658,280,174
123,4.206897,7,0,person,0.8040499687194824,1598,429,1664,579,66,150
123,4.206897,8,0,person,0.784693717956543,1648,449,1715,608,67,159
123,4.206897,9,0,person,0.7612454891204834,1748,467,1797,627,49,160
123,4.206897,5,0,person,0.7560928463935852,1437,436,1492,584,55,148
123,4.206897,3,2,car,0.7147299647331238,1705,383,1915,518,210,135
123,4.206897,11,0,person,0.6394205689430237,1873,417,1908,559,35,142
123,4.206897,4,0,person,0.5037044882774353,1436,397,1485,485,49,88
123,4.206897,12,0,person,0.3958114683628082,1889,423,1919,577,30,154
123,4.206897,10,2,car,0.278724730014801,1849,368,1919,427,70,59
124,4.241379,1,2,car,0.8528326749801636,1519,396,1840,541,321,145
124,4.241379,2,2,car,0.8379231691360474,839,484,1119,659,280,175
124,4.241379,7,0,person,0.7830661535263062,1598,428,1663,579,65,151
124,4.241379,9,0,person,0.7754226922988892,1739,468,1797,628,58,160
124,4.241379,8,0,person,0.7687633633613586,1647,449,1709,607,62,158
124,4.241379,5,0,person,0.7419622540473938,1437,436,1487,583,50,147
124,4.241379,3,2,car,0.7187494039535522,1705,383,1916,518,211,135
124,4.241379,4,0,person,0.6762850880622864,1433,397,1484,485,51,88
124,4.241379,11,0,person,0.6489923000335693,1872,419,1906,553,34,134
124,4.241379,12,0,person,0.4663088023662567,1888,423,1919,576,31,153
125,4.275862,1,2,car,0.8681542277336121,1519,398,1841,540,322,142
125,4.275862,2,2,car,0.8385056257247925,838,484,1118,658,280,174
125,4.275862,9,0,person,0.8036345839500427,1731,471,1796,629,65,158
125,4.275862,7,0,person,0.7648146152496338,1598,428,1657,578,59,150
125,4.275862,8,0,person,0.7514813542366028,1647,447,1702,607,55,160
125,4.275862,3,2,car,0.7142828702926636,1704,382,1916,518,212,136
125,4.275862,5,0,person,0.7119408249855042,1437,436,1484,582,47,146
125,4.275862,11,0,person,0.6243483424186707,1863,419,1905,552,42,133
125,4.275862,12,0,person,0.596232533454895,1888,425,1919,575,31,150
125,4.275862,4,0,person,0.5734803676605225,1429,396,1484,481,55,85
126,4.310345,1,2,car,0.8863485455513,1519,398,1841,540,322,142
126,4.310345,2,2,car,0.8405348658561707,839,484,1119,658,280,174
126,4.310345,9,0,person,0.8142971992492676,1722,472,1796,629,74,157
126,4.310345,7,0,person,0.7521045207977295,1599,430,1652,578,53,148
126,4.310345,8,0,person,0.7430780529975891,1645,446,1698,607,53,161
126,4.310345,3,2,car,0.7036169171333313,1704,382,1916,516,212,134
126,4.310345,5,0,person,0.6589491963386536,1435,436,1482,582,47,146
126,4.310345,11,0,person,0.655189573764801,1861,419,1902,552,41,133
126,4.310345,12,0,person,0.6334275007247925,1888,425,1919,575,31,150
126,4.310345,4,0,person,0.48859843611717224,1425,396,1484,477,59,81
127,4.344828,1,2,car,0.8926303386688232,1519,399,1841,542,322,143
127,4.344828,2,2,car,0.8383432030677795,839,484,1119,659,280,175
127,4.344828,9,0,person,0.8335094451904297,1714,471,1796,630,82,159
127,4.344828,7,0,person,0.7386799454689026,1598,431,1641,579,43,148
127,4.344828,8,0,person,0.7380436062812805,1645,450,1695,608,50,158
127,4.344828,3,2,car,0.7078245878219604,1713,384,1918,514,205,130
127,4.344828,5,0,person,0.6900871396064758,1430,441,1479,584,49,143
127,4.344828,12,0,person,0.6464148759841919,1887,427,1919,575,32,148
127,4.344828,4,0,person,0.6309937238693237,1423,397,1482,481,59,84
127,4.344828,11,0,person,0.6233950257301331,1860,419,1902,553,42,134
128,4.37931,1,2,car,0.9045066237449646,1519,398,1840,542,321,144
128,4.37931,9,0,person,0.8514748811721802,1711,469,1795,630,84,161
128,4.37931,2,2,car,0.8178610801696777,838,484,1118,659,280,175
128,4.37931,7,0,person,0.7557185292243958,1595,429,1635,579,40,150
128,4.37931,3,2,car,0.7514563798904419,1713,384,1918,513,205,129
128,4.37931,5,0,person,0.7337965965270996,1427,439,1476,584,49,145
128,4.37931,8,0,person,0.7236033082008362,1642,446,1690,608,48,162
128,4.37931,12,0,person,0.6649253964424133,1887,429,1919,575,32,146
128,4.37931,4,0,person,0.6396479606628418,1421,397,1481,483,60,86
128,4.37931,11,0,person,0.6182783842086792,1851,418,1901,559,50,141
129,4.413793,1,2,car,0.8967909812927246,1518,398,1840,543,322,145
129,4.413793,9,0,person,0.8472972512245178,1710,469,1795,631,85,162
129,4.413793,2,2,car,0.8249468207359314,839,484,1119,658,280,174
129,4.413793,7,0,person,0.7668190598487854,1592,427,1632,578,40,151
129,4.413793,3,2,car,0.7558035850524902,1711,384,1917,512,206,128
129,4.413793,5,0,person,0.7125759720802307,1423,440,1473,584,50,144
129,4.413793,8,0,person,0.6949881315231323,1638,447,1686,609,48,162
129,4.413793,4,0,person,0.6649461388587952,1421,397,1480,484,59,87
129,4.413793,12,0,person,0.6614512801170349,1883,429,1919,574,36,145
129,4.413793,11,0,person,0.6284893155097961,1850,418,1898,555,48,137
130,4.448276,1,2,car,0.8914008736610413,1518,398,1840,543,322,145
130,4.448276,9,0,person,0.8467254638671875,1710,471,1795,631,85,160
130,4.448276,2,2,car,0.8259710073471069,839,484,1119,658,280,174
130,4.448276,7,0,person,0.7967036366462708,1589,427,1631,578,42,151
130,4.448276,3,2,car,0.7339309453964233,1711,384,1917,513,206,129
130,4.448276,5,0,person,0.7283356189727783,1417,440,1470,586,53,146
130,4.448276,8,0,person,0.7006250023841858,1635,447,1680,608,45,161
130,4.448276,4,0,person,0.6542856693267822,1419,398,1480,487,61,89
130,4.448276,11,0,person,0.6440856456756592,1844,419,1897,555,53,136
130,4.448276,12,0,person,0.5887593626976013,1882,430,1919,574,37,144
131,4.482759,1,2,car,0.8872337341308594,1517,397,1839,541,322,144
131,4.482759,9,0,person,0.8367422819137573,1710,471,1795,631,85,160
131,4.482759,2,2,car,0.8341182470321655,840,484,1119,658,279,174
131,4.482759,7,0,person,0.7598035335540771,1577,428,1629,578,52,150
131,4.482759,5,0,person,0.7371435165405273,1409,441,1468,586,59,145
131,4.482759,3,2,car,0.7251245379447937,1709,384,1916,515,207,131
131,4.482759,8,0,person,0.6932538151741028,1630,446,1680,608,50,162
131,4.482759,11,0,person,0.6186141967773438,1841,420,1897,554,56,134
131,4.482759,4,0,person,0.6123067140579224,1419,398,1478,485,59,87
131,4.482759,12,0,person,0.5520859956741333,1882,429,1919,574,37,145
132,4.517241,1,2,car,0.8752912878990173,1517,397,1839,541,322,144
132,4.517241,9,0,person,0.8475874066352844,1709,470,1794,631,85,161
132,4.517241,2,2,car,0.8304870128631592,840,484,1119,658,279,174
132,4.517241,7,0,person,0.7697820067405701,1570,427,1626,578,56,151
132,4.517241,5,0,person,0.7484036684036255,1404,438,1466,586,62,148
132,4.517241,3,2,car,0.6916655898094177,1710,384,1916,517,206,133
132,4.517241,8,0,person,0.6709668636322021,1622,440,1678,608,56,168
132,4.517241,4,0,person,0.644990861415863,1421,398,1478,485,57,87
132,4.517241,12,0,person,0.5752547979354858,1877,431,1919,575,42,144
132,4.517241,11,0,person,0.5684942007064819,1837,421,1895,556,58,135
133,4.551724,1,2,car,0.8697840571403503,1517,396,1839,542,322,146
133,4.551724,9,0,person,0.847295343875885,1709,472,1794,631,85,159
133,4.551724,2,2,car,0.8369801044464111,840,484,1119,658,279,174
133,4.551724,5,0,person,0.7798057794570923,1399,440,1466,586,67,146
133,4.551724,7,0,person,0.7705885767936707,1561,429,1625,578,64,149
133,4.551724,8,0,person,0.7120006084442139,1614,438,1676,608,62,170
133,4.551724,3,2,car,0.6500176787376404,1705,382,1920,512,215,130
133,4.551724,12,0,person,0.6386953592300415,1875,430,1919,576,44,146
133,4.551724,4,0,person,0.635367751121521,1422,398,1478,492,56,94
133,4.551724,11,0,person,0.5485032200813293,1836,420,1890,556,54,136
134,4.586207,1,2,car,0.8699424266815186,1518,397,1839,541,321,144
134,4.586207,9,0,person,0.8472833037376404,1708,470,1792,630,84,160
134,4.586207,2,2,car,0.8273871541023254,839,483,1119,658,280,175
134,4.586207,5,0,person,0.8027342557907104,1398,437,1466,586,68,149
134,4.586207,8,0,person,0.7513073086738586,1601,439,1676,606,75,167
134,4.586207,7,0,person,0.7343246340751648,1553,431,1624,579,71,148
134,4.586207,3,2,car,0.6704439520835876,1705,383,1919,510,214,127
134,4.586207,12,0,person,0.663438618183136,1868,427,1919,576,51,149
134,4.586207,4,0,person,0.6454750299453735,1421,398,1475,485,54,87
134,4.586207,11,0,person,0.5293441414833069,1836,419,1888,557,52,138
135,4.62069,1,2,car,0.8815786838531494,1518,397,1839,541,321,144
135,4.62069,9,0,person,0.8415991067886353,1709,468,1789,631,80,163
135,4.62069,2,2,car,0.8270619511604309,839,483,1120,658,281,175
135,4.62069,5,0,person,0.7992103695869446,1398,437,1466,587,68,150
135,4.62069,8,0,person,0.7609713673591614,1599,443,1676,607,77,164
135,4.62069,7,0,person,0.740864098072052,1548,432,1625,580,77,148
135,4.62069,12,0,person,0.710668683052063,1861,431,1918,575,57,144
135,4.62069,3,2,car,0.6701214909553528,1705,383,1920,510,215,127
135,4.62069,4,0,person,0.6049836874008179,1421,398,1474,485,53,87
135,4.62069,11,0,person,0.4996013343334198,1836,420,1886,562,50,142
136,4.655172,1,2,car,0.8733000159263611,1518,397,1839,541,321,144
136,4.655172,9,0,person,0.843920111656189,1709,468,1786,632,77,164
136,4.655172,2,2,car,0.8301601409912109,839,483,1119,658,280,175
136,4.655172,5,0,person,0.7830922603607178,1399,443,1465,588,66,145
136,4.655172,8,0,person,0.7674027681350708,1590,444,1676,609,86,165
136,4.655172,12,0,person,0.7655065655708313,1857,432,1919,576,62,144
136,4.655172,7,0,person,0.7417938113212585,1546,432,1623,582,77,150
136,4.655172,3,2,car,0.6198610663414001,1706,383,1919,507,213,124
136,4.655172,11,0,person,0.5139252543449402,1834,421,1884,564,50,143
136,4.655172,4,0,person,0.464202344417572,1421,398,1473,497,52,99
137,4.689655,1,2,car,0.8846353888511658,1518,396,1839,541,321,145
137,4.689655,2,2,car,0.8228623867034912,838,483,1119,657,281,174
137,4.689655,9,0,person,0.8124602437019348,1708,468,1781,631,73,163
137,4.689655,8,0,person,0.802771270275116,1588,443,1676,606,88,163
137,4.689655,5,0,person,0.7814205288887024,1396,443,1464,589,68,146
137,4.689655,12,0,person,0.7716035842895508,1844,432,1917,578,73,146
137,4.689655,7,0,person,0.7327582836151123,1543,433,1623,580,80,147
137,4.689655,3,2,car,0.6575558185577393,1706,383,1919,499,213,116
137,4.689655,11,0,person,0.49332395195961,1832,423,1883,569,51,146
137,4.689655,4,0,person,0.4184151589870453,1420,399,1471,522,51,123
138,4.724138,1,2,car,0.8865074515342712,1518,396,1839,541,321,145
138,4.724138,2,2,car,0.8449627757072449,839,483,1118,657,279,174
138,4.724138,8,0,person,0.8066423535346985,1587,441,1676,606,89,165
138,4.724138,5,0,person,0.8058844208717346,1397,439,1463,589,66,150
138,4.724138,9,0,person,0.8014136552810669,1708,468,1776,630,68,162
138,4.724138,12,0,person,0.757755696773529,1844,432,1916,579,72,147
138,4.724138,7,0,person,0.7505470514297485,1544,432,1620,580,76,148
138,4.724138,3,2,car,0.657534122467041,1707,384,1919,490,212,106
138,4.724138,4,0,person,0.6130887269973755,1419,399,1470,545,51,146
138,4.724138,11,0,person,0.45539480447769165,1834,422,1880,570,46,148
139,4.758621,1,2,car,0.882660984992981,1518,396,1838,542,320,146
139,4.758621,2,2,car,0.8426307439804077,839,483,1119,657,280,174
139,4.758621,8,0,person,0.8196995258331299,1585,438,1676,606,91,168
139,4.758621,5,0,person,0.8130024671554565,1397,439,1463,589,66,150
139,4.758621,9,0,person,0.769396960735321,1708,466,1770,630,62,164
139,4.758621,7,0,person,0.763581395149231,1544,431,1617,579,73,148
139,4.758621,12,0,person,0.7627875208854675,1844,432,1916,577,72,145
139,4.758621,4,0,person,0.695817232131958,1418,399,1469,545,51,146
139,4.758621,3,2,car,0.6870743632316589,1707,384,1919,486,212,102
139,4.758621,11,0,person,0.4396204948425293,1833,415,1878,565,45,150
140,4.793103,1,2,car,0.8840929269790649,1517,397,1837,543,320,146
140,4.793103,8,0,person,0.8364419937133789,1583,438,1675,606,92,168
140,4.793103,2,2,car,0.8360783457756042,838,483,1119,657,281,174
140,4.793103,5,0,person,0.7824465036392212,1396,440,1459,588,63,148
140,4.793103,7,0,person,0.7638904452323914,1543,433,1614,579,71,146
140,4.793103,12,0,person,0.7551388740539551,1841,433,1917,577,76,144
140,4.793103,9,0,person,0.7347756028175354,1708,467,1763,631,55,164
140,4.793103,4,0,person,0.7068454623222351,1416,399,1468,546,52,147
140,4.793103,3,2,car,0.6691682934761047,1706,384,1920,486,214,102
140,4.793103,11,0,person,0.5033159255981445,1832,417,1874,563,42,146
141,4.827586,1,2,car,0.8640468120574951,1517,396,1836,542,319,146
141,4.827586,2,2,car,0.8548979759216309,839,483,1119,657,280,174
141,4.827586,8,0,person,0.8094403147697449,1581,446,1674,606,93,160
141,4.827586,5,0,person,0.782371461391449,1396,440,1458,589,62,149
141,4.827586,9,0,person,0.7675378322601318,1707,468,1755,634,48,166
141,4.827586,7,0,person,0.7641834020614624,1542,434,1611,579,69,145
141,4.827586,12,0,person,0.7605985403060913,1841,433,1916,579,75,146
141,4.827586,4,0,person,0.6955699324607849,1414,400,1468,551,54,151
141,4.827586,3,2,car,0.6877539157867432,1705,385,1919,484,214,99
141,4.827586,11,0,person,0.531143307685852,1833,417,1872,560,39,143
142,4.862069,1,2,car,0.8582991361618042,1518,396,1836,542,318,146
142,4.862069,2,2,car,0.8549090027809143,839,483,1119,658,280,175
142,4.862069,8,0,person,0.8004026412963867,1581,444,1670,606,89,162
142,4.862069,7,0,person,0.7688471078872681,1543,440,1610,579,67,139
142,4.862069,5,0,person,0.7641937136650085,1397,440,1459,589,62,149
142,4.862069,9,0,person,0.7624909281730652,1706,467,1749,633,43,166
142,4.862069,12,0,person,0.7454398274421692,1841,431,1915,579,74,148
142,4.862069,4,0,person,0.7087367177009583,1415,401,1467,553,52,152
142,4.862069,3,2,car,0.6781173348426819,1706,385,1919,485,213,100
142,4.862069,11,0,person,0.5290067791938782,1833,415,1870,559,37,144
143,4.896552,1,2,car,0.868938148021698,1518,396,1835,544,317,148
143,4.896552,2,2,car,0.8529369235038757,839,483,1119,657,280,174
143,4.896552,8,0,person,0.7939706444740295,1581,438,1668,607,87,169
143,4.896552,9,0,person,0.777359127998352,1703,467,1746,635,43,168
143,4.896552,7,0,person,0.7646064758300781,1543,431,1606,579,63,148
143,4.896552,5,0,person,0.6966281533241272,1396,439,1452,589,56,150
143,4.896552,4,0,person,0.682883620262146,1416,401,1465,552,49,151
143,4.896552,3,2,car,0.6706095337867737,1706,385,1919,487,213,102
143,4.896552,12,0,person,0.663054347038269,1841,426,1912,579,71,153
143,4.896552,11,0,person,0.46320733428001404,1832,414,1867,568,35,154
144,4.931034,1,2,car,0.8698554039001465,1517,396,1834,543,317,147
144,4.931034,2,2,car,0.8512428998947144,839,483,1119,658,280,175
144,4.931034,8,0,person,0.8156835436820984,1582,445,1665,606,83,161
144,4.931034,9,0,person,0.7906424403190613,1702,468,1745,637,43,169
144,4.931034,7,0,person,0.7795887589454651,1543,433,1603,580,60,147
144,4.931034,4,0,person,0.7459469437599182,1421,401,1464,552,43,151
144,4.931034,5,0,person,0.744233250617981,1394,439,1442,589,48,150
144,4.931034,3,2,car,0.6783533692359924,1706,385,1919,498,213,113
144,4.931034,12,0,person,0.6008898019790649,1842,423,1910,576,68,153
145,4.965517,1,2,car,0.8841251134872437,1517,395,1835,542,318,147
145,4.965517,2,2,car,0.8544292449951172,839,483,1119,657,280,174
145,4.965517,9,0,person,0.8005048036575317,1689,468,1743,636,54,168
145,4.965517,8,0,person,0.7949150204658508,1581,444,1659,607,78,163
145,4.965517,7,0,person,0.7490850687026978,1542,435,1601,580,59,145
145,4.965517,5,0,person,0.7459955215454102,1392,440,1440,589,48,149
145,4.965517,4,0,person,0.7345331311225891,1419,401,1464,553,45,152
145,4.965517,3,2,car,0.6891089081764221,1706,385,1919,502,213,117
145,4.965517,12,0,person,0.5975682139396667,1840,430,1905,576,65,146
145,4.965517,13,0,person,0.5141637325286865,1880,503,1919,637,39,134
146,5.0,1,2,car,0.8656324744224548,1517,396,1831,542,314,146
146,5.0,2,2,car,0.8451829552650452,839,483,1119,658,280,175
146,5.0,8,0,person,0.8034511804580688,1582,444,1653,607,71,163
146,5.0,9,0,person,0.7914056181907654,1681,470,1741,635,60,165
146,5.0,5,0,person,0.7720209360122681,1391,440,1437,589,46,149
146,5.0,4,0,person,0.7373557090759277,1416,402,1462,550,46,148
146,5.0,3,2,car,0.7062316536903381,1705,385,1919,498,214,113
146,5.0,7,0,person,0.7021995186805725,1541,432,1590,579,49,147
146,5.0,13,0,person,0.642577052116394,1874,506,1919,637,45,131
146,5.0,12,0,person,0.5940240025520325,1840,429,1902,577,62,148
147,5.034483,1,2,car,0.8808685541152954,1517,396,1830,541,313,145
147,5.034483,2,2,car,0.8483628630638123,840,483,1119,658,279,175
147,5.034483,8,0,person,0.80662602186203,1583,446,1649,606,66,160
147,5.034483,9,0,person,0.7912748456001282,1672,470,1741,637,69,167
147,5.034483,5,0,person,0.7598891854286194,1388,440,1435,590,47,150
147,5.034483,4,0,person,0.7142295837402344,1415,403,1462,551,47,148
147,5.034483,3,2,car,0.7129172086715698,1706,385,1920,502,214,117
147,5.034483,7,0,person,0.6771342754364014,1542,437,1583,578,41,141
147,5.034483,13,0,person,0.6621584296226501,1871,510,1919,635,48,125
147,5.034483,12,0,person,0.605555534362793,1840,431,1896,577,56,146
148,5.068966,1,2,car,0.8805195689201355,1517,396,1831,539,314,143
148,5.068966,2,2,car,0.8471943736076355,840,483,1119,658,279,175
148,5.068966,9,0,person,0.8081487417221069,1668,471,1740,635,72,164
148,5.068966,5,0,person,0.7790245413780212,1387,440,1434,591,47,151
148,5.068966,8,0,person,0.7689938545227051,1583,449,1645,608,62,159
148,5.068966,3,2,car,0.7464780807495117,1706,385,1920,512,214,127
148,5.068966,4,0,person,0.7157246470451355,1417,402,1461,551,44,149
148,5.068966,7,0,person,0.7112401127815247,1539,436,1580,580,41,144
148,5.068966,13,0,person,0.6717921495437622,1869,502,1919,636,50,134
148,5.068966,12,0,person,0.6023752689361572,1838,434,1892,577,54,143
149,5.103448,1,2,car,0.8937496542930603,1517,396,1827,538,310,142
149,5.103448,2,2,car,0.8480168581008911,840,483,1119,658,279,175
149,5.103448,9,0,person,0.8259633183479309,1664,472,1740,635,76,163
149,5.103448,5,0,person,0.7394604682922363,1382,439,1430,593,48,154
149,5.103448,4,0,person,0.7357660531997681,1416,402,1459,551,43,149
149,5.103448,3,2,car,0.7277392745018005,1705,385,1920,515,215,130
149,5.103448,8,0,person,0.7161206007003784,1582,448,1636,606,54,158
149,5.103448,7,0,person,0.6653248071670532,1536,438,1580,583,44,145
149,5.103448,13,0,person,0.6328367590904236,1869,494,1919,635,50,141
149,5.103448,12,0,person,0.6195966601371765,1836,432,1887,578,51,146
150,5.137931,1,2,car,0.8747133612632751,1518,396,1827,539,309,143
150,5.137931,9,0,person,0.8345720767974854,1662,473,1738,636,76,163
150,5.137931,2,2,car,0.8242198824882507,840,483,1120,658,280,175
150,5.137931,5,0,person,0.7470609545707703,1378,439,1431,595,53,156
150,5.137931,4,0,person,0.7292272448539734,1415,403,1458,551,43,148
150,5.137931,3,2,car,0.724570631980896,1705,385,1920,508,215,123
150,5.137931,8,0,person,0.7045342922210693,1582,451,1629,607,47,156
150,5.137931,7,0,person,0.6788321137428284,1531,435,1575,584,44,149
150,5.137931,13,0,person,0.6418453454971313,1869,477,1919,636,50,159
150,5.137931,12,0,person,0.6072551608085632,1826,428,1885,577,59,149
151,5.172414,1,2,car,0.8624747395515442,1519,396,1827,540,308,144
151,5.172414,9,0,person,0.8421038389205933,1660,478,1738,635,78,157
151,5.172414,2,2,car,0.8285922408103943,840,483,1120,658,280,175
151,5.172414,5,0,person,0.7461883425712585,1377,441,1429,596,52,155
151,5.172414,4,0,person,0.7289330363273621,1415,403,1456,550,41,147
151,5.172414,8,0,person,0.711463987827301,1582,452,1627,609,45,157
151,5.172414,7,0,person,0.7081333994865417,1525,437,1573,583,48,146
151,5.172414,3,2,car,0.7021449208259583,1705,385,1920,504,215,119
151,5.172414,13,0,person,0.697650134563446,1867,475,1919,638,52,163
151,5.172414,12,0,person,0.5071477890014648,1819,428,1884,576,65,148
152,5.206897,1,2,car,0.8521584868431091,1520,396,1826,539,306,143
152,5.206897,9,0,person,0.8276316523551941,1657,480,1737,635,80,155
152,5.206897,2,2,car,0.8254802823066711,840,484,1120,658,280,174
152,5.206897,5,0,person,0.7497429251670837,1369,440,1430,595,61,155
152,5.206897,7,0,person,0.7427698373794556,1516,435,1573,582,57,147
152,5.206897,4,0,person,0.7271608710289001,1413,405,1456,551,43,146
152,5.206897,8,0,person,0.7111759185791016,1578,453,1624,610,46,157
152,5.206897,3,2,car,0.6728513240814209,1705,386,1919,508,214,122
152,5.206897,13,0,person,0.564320981502533,1868,478,1919,637,51,159
152,5.206897,12,0,person,0.5534934997558594,1834,432,1880,580,46,148
153,5.241379,1,2,car,0.8427010178565979,1518,396,1825,538,307,142
153,5.241379,2,2,car,0.8349802494049072,840,484,1120,658,280,174
153,5.241379,9,0,person,0.8245426416397095,1657,479,1736,636,79,157
153,5.241379,7,0,person,0.756690263748169,1510,437,1572,583,62,146
153,5.241379,5,0,person,0.7535005211830139,1370,445,1423,597,53,152
153,5.241379,4,0,person,0.7359458208084106,1412,405,1454,552,42,147
153,5.241379,8,0,person,0.7329486608505249,1573,451,1620,611,47,160
153,5.241379,3,2,car,0.6778106689453125,1705,385,1920,508,215,123
153,5.241379,13,0,person,0.5097169876098633,1871,481,1919,636,48,155
153,5.241379,12,0,person,0.48307234048843384,1816,431,1880,579,64,148
154,5.275862,9,0,person,0.8400731682777405,1656,478,1733,637,77,159
154,5.275862,1,2,car,0.8354222774505615,1518,396,1823,539,305,143
154,5.275862,2,2,car,0.8278621435165405,840,484,1120,658,280,174
154,5.275862,5,0,person,0.7592687606811523,1365,444,1423,597,58,153
154,5.275862,8,0,person,0.7584726810455322,1567,450,1620,612,53,162
154,5.275862,7,0,person,0.7573549151420593,1506,439,1571,583,65,144
154,5.275862,4,0,person,0.7370295524597168,1410,407,1453,553,43,146
154,5.275862,3,2,car,0.6729553937911987,1705,385,1919,499,214,114
154,5.275862,13,0,person,0.5299514532089233,1877,507,1919,665,42,158
154,5.275862,12,0,person,0.5280534625053406,1830,432,1880,582,50,150
155,5.310345,1,2,car,0.8502199053764343,1517,397,1822,539,305,142
155,5.310345,9,0,person,0.8430773615837097,1657,477,1730,637,73,160
155,5.310345,2,2,car,0.8278299570083618,839,484,1119,658,280,174
155,5.310345,7,0,person,0.7829762101173401,1500,439,1569,586,69,147
155,5.310345,8,0,person,0.7666563391685486,1560,451,1617,612,57,161
155,5.310345,5,0,person,0.7513920664787292,1365,446,1420,599,55,153
155,5.310345,4,0,person,0.745759129524231,1408,405,1452,554,44,149
155,5.310345,3,2,car,0.6518015265464783,1704,386,1919,508,215,122
155,5.310345,12,0,person,0.6068354845046997,1820,427,1878,581,58,154
155,5.310345,13,0,person,0.5506779551506042,1869,487,1919,665,50,178
156,5.344828,1,2,car,0.8473333120346069,1519,397,1820,540,301,143
156,5.344828,2,2,car,0.8314938545227051,840,484,1120,658,280,174
156,5.344828,9,0,person,0.8286776542663574,1657,479,1727,637,70,158
156,5.344828,7,0,person,0.7867307066917419,1499,439,1569,588,70,149
156,5.344828,5,0,person,0.7598839402198792,1365,445,1420,600,55,155
156,5.344828,8,0,person,0.7520202398300171,1553,452,1616,611,63,159
156,5.344828,4,0,person,0.7324533462524414,1409,408,1451,553,42,145
156,5.344828,3,2,car,0.6983065605163574,1706,386,1919,499,213,113
156,5.344828,13,0,person,0.6144283413887024,1863,484,1919,662,56,178
156,5.344828,12,0,person,0.5532012581825256,1813,428,1878,581,65,153
157,5.37931,1,2,car,0.8432136178016663,1523,397,1819,540,296,143
157,5.37931,2,2,car,0.8306516408920288,840,484,1120,658,280,174
157,5.37931,9,0,person,0.8155484199523926,1657,478,1722,637,65,159
157,5.37931,7,0,person,0.8022488951683044,1497,438,1568,589,71,151
157,5.37931,8,0,person,0.7670219540596008,1549,452,1616,610,67,158
157,5.37931,4,0,person,0.7285106778144836,1406,408,1449,553,43,145
157,5.37931,5,0,person,0.7273027896881104,1364,447,1420,602,56,155
157,5.37931,3,2,car,0.696291983127594,1706,385,1919,494,213,109
157,5.37931,13,0,person,0.6667774319648743,1860,503,1919,663,59,160
157,5.37931,12,0,person,0.5678282380104065,1809,426,1872,582,63,156
158,5.413793,1,2,car,0.8419159650802612,1524,397,1818,540,294,143
158,5.413793,2,2,car,0.8316991925239563,839,484,1120,658,281,174
158,5.413793,8,0,person,0.7996717691421509,1548,453,1616,610,68,157
158,5.413793,7,0,person,0.7968966960906982,1495,437,1567,589,72,152
158,5.413793,9,0,person,0.777381420135498,1657,477,1715,638,58,161
158,5.413793,4,0,person,0.7475175261497498,1401,408,1449,554,48,146
158,5.413793,5,0,person,0.7135195136070251,1364,448,1420,603,56,155
158,5.413793,3,2,car,0.7041235566139221,1706,384,1918,491,212,107
158,5.413793,13,0,person,0.6868186593055725,1859,480,1919,663,60,183
158,5.413793,12,0,person,0.6619513034820557,1806,431,1869,582,63,151
159,5.448276,2,2,car,0.8277620673179626,839,484,1120,658,281,174
159,5.448276,1,2,car,0.8232743144035339,1525,397,1817,541,292,144
159,5.448276,8,0,person,0.8210198879241943,1545,454,1616,611,71,157
159,5.448276,7,0,person,0.7878373265266418,1496,438,1563,589,67,151
159,5.448276,9,0,person,0.7621883749961853,1656,476,1710,637,54,161
159,5.448276,4,0,person,0.7491610646247864,1400,407,1448,555,48,148
159,5.448276,13,0,person,0.7216824889183044,1856,488,1919,664,63,176
159,5.448276,3,2,car,0.7077892422676086,1708,385,1918,493,210,108
159,5.448276,12,0,person,0.6787735223770142,1805,432,1866,583,61,151
159,5.448276,5,0,person,0.6718277335166931,1364,447,1418,604,54,157
160,5.482759,8,0,person,0.8361059427261353,1542,456,1616,610,74,154
160,5.482759,2,2,car,0.8326675891876221,839,484,1120,658,281,174
160,5.482759,1,2,car,0.8162420988082886,1525,396,1815,542,290,146
160,5.482759,7,0,person,0.7901244759559631,1496,438,1563,588,67,150
160,5.482759,9,0,person,0.7788623571395874,1654,473,1702,637,48,164
160,5.482759,4,0,person,0.7433800101280212,1397,407,1447,553,50,146
160,5.482759,13,0,person,0.7130253314971924,1856,497,1919,664,63,167
160,5.482759,3,2,car,0.690158486366272,1707,384,1918,497,211,113
160,5.482759,5,0,person,0.6760618686676025,1362,449,1418,603,56,154
160,5.482759,12,0,person,0.5966043472290039,1804,433,1862,582,58,149
161,5.517241,8,0,person,0.8419463634490967,1539,455,1615,612,76,157
161,5.517241,2,2,car,0.8365143537521362,840,484,1120,658,280,174
161,5.517241,1,2,car,0.8336203098297119,1525,395,1815,543,290,148
161,5.517241,9,0,person,0.8091173768043518,1651,471,1699,637,48,166
161,5.517241,7,0,person,0.8007627725601196,1496,439,1560,589,64,150
161,5.517241,4,0,person,0.767291247844696,1394,407,1447,554,53,147
161,5.517241,13,0,person,0.7535001039505005,1855,507,1919,664,64,157
161,5.517241,3,2,car,0.6740396022796631,1706,385,1919,500,213,115
161,5.517241,5,0,person,0.6439545750617981,1360,448,1412,602,52,154
161,5.517241,12,0,person,0.6081768870353699,1801,433,1859,583,58,150
162,5.551724,1,2,car,0.8458275198936462,1525,394,1813,543,288,149
162,5.551724,8,0,person,0.8274140954017639,1538,454,1613,613,75,159
162,5.551724,2,2,car,0.8264453411102295,840,484,1120,658,280,174
162,5.551724,9,0,person,0.8254387378692627,1648,473,1696,638,48,165
162,5.551724,13,0,person,0.7622712850570679,1856,506,1919,665,63,159
162,5.551724,4,0,person,0.7615192532539368,1392,406,1446,553,54,147
162,5.551724,7,0,person,0.748650848865509,1495,437,1554,588,59,151
162,5.551724,3,2,car,0.6748926639556885,1706,384,1919,502,213,118
162,5.551724,5,0,person,0.5719495415687561,1360,448,1409,602,49,154
162,5.551724,14,0,person,0.5605848431587219,1837,487,1893,630,56,143
162,5.551724,12,0,person,0.5440922975540161,1801,432,1854,583,53,151
163,5.586207,1,2,car,0.8553561568260193,1524,394,1812,544,288,150
163,5.586207,2,2,car,0.8383508324623108,840,484,1120,658,280,174
163,5.586207,8,0,person,0.815173864364624,1539,453,1611,614,72,161
163,5.586207,9,0,person,0.8128277063369751,1643,475,1694,639,51,164
163,5.586207,4,0,person,0.7649849057197571,1387,407,1447,552,60,145
163,5.586207,13,0,person,0.7613813877105713,1856,507,1919,664,63,157
163,5.586207,7,0,person,0.7337629199028015,1494,437,1541,589,47,152
163,5.586207,3,2,car,0.6842337250709534,1705,384,1919,497,214,113
163,5.586207,12,0,person,0.579138457775116,1799,430,1851,583,52,153
163,5.586207,5,0,person,0.5665666460990906,1360,449,1406,571,46,122
163,5.586207,14,0,person,0.5202804207801819,1823,482,1888,633,65,151
164,5.62069,1,2,car,0.8555984497070312,1524,394,1811,543,287,149
164,5.62069,2,2,car,0.835104763507843,840,484,1120,658,280,174
164,5.62069,8,0,person,0.7971506118774414,1539,453,1607,614,68,161
164,5.62069,9,0,person,0.7942713499069214,1638,475,1691,638,53,163
164,5.62069,4,0,person,0.7765842080116272,1386,407,1444,552,58,145
164,5.62069,13,0,person,0.748251736164093,1856,499,1919,663,63,164
164,5.62069,7,0,person,0.7258176207542419,1491,437,1539,588,48,151
164,5.62069,3,2,car,0.6894873380661011,1705,384,1919,493,214,109
164,5.62069,5,0,person,0.6253200173377991,1359,448,1404,601,45,153
164,5.62069,12,0,person,0.5956048965454102,1800,431,1849,582,49,151
164,5.62069,14,0,person,0.5155120491981506,1810,475,1895,631,85,156
165,5.655172,1,2,car,0.859119176864624,1524,394,1809,544,285,150
165,5.655172,2,2,car,0.8359152674674988,840,484,1120,658,280,174
165,5.655172,8,0,person,0.7975068688392639,1539,454,1601,614,62,160
165,5.655172,9,0,person,0.7877046465873718,1629,474,1688,638,59,164
165,5.655172,4,0,person,0.7803031802177429,1387,407,1443,551,56,144
165,5.655172,5,0,person,0.7642863392829895,1357,447,1403,602,46,155
165,5.655172,7,0,person,0.7568393349647522,1489,436,1537,588,48,152
165,5.655172,13,0,person,0.7220719456672668,1855,505,1919,663,64,158
165,5.655172,3,2,car,0.6638928651809692,1706,384,1919,489,213,105
165,5.655172,12,0,person,0.5984036326408386,1798,432,1846,584,48,152
165,5.655172,14,0,person,0.3999805450439453,1808,485,1882,630,74,145
166,5.689655,1,2,car,0.8487594723701477,1522,394,1807,544,285,150
166,5.689655,2,2,car,0.8411081433296204,840,484,1120,658,280,174
166,5.689655,4,0,person,0.8159030675888062,1384,407,1442,553,58,146
166,5.689655,9,0,person,0.8102611899375916,1618,474,1686,638,68,164
166,5.689655,7,0,person,0.7698988318443298,1485,436,1534,587,49,151
166,5.689655,8,0,person,0.7675185799598694,1538,451,1595,614,57,163
166,5.689655,5,0,person,0.7447147369384766,1355,446,1399,602,44,156
166,5.689655,13,0,person,0.726166844367981,1855,505,1918,662,63,157
166,5.689655,3,2,car,0.7102788686752319,1706,385,1920,482,214,97
166,5.689655,12,0,person,0.517888069152832,1798,432,1843,584,45,152
166,5.689655,14,0,person,0.3731383979320526,1805,483,1880,631,75,148
167,5.724138,1,2,car,0.852611780166626,1522,394,1803,543,281,149
167,5.724138,2,2,car,0.8390206098556519,840,483,1120,658,280,175
167,5.724138,9,0,person,0.8249012231826782,1610,475,1685,638,75,163
167,5.724138,4,0,person,0.8188498020172119,1382,407,1441,553,59,146
167,5.724138,7,0,person,0.7738763689994812,1484,436,1532,588,48,152
167,5.724138,8,0,person,0.7444477081298828,1537,450,1590,614,53,164
167,5.724138,3,2,car,0.7247515916824341,1707,384,1918,483,211,99
167,5.724138,5,0,person,0.7131655216217041,1353,447,1398,602,45,155
167,5.724138,13,0,person,0.6741803884506226,1854,500,1918,663,64,163
167,5.724138,12,0,person,0.41360607743263245,1797,430,1841,583,44,153
167,5.724138,14,0,person,0.4063248038291931,1802,480,1875,633,73,153
168,5.758621,1,2,car,0.8474569916725159,1522,393,1802,542,280,149
168,5.758621,2,2,car,0.8401804566383362,840,484,1120,658,280,174
168,5.758621,9,0,person,0.83781898021698,1604,481,1684,638,80,157
168,5.758621,4,0,person,0.8209959268569946,1380,407,1438,553,58,146
168,5.758621,7,0,person,0.7733674645423889,1477,436,1528,588,51,152
168,5.758621,8,0,person,0.7474635243415833,1536,452,1586,613,50,161
168,5.758621,5,0,person,0.7220665216445923,1349,447,1395,601,46,154
168,5.758621,3,2,car,0.7194105982780457,1707,384,1918,480,211,96
168,5.758621,13,0,person,0.6816076636314392,1853,502,1915,664,62,162
168,5.758621,14,0,person,0.47833603620529175,1801,479,1871,631,70,152
168,5.758621,12,0,person,0.35670462250709534,1778,426,1840,580,62,154
169,5.793103,9,0,person,0.8473895192146301,1601,484,1684,638,83,154
169,5.793103,2,2,car,0.8442309498786926,840,483,1119,658,279,175
169,5.793103,1,2,car,0.8371205925941467,1520,393,1801,542,281,149
169,5.793103,4,0,person,0.7805457711219788,1379,408,1434,554,55,146
169,5.793103,8,0,person,0.7680553197860718,1533,452,1582,614,49,162
169,5.793103,7,0,person,0.7665915489196777,1467,436,1525,589,58,153
169,5.793103,3,2,car,0.7177143692970276,1708,384,1918,480,210,96
169,5.793103,5,0,person,0.6994978189468384,1345,447,1393,605,48,158
169,5.793103,13,0,person,0.6464423537254333,1851,502,1911,664,60,162
169,5.793103,14,0,person,0.5597481727600098,1800,472,1867,632,67,160
169,5.793103,12,0,person,0.4528127610683441,1771,429,1834,579,63,150
170,5.827586,9,0,person,0.8522752523422241,1599,482,1686,639,87,157
170,5.827586,2,2,car,0.8499662280082703,840,484,1119,657,279,173
170,5.827586,1,2,car,0.8384977579116821,1521,393,1799,542,278,149
170,5.827586,4,0,person,0.782172679901123,1378,407,1431,554,53,147
170,5.827586,5,0,person,0.7758802175521851,1335,449,1392,603,57,154
170,5.827586,8,0,person,0.7745672464370728,1529,452,1579,614,50,162
170,5.827586,7,0,person,0.7728183269500732,1457,438,1523,589,66,151
170,5.827586,3,2,car,0.687470555305481,1708,384,1919,483,211,99
170,5.827586,13,0,person,0.5280455350875854,1847,499,1904,663,57,164
170,5.827586,14,0,person,0.40882059931755066,1800,469,1862,630,62,161
170,5.827586,12,0,person,0.4064193665981293,1767,429,1835,579,68,150
171,5.862069,9,0,person,0.8656370043754578,1598,482,1685,640,87,158
171,5.862069,2,2,car,0.8474723696708679,840,483,1119,657,279,174
171,5.862069,1,2,car,0.8435101509094238,1519,393,1795,542,276,149
171,5.862069,7,0,person,0.8080028295516968,1452,439,1524,589,72,150
171,5.862069,5,0,person,0.7935128211975098,1330,451,1392,603,62,152
171,5.862069,4,0,person,0.7829958200454712,1377,407,1429,556,52,149
171,5.862069,8,0,person,0.7681737542152405,1526,451,1578,614,52,163
171,5.862069,3,2,car,0.7242848873138428,1708,384,1918,486,210,102
171,5.862069,13,0,person,0.5744041204452515,1841,505,1899,664,58,159
171,5.862069,14,0,person,0.42140066623687744,1800,449,1856,630,56,181
172,5.896552,9,0,person,0.8607909083366394,1598,483,1684,638,86,155
172,5.896552,2,2,car,0.8479114174842834,840,484,1119,657,279,173
172,5.896552,1,2,car,0.8434064388275146,1520,393,1790,543,270,150
172,5.896552,7,0,person,0.8170256018638611,1447,439,1524,588,77,149
172,5.896552,5,0,person,0.8068742156028748,1327,451,1391,603,64,152
172,5.896552,4,0,person,0.7801936864852905,1375,408,1430,557,55,149
172,5.896552,8,0,person,0.7419722676277161,1524,452,1575,613,51,161
172,5.896552,3,2,car,0.7225960493087769,1708,384,1918,490,210,106
172,5.896552,13,0,person,0.6989197731018066,1833,502,1897,664,64,162
172,5.896552,14,0,person,0.41257256269454956,1800,456,1852,630,52,174
173,5.931034,9,0,person,0.8689944744110107,1598,482,1683,638,85,156
173,5.931034,2,2,car,0.8487842679023743,840,483,1120,657,280,174
173,5.931034,1,2,car,0.8284654021263123,1519,393,1786,544,267,151
173,5.931034,5,0,person,0.8190550804138184,1326,452,1391,602,65,150
173,5.931034,7,0,person,0.812992513179779,1445,441,1526,589,81,148
173,5.931034,4,0,person,0.7781234979629517,1374,409,1429,555,55,146
173,5.931034,13,0,person,0.7588261365890503,1820,506,1896,664,76,158
173,5.931034,8,0,person,0.735762894153595,1521,452,1574,613,53,161
173,5.931034,3,2,car,0.7129979729652405,1707,385,1920,498,213,113
173,5.931034,14,0,person,0.43608617782592773,1797,451,1847,630,50,179
174,5.965517,9,0,person,0.8582741618156433,1598,482,1683,638,85,156
174,5.965517,2,2,car,0.8442748785018921,840,483,1120,657,280,174
174,5.965517,1,2,car,0.8159989714622498,1518,393,1783,545,265,152
174,5.965517,5,0,person,0.7869940996170044,1326,452,1391,604,65,152
174,5.965517,4,0,person,0.7829065322875977,1374,408,1427,561,53,153
174,5.965517,7,0,person,0.7816489934921265,1441,444,1525,589,84,145
174,5.965517,8,0,person,0.7632102966308594,1511,450,1572,613,61,163
174,5.965517,13,0,person,0.7572906017303467,1811,507,1895,663,84,156
174,5.965517,3,2,car,0.7106567621231079,1708,385,1920,501,212,116
174,5.965517,14,0,person,0.4862949848175049,1800,472,1846,630,46,158
175,6.0,2,2,car,0.8424651026725769,840,483,1120,657,280,174
175,6.0,9,0,person,0.8345292806625366,1597,478,1681,638,84,160
175,6.0,1,2,car,0.8285428881645203,1519,393,1781,543,262,150
175,6.0,5,0,person,0.8139232397079468,1327,453,1388,606,61,153
175,6.0,7,0,person,0.7998749613761902,1443,444,1518,590,75,146
175,6.0,4,0,person,0.788956880569458,1373,409,1426,557,53,148
175,6.0,8,0,person,0.7634451389312744,1503,450,1570,613,67,163
175,6.0,13,0,person,0.7575937509536743,1808,504,1890,663,82,159
175,6.0,3,2,car,0.7233890295028687,1707,384,1919,508,212,124
175,6.0,14,0,person,0.5037462115287781,1800,478,1842,629,42,151
175,6.0,12,0,person,0.3129464089870453,1758,432,1819,579,61,147
176,6.034483,1,2,car,0.844224214553833,1519,393,1778,543,259,150
176,6.034483,2,2,car,0.8405131697654724,840,483,1120,657,280,174
176,6.034483,9,0,person,0.8251668810844421,1598,478,1678,639,80,161
176,6.034483,7,0,person,0.8180161118507385,1443,444,1515,590,72,146
176,6.034483,4,0,person,0.798223614692688,1371,410,1424,557,53,147
176,6.034483,5,0,person,0.793784499168396,1328,454,1387,606,59,152
176,6.034483,8,0,person,0.7718839645385742,1496,454,1567,612,71,158
176,6.034483,13,0,person,0.7544140815734863,1807,502,1888,663,81,161
176,6.034483,3,2,car,0.7298814654350281,1709,383,1920,512,211,129
176,6.034483,14,0,person,0.47955477237701416,1795,480,1840,629,45,149
176,6.034483,12,0,person,0.324929416179657,1757,432,1817,580,60,148
177,6.068966,1,2,car,0.8455826640129089,1519,393,1777,543,258,150
177,6.068966,2,2,car,0.8453904986381531,840,483,1120,657,280,174
177,6.068966,7,0,person,0.8381752371788025,1441,444,1514,590,73,146
177,6.068966,8,0,person,0.836237370967865,1486,454,1566,612,80,158
177,6.068966,9,0,person,0.8289424777030945,1597,487,1674,638,77,151
177,6.068966,5,0,person,0.8259536027908325,1326,453,1389,608,63,155
177,6.068966,4,0,person,0.7800177931785583,1371,410,1424,559,53,149
177,6.068966,3,2,car,0.7730007767677307,1710,383,1920,514,210,131
177,6.068966,13,0,person,0.7566732168197632,1802,504,1888,663,86,159
177,6.068966,14,0,person,0.5031220316886902,1791,478,1838,627,47,149
177,6.068966,12,0,person,0.2861362099647522,1756,431,1809,579,53,148
178,6.103448,2,2,car,0.8524945974349976,841,483,1120,657,279,174
178,6.103448,8,0,person,0.8428317904472351,1482,454,1565,612,83,158
178,6.103448,1,2,car,0.8309630155563354,1519,393,1773,543,254,150
178,6.103448,7,0,person,0.8164986968040466,1440,444,1511,590,71,146
178,6.103448,5,0,person,0.8119059205055237,1327,453,1387,608,60,155
178,6.103448,9,0,person,0.8091583847999573,1597,487,1668,638,71,151
178,6.103448,3,2,car,0.7635796070098877,1710,383,1920,517,210,134
178,6.103448,4,0,person,0.7558265924453735,1371,409,1423,561,52,152
178,6.103448,13,0,person,0.7555422186851501,1802,508,1886,662,84,154
178,6.103448,14,0,person,0.5353438258171082,1784,481,1831,631,47,150
178,6.103448,12,0,person,0.3093258738517761,1756,431,1795,580,39,149
179,6.137931,2,2,car,0.8517171144485474,841,483,1120,657,279,174
179,6.137931,8,0,person,0.8463706374168396,1480,454,1565,613,85,159
179,6.137931,1,2,car,0.8128078579902649,1520,393,1773,543,253,150
179,6.137931,9,0,person,0.806475043296814,1598,488,1665,640,67,152
179,6.137931,3,2,car,0.8047928810119629,1710,383,1920,515,210,132
179,6.137931,7,0,person,0.7989328503608704,1440,442,1511,590,71,148
179,6.137931,5,0,person,0.7967433333396912,1327,454,1385,608,58,154
179,6.137931,13,0,person,0.7941814064979553,1801,508,1885,662,84,154
179,6.137931,4,0,person,0.7526082992553711,1371,410,1423,562,52,152
179,6.137931,14,0,person,0.6147971153259277,1778,476,1827,632,49,156
179,6.137931,12,0,person,0.3489808142185211,1756,429,1794,581,38,152
180,6.172414,2,2,car,0.854242742061615,841,483,1120,657,279,174
180,6.172414,8,0,person,0.8436903953552246,1480,456,1564,614,84,158
180,6.172414,7,0,person,0.8266974091529846,1440,441,1508,591,68,150
180,6.172414,1,2,car,0.8177061676979065,1520,393,1770,544,250,151
180,6.172414,5,0,person,0.8012089729309082,1326,453,1384,608,58,155
180,6.172414,9,0,person,0.8010455965995789,1598,490,1660,638,62,148
180,6.172414,13,0,person,0.7945101261138916,1801,508,1884,663,83,155
180,6.172414,3,2,car,0.7760933637619019,1709,382,1918,516,209,134
180,6.172414,4,0,person,0.740100622177124,1371,410,1423,563,52,153
180,6.172414,14,0,person,0.622164785861969,1770,464,1825,633,55,169
180,6.172414,12,0,person,0.33315587043762207,1756,431,1794,579,38,148
181,6.206897,2,2,car,0.8571380972862244,842,483,1120,657,278,174
181,6.206897,8,0,person,0.8383557796478271,1480,455,1564,615,84,160
181,6.206897,13,0,person,0.8185315132141113,1797,509,1882,664,85,155
181,6.206897,7,0,person,0.8087998628616333,1440,442,1504,591,64,149
181,6.206897,5,0,person,0.800150990486145,1326,453,1381,609,55,156
181,6.206897,9,0,person,0.7993288636207581,1597,487,1653,638,56,151
181,6.206897,1,2,car,0.7964672446250916,1521,394,1770,544,249,150
181,6.206897,3,2,car,0.7894930839538574,1709,382,1918,516,209,134
181,6.206897,14,0,person,0.7437822222709656,1759,484,1822,633,63,149
181,6.206897,4,0,person,0.7396693229675293,1372,409,1423,563,51,154
182,6.241379,2,2,car,0.8500388264656067,842,483,1120,657,278,174
182,6.241379,8,0,person,0.8406385183334351,1480,455,1564,616,84,161
182,6.241379,7,0,person,0.7982553243637085,1440,441,1502,590,62,149
182,6.241379,9,0,person,0.791917085647583,1595,488,1647,638,52,150
182,6.241379,1,2,car,0.7914784550666809,1522,394,1773,544,251,150
182,6.241379,3,2,car,0.7762033939361572,1709,382,1918,517,209,135
182,6.241379,5,0,person,0.7577385306358337,1319,452,1375,608,56,156
182,6.241379,14,0,person,0.75338214635849,1744,474,1820,633,76,159
182,6.241379,13,0,person,0.751600980758667,1798,508,1880,664,82,156
182,6.241379,4,0,person,0.7410837411880493,1372,409,1420,564,48,155
183,6.275862,8,0,person,0.8381075859069824,1477,452,1562,616,85,164
183,6.275862,2,2,car,0.8372889757156372,841,483,1120,657,279,174
183,6.275862,3,2,car,0.7866540551185608,1708,382,1918,520,210,138
183,6.275862,7,0,person,0.7778364419937134,1437,442,1492,591,55,149
183,6.275862,9,0,person,0.7763819098472595,1590,482,1641,640,51,158
183,6.275862,1,2,car,0.7757604718208313,1522,394,1773,545,251,151
183,6.275862,5,0,person,0.7675682306289673,1319,454,1371,609,52,155
183,6.275862,4,0,person,0.7539700865745544,1372,409,1420,564,48,155
183,6.275862,14,0,person,0.7487425208091736,1738,471,1820,634,82,163
183,6.275862,13,0,person,0.6714779138565063,1798,509,1875,663,77,154
184,6.310345,2,2,car,0.836652398109436,842,483,1120,657,278,174
184,6.310345,8,0,person,0.827242374420166,1477,454,1560,617,83,163
184,6.310345,7,0,person,0.783643901348114,1435,443,1488,591,53,148
184,6.310345,3,2,car,0.7822946310043335,1709,383,1917,519,208,136
184,6.310345,1,2,car,0.7780548930168152,1521,394,1774,544,253,150
184,6.310345,9,0,person,0.7682567834854126,1584,478,1640,642,56,164
184,6.310345,4,0,person,0.753135621547699,1372,409,1420,565,48,156
184,6.310345,5,0,person,0.7403568029403687,1317,454,1368,610,51,156
184,6.310345,13,0,person,0.7214117050170898,1798,506,1866,663,68,157
184,6.310345,14,0,person,0.7167280912399292,1734,450,1818,635,84,185
185,6.344828,2,2,car,0.848892092704773,843,483,1120,657,277,174
185,6.344828,8,0,person,0.825513482093811,1479,452,1557,617,78,165
185,6.344828,7,0,person,0.8002881407737732,1432,443,1488,592,56,149
185,6.344828,1,2,car,0.7908785343170166,1520,394,1772,544,252,150
185,6.344828,9,0,person,0.7685374617576599,1587,482,1639,644,52,162
185,6.344828,4,0,person,0.763497531414032,1372,409,1419,565,47,156
185,6.344828,3,2,car,0.7588100433349609,1709,384,1918,519,209,135
185,6.344828,14,0,person,0.7294522523880005,1731,439,1817,634,86,195
185,6.344828,5,0,person,0.6954770088195801,1317,455,1367,607,50,152
185,6.344828,13,0,person,0.6801069378852844,1799,507,1860,662,61,155
186,6.37931,2,2,car,0.8420765399932861,843,483,1120,657,277,174
186,6.37931,9,0,person,0.8320919871330261,1580,478,1636,645,56,167
186,6.37931,8,0,person,0.8217329382896423,1478,453,1554,618,76,165
186,6.37931,7,0,person,0.7932706475257874,1427,443,1487,593,60,150
186,6.37931,5,0,person,0.7911601662635803,1316,456,1366,610,50,154
186,6.37931,4,0,person,0.7905918955802917,1372,409,1419,565,47,156
186,6.37931,3,2,car,0.7799935936927795,1710,384,1915,520,205,136
186,6.37931,1,2,car,0.7729424834251404,1520,394,1771,545,251,151
186,6.37931,14,0,person,0.7120990753173828,1731,438,1815,633,84,195
186,6.37931,13,0,person,0.5451599359512329,1799,506,1873,663,74,157
187,6.413793,2,2,car,0.8376957178115845,843,484,1120,657,277,173
187,6.413793,9,0,person,0.8262434005737305,1574,484,1636,645,62,161
187,6.413793,8,0,person,0.8246259689331055,1478,454,1551,618,73,164
187,6.413793,5,0,person,0.7954604625701904,1313,456,1364,611,51,155
187,6.413793,7,0,person,0.7893187403678894,1425,444,1485,595,60,151
187,6.413793,4,0,person,0.7770331501960754,1371,409,1418,567,47,158
187,6.413793,1,2,car,0.7700182199478149,1521,394,1768,545,247,151
187,6.413793,3,2,car,0.7420535087585449,1711,383,1913,520,202,137
187,6.413793,14,0,person,0.701650083065033,1729,440,1811,632,82,192
187,6.413793,13,0,person,0.6178830862045288,1798,504,1852,664,54,160
188,6.448276,2,2,car,0.8293089270591736,843,483,1120,658,277,175
188,6.448276,9,0,person,0.8200463652610779,1568,486,1632,644,64,158
188,6.448276,5,0,person,0.8058937191963196,1312,453,1363,615,51,162
188,6.448276,8,0,person,0.7962044477462769,1477,454,1547,618,70,164
188,6.448276,1,2,car,0.7956974506378174,1521,394,1766,545,245,151
188,6.448276,7,0,person,0.7829628586769104,1423,445,1482,596,59,151
188,6.448276,4,0,person,0.7720690965652466,1370,410,1418,567,48,157
188,6.448276,3,2,car,0.7265279293060303,1709,383,1915,522,206,139
188,6.448276,13,0,person,0.6405504941940308,1797,506,1852,663,55,157
188,6.448276,14,0,person,0.5825173854827881,1729,466,1806,633,77,167
188,6.448276,15,0,person,0.4251546263694763,1881,441,1919,576,38,135
189,6.482759,2,2,car,0.8356443047523499,842,483,1120,658,278,175
189,6.482759,9,0,person,0.8087294101715088,1566,487,1630,644,64,157
189,6.482759,5,0,person,0.8050044178962708,1310,454,1360,613,50,159
189,6.482759,1,2,car,0.7942922711372375,1519,394,1761,545,242,151
189,6.482759,8,0,person,0.7942582964897156,1477,453,1541,619,64,166
189,6.482759,4,0,person,0.7865239381790161,1369,412,1415,564,46,152
189,6.482759,7,0,person,0.7834781408309937,1419,444,1480,598,61,154
189,6.482759,3,2,car,0.7197250127792358,1709,383,1918,523,209,140
189,6.482759,13,0,person,0.6578197479248047,1794,503,1852,665,58,162
189,6.482759,14,0,person,0.6126852035522461,1729,480,1799,633,70,153
189,6.482759,15,0,person,0.44980883598327637,1880,443,1919,576,39,133
190,6.517241,2,2,car,0.8372588157653809,843,483,1120,658,277,175
190,6.517241,9,0,person,0.8190193772315979,1563,485,1629,644,66,159
190,6.517241,5,0,person,0.7949698567390442,1310,457,1360,615,50,158
190,6.517241,8,0,person,0.791906476020813,1477,453,1535,618,58,165
190,6.517241,1,2,car,0.7907696962356567,1519,394,1760,545,241,151
190,6.517241,7,0,person,0.7769606113433838,1416,446,1479,598,63,152
190,6.517241,4,0,person,0.7692302465438843,1367,412,1415,565,48,153
190,6.517241,3,2,car,0.706169843673706,1708,382,1918,523,210,141
190,6.517241,13,0,person,0.6955363154411316,1786,506,1850,668,64,162
190,6.517241,14,0,person,0.6191431879997253,1729,480,1797,633,68,153
190,6.517241,15,0,person,0.4463460147380829,1880,442,1919,576,39,134
190,6.517241,17,0,person,0.3851921260356903,1803,467,1856,570,53,103
191,6.551724,2,2,car,0.8440479636192322,843,484,1120,658,277,174
191,6.551724,9,0,person,0.8291208148002625,1559,486,1628,645,69,159
191,6.551724,5,0,person,0.792147696018219,1307,457,1357,617,50,160
191,6.551724,1,2,car,0.7919595241546631,1520,394,1759,545,239,151
191,6.551724,8,0,person,0.7770437002182007,1476,454,1532,618,56,164
191,6.551724,7,0,person,0.7658411860466003,1412,447,1479,597,67,150
191,6.551724,4,0,person,0.7528663277626038,1367,412,1415,565,48,153
191,6.551724,13,0,person,0.706861674785614,1776,506,1847,668,71,162
191,6.551724,3,2,car,0.6797455549240112,1709,383,1919,524,210,141
191,6.551724,14,0,person,0.6718161106109619,1729,474,1793,632,64,158
191,6.551724,15,0,person,0.46074414253234863,1879,439,1919,576,40,137
191,6.551724,17,0,person,0.37321481108665466,1801,468,1853,568,52,100
192,6.586207,2,2,car,0.846665620803833,843,484,1120,658,277,174
192,6.586207,9,0,person,0.8217743635177612,1557,486,1627,646,70,160
192,6.586207,1,2,car,0.7868863344192505,1521,394,1757,545,236,151
192,6.586207,7,0,person,0.7852177023887634,1410,448,1478,598,68,150
192,6.586207,5,0,person,0.7729960680007935,1303,458,1355,616,52,158
192,6.586207,8,0,person,0.7569682598114014,1473,454,1527,619,54,165
192,6.586207,4,0,person,0.7562491297721863,1367,412,1413,565,46,153
192,6.586207,3,2,car,0.730121374130249,1709,383,1920,524,211,141
192,6.586207,13,0,person,0.7285086512565613,1766,507,1844,666,78,159
192,6.586207,14,0,person,0.5645092725753784,1728,435,1782,633,54,198
192,6.586207,15,0,person,0.48710790276527405,1877,438,1919,577,42,139
193,6.62069,2,2,car,0.8488516807556152,843,484,1120,658,277,174
193,6.62069,9,0,person,0.8094349503517151,1555,485,1627,646,72,161
193,6.62069,1,2,car,0.7958247661590576,1521,394,1756,544,235,150
193,6.62069,5,0,person,0.7844889163970947,1302,458,1355,618,53,160
193,6.62069,7,0,person,0.784398078918457,1410,448,1477,602,67,154
193,6.62069,4,0,person,0.7551701664924622,1366,413,1412,565,46,152
193,6.62069,8,0,person,0.752310037612915,1471,454,1525,621,54,167
193,6.62069,13,0,person,0.7418813109397888,1761,508,1845,665,84,157
193,6.62069,3,2,car,0.7223581671714783,1709,383,1920,526,211,143
193,6.62069,14,0,person,0.5936248898506165,1724,441,1771,632,47,191
193,6.62069,15,0,person,0.4547169804573059,1879,435,1919,577,40,142
194,6.655172,2,2,car,0.84260493516922,843,483,1120,658,277,175
194,6.655172,9,0,person,0.7968655228614807,1554,486,1627,647,73,161
194,6.655172,1,2,car,0.7949272990226746,1521,394,1754,543,233,149
194,6.655172,7,0,person,0.7835116386413574,1409,448,1473,603,64,155
194,6.655172,5,0,person,0.783037006855011,1299,460,1358,616,59,156
194,6.655172,8,0,person,0.7414471507072449,1473,454,1523,622,50,168
194,6.655172,4,0,person,0.7393946647644043,1364,414,1411,565,47,151
194,6.655172,13,0,person,0.7290390729904175,1759,508,1844,665,85,157
194,6.655172,3,2,car,0.6824443340301514,1708,385,1918,514,210,129
194,6.655172,14,0,person,0.6338621377944946,1721,439,1768,632,47,193
194,6.655172,15,0,person,0.5511479377746582,1878,433,1919,577,41,144
194,6.655172,18,0,person,0.3673289120197296,1754,438,1801,588,47,150
195,6.689655,2,2,car,0.8476476073265076,843,483,1120,658,277,175
195,6.689655,9,0,person,0.804964542388916,1554,487,1624,646,70,159
195,6.689655,5,0,person,0.7915793657302856,1297,460,1354,617,57,157
195,6.689655,7,0,person,0.787852942943573,1407,449,1471,603,64,154
195,6.689655,1,2,car,0.7695061564445496,1521,393,1752,543,231,150
195,6.689655,4,0,person,0.7433127164840698,1362,414,1412,565,50,151
195,6.689655,8,0,person,0.7364755272865295,1472,454,1522,623,50,169
195,6.689655,13,0,person,0.7310585975646973,1758,508,1844,666,86,158
195,6.689655,3,2,car,0.7177340388298035,1708,384,1918,512,210,128
195,6.689655,14,0,person,0.6468445658683777,1716,449,1763,632,47,183
195,6.689655,15,0,person,0.6377941966056824,1874,434,1919,577,45,143
195,6.689655,18,0,person,0.37202000617980957,1751,435,1801,588,50,153
196,6.724138,2,2,car,0.8534777164459229,843,483,1120,657,277,174
196,6.724138,5,0,person,0.8118753433227539,1293,458,1350,619,57,161
196,6.724138,9,0,person,0.8091378211975098,1555,490,1624,647,69,157
196,6.724138,7,0,person,0.7756720185279846,1408,448,1471,603,63,155
196,6.724138,4,0,person,0.7536270618438721,1359,415,1412,567,53,152
196,6.724138,1,2,car,0.7496374249458313,1521,393,1756,543,235,150
196,6.724138,3,2,car,0.7466002702713013,1707,384,1918,513,211,129
196,6.724138,8,0,person,0.7321420907974243,1466,455,1518,624,52,169
196,6.724138,13,0,person,0.7172096967697144,1757,510,1843,668,86,158
196,6.724138,15,0,person,0.6771661639213562,1869,436,1918,578,49,142
196,6.724138,14,0,person,0.6739264726638794,1711,471,1761,632,50,161
196,6.724138,18,0,person,0.3745034635066986,1749,434,1796,590,47,156
197,6.758621,2,2,car,0.8581627607345581,843,483,1120,657,277,174
197,6.758621,9,0,person,0.8111984729766846,1554,490,1619,647,65,157
197,6.758621,1,2,car,0.7884458899497986,1521,393,1755,544,234,151
197,6.758621,5,0,person,0.7862138748168945,1292,457,1351,619,59,162
197,6.758621,7,0,person,0.7840931415557861,1411,449,1469,602,58,153
197,6.758621,8,0,person,0.770239531993866,1460,454,1515,623,55,169
197,6.758621,13,0,person,0.7468612194061279,1757,511,1844,668,87,157
197,6.758621,4,0,person,0.7383452653884888,1360,416,1409,567,49,151
197,6.758621,3,2,car,0.7324163913726807,1707,385,1918,512,211,127
197,6.758621,14,0,person,0.7003893256187439,1697,473,1759,631,62,158
197,6.758621,15,0,person,0.6813193559646606,1868,437,1917,580,49,143
197,6.758621,18,0,person,0.40667834877967834,1749,435,1796,589,47,154
198,6.793103,2,2,car,0.8579117655754089,843,483,1120,657,277,174
198,6.793103,1,2,car,0.7896296977996826,1521,393,1754,543,233,150
198,6.793103,9,0,person,0.7859890460968018,1554,496,1614,647,60,151
198,6.793103,5,0,person,0.772630512714386,1290,456,1347,620,57,164
198,6.793103,14,0,person,0.7715353965759277,1684,472,1759,631,75,159
198,6.793103,13,0,person,0.7673896551132202,1756,510,1840,668,84,158
198,6.793103,8,0,person,0.7602479457855225,1454,456,1513,625,59,169
198,6.793103,7,0,person,0.7531555891036987,1407,448,1466,601,59,153
198,6.793103,4,0,person,0.7341617941856384,1356,417,1409,568,53,151
198,6.793103,3,2,car,0.7150522470474243,1708,384,1918,512,210,128
198,6.793103,15,0,person,0.6218470931053162,1866,439,1917,580,51,141
198,6.793103,18,0,person,0.4000714123249054,1746,437,1793,584,47,147
199,6.827586,2,2,car,0.8658933043479919,843,483,1121,657,278,174
199,6.827586,14,0,person,0.7873700261116028,1671,471,1759,630,88,159
199,6.827586,9,0,person,0.7784163355827332,1553,494,1608,647,55,153
199,6.827586,13,0,person,0.7775923013687134,1755,510,1836,668,81,158
199,6.827586,5,0,person,0.7662733197212219,1288,454,1346,620,58,166
199,6.827586,8,0,person,0.7589629292488098,1446,456,1512,624,66,168
199,6.827586,4,0,person,0.749717116355896,1355,417,1407,569,52,152
199,6.827586,7,0,person,0.7351160645484924,1408,448,1463,602,55,154
199,6.827586,3,2,car,0.7257968783378601,1708,384,1918,512,210,128
199,6.827586,1,2,car,0.7021583914756775,1521,393,1759,544,238,151
199,6.827586,15,0,person,0.6284561157226562,1863,438,1917,579,54,141
199,6.827586,18,0,person,0.43219608068466187,1744,436,1792,586,48,150
200,6.862069,2,2,car,0.8675115704536438,843,483,1120,657,277,174
200,6.862069,13,0,person,0.7946038842201233,1755,508,1833,668,78,160
200,6.862069,9,0,person,0.7902314066886902,1552,492,1602,647,50,155
200,6.862069,8,0,person,0.7752088904380798,1444,456,1510,623,66,167
200,6.862069,14,0,person,0.7600165605545044,1664,459,1759,631,95,172
200,6.862069,4,0,person,0.7596414685249329,1353,418,1408,569,55,151
200,6.862069,7,0,person,0.7514220476150513,1405,448,1460,603,55,155
200,6.862069,5,0,person,0.745875358581543,1286,457,1344,618,58,161
200,6.862069,3,2,car,0.7224757671356201,1709,384,1918,510,209,126
200,6.862069,15,0,person,0.6045529246330261,1859,437,1915,579,56,142
200,6.862069,1,2,car,0.576867938041687,1521,393,1759,546,238,153
200,6.862069,18,0,person,0.42494240403175354,1739,438,1791,588,52,150
201,6.896552,2,2,car,0.8606762886047363,842,483,1120,657,278,174
201,6.896552,8,0,person,0.8182232975959778,1440,456,1509,623,69,167
201,6.896552,9,0,person,0.8065587878227234,1550,495,1598,646,48,151
201,6.896552,13,0,person,0.7806118726730347,1755,508,1829,668,74,160
201,6.896552,14,0,person,0.7761832475662231,1661,448,1760,631,99,183
201,6.896552,4,0,person,0.767614483833313,1355,418,1408,571,53,153
201,6.896552,7,0,person,0.7601540684700012,1405,447,1456,603,51,156
201,6.896552,1,2,car,0.7385832667350769,1521,392,1759,543,238,151
201,6.896552,3,2,car,0.7279448509216309,1708,385,1918,508,210,123
201,6.896552,5,0,person,0.7273657917976379,1280,460,1337,616,57,156
201,6.896552,15,0,person,0.6042566299438477,1852,436,1913,580,61,144
201,6.896552,18,0,person,0.4002719521522522,1739,437,1790,588,51,151
202,6.931034,2,2,car,0.8653309345245361,842,483,1120,657,278,174
202,6.931034,8,0,person,0.8087317943572998,1441,456,1509,624,68,168
202,6.931034,14,0,person,0.8071616888046265,1657,465,1757,630,100,165
202,6.931034,9,0,person,0.8028518557548523,1546,488,1595,647,49,159
202,6.931034,4,0,person,0.7893900275230408,1356,418,1407,571,51,153
202,6.931034,7,0,person,0.777528703212738,1403,447,1454,602,51,155
202,6.931034,13,0,person,0.750248908996582,1756,508,1825,668,69,160
202,6.931034,5,0,person,0.7416611909866333,1279,462,1334,620,55,158
202,6.931034,3,2,car,0.7286183834075928,1709,384,1918,509,209,125
202,6.931034,15,0,person,0.5966436266899109,1851,437,1910,581,59,144
202,6.931034,1,2,car,0.4604220390319824,1521,392,1749,543,228,151
202,6.931034,18,0,person,0.4161635935306549,1736,438,1782,587,46,149
203,6.965517,2,2,car,0.8679183721542358,842,483,1120,657,278,174
203,6.965517,8,0,person,0.8161255121231079,1439,457,1508,623,69,166
203,6.965517,14,0,person,0.8002626299858093,1658,473,1757,631,99,158
203,6.965517,9,0,person,0.7900001406669617,1543,485,1593,647,50,162
203,6.965517,4,0,person,0.7861042618751526,1356,419,1408,571,52,152
203,6.965517,7,0,person,0.7743698954582214,1402,447,1450,601,48,154
203,6.965517,5,0,person,0.7456726431846619,1277,462,1333,621,56,159
203,6.965517,13,0,person,0.7444218397140503,1755,510,1825,668,70,158
203,6.965517,3,2,car,0.7205474972724915,1708,385,1920,512,212,127
203,6.965517,15,0,person,0.5901989936828613,1853,437,1909,580,56,143
203,6.965517,1,2,car,0.5567288398742676,1521,393,1744,534,223,141
203,6.965517,18,0,person,0.4060981273651123,1740,436,1780,585,40,149
204,7.0,2,2,car,0.8638404011726379,842,483,1120,657,278,174
204,7.0,8,0,person,0.8146878480911255,1437,458,1507,623,70,165
204,7.0,9,0,person,0.7996993660926819,1541,481,1592,647,51,166
204,7.0,14,0,person,0.7843493819236755,1657,475,1755,630,98,155
204,7.0,4,0,person,0.7730487585067749,1356,419,1407,570,51,151
204,7.0,5,0,person,0.7405782341957092,1274,463,1333,620,59,157
204,7.0,7,0,person,0.7386694550514221,1397,446,1448,602,51,156
204,7.0,3,2,car,0.73485267162323,1707,384,1920,512,213,128
204,7.0,15,0,person,0.604925274848938,1849,437,1907,581,58,144
204,7.0,13,0,person,0.5907842516899109,1754,508,1825,667,71,159
204,7.0,1,2,car,0.44474467635154724,1521,393,1747,523,226,130
204,7.0,18,0,person,0.3513905107975006,1740,435,1780,581,40,146
205,7.034483,2,2,car,0.8761876821517944,842,483,1120,657,278,174
205,7.034483,8,0,person,0.8080795407295227,1436,458,1506,624,70,166
205,7.034483,9,0,person,0.7825949788093567,1535,488,1589,646,54,158
205,7.034483,4,0,person,0.7688162326812744,1356,420,1404,569,48,149
205,7.034483,14,0,person,0.7506795525550842,1657,473,1752,630,95,157
205,7.034483,3,2,car,0.7290762066841125,1708,384,1919,511,211,127
205,7.034483,7,0,person,0.7286766767501831,1394,448,1446,604,52,156
205,7.034483,5,0,person,0.7127147316932678,1271,463,1332,620,61,157
205,7.034483,15,0,person,0.5631696581840515,1849,437,1906,581,57,144
205,7.034483,1,2,car,0.5436217188835144,1522,393,1845,529,323,136
205,7.034483,13,0,person,0.4101038873195648,1751,507,1808,668,57,161
205,7.034483,18,0,person,0.2695333957672119,1738,436,1776,578,38,142
206,7.068966,2,2,car,0.8667130470275879,841,484,1120,657,279,173
206,7.068966,8,0,person,0.8044149279594421,1437,461,1504,625,67,164
206,7.068966,9,0,person,0.795695424079895,1527,484,1586,647,59,163
206,7.068966,4,0,person,0.7690548300743103,1354,418,1403,569,49,151
206,7.068966,7,0,person,0.7608743906021118,1386,449,1443,601,57,152
206,7.068966,14,0,person,0.7518983483314514,1657,472,1746,629,89,157
206,7.068966,3,2,car,0.7201830744743347,1709,384,1918,512,209,128
206,7.068966,5,0,person,0.6877952814102173,1270,465,1331,620,61,155
206,7.068966,1,2,car,0.5664321780204773,1523,392,1847,529,324,137
206,7.068966,15,0,person,0.536760151386261,1851,440,1902,578,51,138
206,7.068966,13,0,person,0.40813830494880676,1748,505,1813,668,65,163
207,7.103448,2,2,car,0.8629223704338074,841,483,1120,657,279,174
207,7.103448,9,0,person,0.813457190990448,1521,483,1586,647,65,164
207,7.103448,8,0,person,0.792161226272583,1436,460,1500,624,64,164
207,7.103448,4,0,person,0.7584835290908813,1353,418,1400,569,47,151
207,7.103448,7,0,person,0.7486853003501892,1381,450,1443,605,62,155
207,7.103448,3,2,car,0.7196669578552246,1709,384,1918,514,209,130
207,7.103448,5,0,person,0.7128610014915466,1266,466,1328,622,62,156
207,7.103448,14,0,person,0.7100452780723572,1657,474,1742,627,85,153
207,7.103448,1,2,car,0.6615191698074341,1522,393,1846,532,324,139
207,7.103448,15,0,person,0.5476832985877991,1851,438,1900,578,49,140
207,7.103448,13,0,person,0.41389399766921997,1741,479,1805,669,64,190
208,7.137931,2,2,car,0.8662476539611816,842,483,1120,657,278,174
208,7.137931,9,0,person,0.8249593377113342,1515,480,1584,647,69,167
208,7.137931,7,0,person,0.7977592349052429,1374,450,1440,603,66,153
208,7.137931,8,0,person,0.7771753668785095,1436,460,1494,624,58,164
208,7.137931,4,0,person,0.7624123692512512,1351,418,1399,570,48,152
208,7.137931,3,2,car,0.7374956011772156,1709,385,1918,518,209,133
208,7.137931,14,0,person,0.731448769569397,1650,471,1737,626,87,155
208,7.137931,1,2,car,0.7299454212188721,1520,393,1844,535,324,142
208,7.137931,5,0,person,0.7241018414497375,1264,467,1327,623,63,156
208,7.137931,13,0,person,0.5766826272010803,1740,470,1797,669,57,199
208,7.137931,15,0,person,0.48019373416900635,1849,439,1898,581,49,142
208,7.137931,19,0,person,0.3950238525867462,1706,434,1742,576,36,142
209,7.172414,2,2,car,0.8612358570098877,842,483,1121,657,279,174
209,7.172414,9,0,person,0.8323483467102051,1510,481,1584,648,74,167
209,7.172414,7,0,person,0.8005911111831665,1371,451,1439,604,68,153
209,7.172414,14,0,person,0.7611203193664551,1644,471,1726,625,82,154
209,7.172414,8,0,person,0.7540792226791382,1436,461,1489,624,53,163
209,7.172414,4,0,person,0.7529559135437012,1348,419,1401,572,53,153
209,7.172414,5,0,person,0.7463701367378235,1259,466,1327,624,68,158
209,7.172414,3,2,car,0.7407265901565552,1708,385,1918,514,210,129
209,7.172414,1,2,car,0.6831254363059998,1520,393,1844,538,324,145
209,7.172414,13,0,person,0.594268798828125,1734,494,1793,668,59,174
209,7.172414,15,0,person,0.5060955882072449,1849,438,1894,581,45,143
209,7.172414,19,0,person,0.41584011912345886,1704,433,1737,570,33,137
210,7.206897,2,2,car,0.8562126159667969,842,483,1120,657,278,174
210,7.206897,9,0,person,0.8209649324417114,1505,482,1582,648,77,166
210,7.206897,7,0,person,0.8102895617485046,1368,451,1438,604,70,153
210,7.206897,14,0,person,0.7735523581504822,1637,476,1717,627,80,151
210,7.206897,5,0,person,0.7620000839233398,1257,467,1327,624,70,157
210,7.206897,4,0,person,0.7434318661689758,1347,419,1400,574,53,155
210,7.206897,8,0,person,0.7287688851356506,1435,461,1484,624,49,163
210,7.206897,3,2,car,0.7255768775939941,1709,385,1918,515,209,130
210,7.206897,1,2,car,0.6998170614242554,1520,393,1844,548,324,155
210,7.206897,13,0,person,0.6934406161308289,1723,503,1790,668,67,165
210,7.206897,15,0,person,0.4765182435512543,1846,439,1890,581,44,142
210,7.206897,19,0,person,0.4047207534313202,1701,434,1738,573,37,139
211,7.241379,2,2,car,0.8556022047996521,843,483,1121,657,278,174
211,7.241379,7,0,person,0.8218411207199097,1365,454,1437,605,72,151
211,7.241379,9,0,person,0.818104088306427,1503,485,1583,649,80,164
211,7.241379,5,0,person,0.7911699414253235,1255,468,1325,625,70,157
211,7.241379,1,2,car,0.764616072177887,1519,393,1844,533,325,140
211,7.241379,14,0,person,0.7559930682182312,1631,474,1705,627,74,153
211,7.241379,8,0,person,0.7454617619514465,1435,459,1480,624,45,165
211,7.241379,4,0,person,0.7276603579521179,1346,419,1397,571,51,152
211,7.241379,3,2,car,0.7146466970443726,1710,384,1918,513,208,129
211,7.241379,13,0,person,0.6948930025100708,1714,508,1787,669,73,161
211,7.241379,15,0,person,0.49982595443725586,1846,438,1888,582,42,144
211,7.241379,19,0,person,0.32900843024253845,1698,435,1735,573,37,138
212,7.275862,2,2,car,0.8585333824157715,843,483,1121,657,278,174
212,7.275862,7,0,person,0.8335220813751221,1366,454,1437,606,71,152
212,7.275862,9,0,person,0.8187448978424072,1503,488,1581,650,78,162
212,7.275862,5,0,person,0.7985658049583435,1254,468,1325,627,71,159
212,7.275862,1,2,car,0.7648741006851196,1519,393,1845,530,326,137
212,7.275862,14,0,person,0.7581084370613098,1630,469,1698,627,68,158
212,7.275862,8,0,person,0.7348905205726624,1432,459,1477,624,45,165
212,7.275862,4,0,person,0.7318377494812012,1345,420,1395,575,50,155
212,7.275862,3,2,car,0.71221923828125,1710,384,1918,519,208,135
212,7.275862,13,0,person,0.6906110644340515,1709,505,1785,670,76,165
212,7.275862,15,0,person,0.5349748134613037,1843,438,1888,582,45,144
212,7.275862,19,0,person,0.2796297073364258,1695,435,1733,576,38,141
213,7.310345,2,2,car,0.8629177212715149,843,483,1121,657,278,174
213,7.310345,1,2,car,0.8339294195175171,1520,393,1845,530,325,137
213,7.310345,9,0,person,0.8195567727088928,1503,489,1580,650,77,161
213,7.310345,7,0,person,0.8072134852409363,1365,453,1436,608,71,155
213,7.310345,5,0,person,0.7825839519500732,1255,468,1324,627,69,159
213,7.310345,14,0,person,0.7490490674972534,1626,464,1696,630,70,166
213,7.310345,3,2,car,0.7489776611328125,1712,384,1918,521,206,137
213,7.310345,4,0,person,0.7312593460083008,1344,420,1394,571,50,151
213,7.310345,8,0,person,0.7308571338653564,1427,458,1475,625,48,167
213,7.310345,13,0,person,0.7228869199752808,1703,505,1784,670,81,165
213,7.310345,15,0,person,0.5577993392944336,1841,447,1886,583,45,136
213,7.310345,19,0,person,0.29289156198501587,1689,434,1731,577,42,143
214,7.344828,2,2,car,0.86487877368927,843,483,1121,657,278,174
214,7.344828,1,2,car,0.8475587964057922,1520,393,1843,533,323,140
214,7.344828,9,0,person,0.8223878741264343,1503,490,1580,651,77,161
214,7.344828,5,0,person,0.7832974195480347,1253,469,1322,628,69,159
214,7.344828,13,0,person,0.7797715663909912,1701,505,1784,670,83,165
214,7.344828,7,0,person,0.7692495584487915,1366,454,1434,609,68,155
214,7.344828,14,0,person,0.7383456826210022,1622,466,1691,631,69,165
214,7.344828,3,2,car,0.7373483180999756,1711,384,1918,521,207,137
214,7.344828,4,0,person,0.7336400747299194,1343,421,1392,571,49,150
214,7.344828,8,0,person,0.7253293395042419,1424,457,1473,625,49,168
214,7.344828,15,0,person,0.5335578918457031,1836,447,1885,583,49,136
215,7.37931,2,2,car,0.8616403937339783,843,483,1121,656,278,173
215,7.37931,1,2,car,0.8413187265396118,1520,393,1841,535,321,142
215,7.37931,9,0,person,0.8302119970321655,1501,489,1579,651,78,162
215,7.37931,13,0,person,0.7962796092033386,1699,508,1783,670,84,162
215,7.37931,5,0,person,0.7665224075317383,1252,468,1321,628,69,160
215,7.37931,7,0,person,0.7476907968521118,1364,454,1430,609,66,155
215,7.37931,4,0,person,0.7318772077560425,1341,421,1392,570,51,149
215,7.37931,3,2,car,0.730437695980072,1710,384,1918,523,208,139
215,7.37931,14,0,person,0.7285898923873901,1620,470,1689,631,69,161
215,7.37931,8,0,person,0.7154859304428101,1418,459,1469,627,51,168
215,7.37931,15,0,person,0.5438342690467834,1831,443,1884,583,53,140
216,7.413793,2,2,car,0.8538126945495605,843,483,1121,657,278,174
216,7.413793,1,2,car,0.8449249863624573,1520,393,1842,537,322,144
216,7.413793,9,0,person,0.8185731172561646,1501,490,1578,653,77,163
216,7.413793,5,0,person,0.7657396197319031,1250,469,1317,629,67,160
216,7.413793,13,0,person,0.7572062611579895,1697,511,1783,669,86,158
216,7.413793,14,0,person,0.7531737089157104,1615,480,1688,632,73,152
216,7.413793,8,0,person,0.7480957508087158,1412,460,1468,626,56,166
216,7.413793,7,0,person,0.7368897795677185,1366,458,1424,609,58,151
216,7.413793,4,0,person,0.6889617443084717,1341,421,1391,573,50,152
216,7.413793,3,2,car,0.6370627880096436,1708,384,1918,533,210,149
216,7.413793,15,0,person,0.6013725399971008,1826,443,1882,583,56,140
216,7.413793,19,0,person,0.3665708005428314,1675,430,1724,573,49,143
217,7.448276,2,2,car,0.8578139543533325,843,483,1121,657,278,174
217,7.448276,1,2,car,0.8487776517868042,1520,393,1842,536,322,143
217,7.448276,9,0,person,0.828423023223877,1503,488,1576,653,73,165
217,7.448276,14,0,person,0.8054904341697693,1612,479,1688,632,76,153
217,7.448276,5,0,person,0.7867175340652466,1248,467,1317,629,69,162
217,7.448276,8,0,person,0.7793454527854919,1406,462,1467,627,61,165
217,7.448276,13,0,person,0.7750494480133057,1698,507,1783,670,85,163
217,7.448276,7,0,person,0.7101943492889404,1365,459,1420,609,55,150
217,7.448276,4,0,person,0.6946994662284851,1341,423,1390,575,49,152
217,7.448276,3,2,car,0.6903230547904968,1707,384,1918,520,211,136
217,7.448276,15,0,person,0.6183661818504333,1818,438,1880,583,62,145
217,7.448276,19,0,person,0.4103058874607086,1675,428,1727,573,52,145
218,7.482759,2,2,car,0.8528358936309814,843,483,1121,657,278,174
218,7.482759,1,2,car,0.84874027967453,1520,393,1842,540,322,147
218,7.482759,9,0,person,0.8274865746498108,1503,488,1576,654,73,166
218,7.482759,14,0,person,0.8042358756065369,1605,479,1688,631,83,152
218,7.482759,5,0,person,0.7950921654701233,1245,468,1314,628,69,160
218,7.482759,8,0,person,0.7793387174606323,1399,459,1465,627,66,168
218,7.482759,7,0,person,0.7665244936943054,1362,459,1418,612,56,153
218,7.482759,13,0,person,0.7662349343299866,1698,506,1782,670,84,164
218,7.482759,4,0,person,0.6935901641845703,1340,422,1387,575,47,153
218,7.482759,3,2,car,0.678867518901825,1708,384,1918,525,210,141
218,7.482759,15,0,person,0.6296344995498657,1815,439,1878,584,63,145
218,7.482759,19,0,person,0.4117564558982849,1671,429,1721,573,50,144
219,7.517241,1,2,car,0.8514619469642639,1521,395,1841,544,320,149
219,7.517241,2,2,car,0.8418298363685608,844,483,1120,657,276,174
219,7.517241,8,0,person,0.8184003233909607,1388,461,1465,628,77,167
219,7.517241,14,0,person,0.8183170557022095,1601,479,1687,633,86,154
219,7.517241,9,0,person,0.815255343914032,1503,489,1573,653,70,164
219,7.517241,5,0,person,0.7832790613174438,1242,470,1313,628,71,158
219,7.517241,13,0,person,0.7401250004768372,1698,507,1778,670,80,163
219,7.517241,7,0,person,0.7347484230995178,1358,458,1416,612,58,154
219,7.517241,3,2,car,0.7098132371902466,1707,384,1918,519,211,135
219,7.517241,4,0,person,0.6935941576957703,1338,424,1384,581,46,157
219,7.517241,15,0,person,0.6427310109138489,1813,440,1878,584,65,144
219,7.517241,19,0,person,0.40725743770599365,1671,432,1718,574,47,142
220,7.551724,1,2,car,0.8400923609733582,1520,396,1839,547,319,151
220,7.551724,8,0,person,0.8307391405105591,1384,467,1463,629,79,162
220,7.551724,2,2,car,0.8249441385269165,843,483,1120,657,277,174
220,7.551724,14,0,person,0.8059497475624084,1599,482,1687,632,88,150
220,7.551724,9,0,person,0.799192488193512,1504,489,1568,653,64,164
220,7.551724,5,0,person,0.7678563594818115,1241,469,1306,629,65,160
220,7.551724,7,0,person,0.7358387112617493,1358,459,1414,612,56,153
220,7.551724,13,0,person,0.7187642455101013,1700,509,1776,670,76,161
220,7.551724,3,2,car,0.6771038174629211,1706,384,1918,519,212,135
220,7.551724,4,0,person,0.6707478761672974,1338,424,1383,582,45,158
220,7.551724,15,0,person,0.6558958888053894,1813,439,1878,584,65,145
220,7.551724,19,0,person,0.39458081126213074,1670,431,1715,574,45,143
221,7.586207,1,2,car,0.8436817526817322,1520,396,1838,546,318,150
221,7.586207,8,0,person,0.8338390588760376,1382,466,1462,630,80,164
221,7.586207,2,2,car,0.826357364654541,843,483,1120,657,277,174
221,7.586207,9,0,person,0.8063657283782959,1503,488,1566,653,63,165
221,7.586207,5,0,person,0.7963715195655823,1238,469,1298,630,60,161
221,7.586207,14,0,person,0.7725160121917725,1600,480,1684,633,84,153
221,7.586207,7,0,person,0.7338587045669556,1356,458,1413,612,57,154
221,7.586207,13,0,person,0.7193705439567566,1698,507,1772,671,74,164
221,7.586207,15,0,person,0.7071268558502197,1811,440,1878,585,67,145
221,7.586207,3,2,car,0.6857486963272095,1714,385,1919,518,205,133
221,7.586207,4,0,person,0.648257851600647,1338,424,1380,580,42,156
221,7.586207,19,0,person,0.42076659202575684,1667,431,1716,576,49,145
222,7.62069,2,2,car,0.8258517980575562,843,483,1120,657,277,174
222,7.62069,1,2,car,0.8244135975837708,1520,395,1837,545,317,150
222,7.62069,8,0,person,0.8240454792976379,1379,468,1462,630,83,162
222,7.62069,9,0,person,0.8192726969718933,1503,487,1561,653,58,166
222,7.62069,5,0,person,0.7963934540748596,1237,469,1295,631,58,162
222,7.62069,14,0,person,0.7740864753723145,1599,481,1680,633,81,152
222,7.62069,13,0,person,0.7686353325843811,1698,507,1768,672,70,165
222,7.62069,15,0,person,0.7204281687736511,1808,439,1878,585,70,146
222,7.62069,7,0,person,0.7101006507873535,1356,461,1412,610,56,149
222,7.62069,3,2,car,0.6449777483940125,1711,385,1918,515,207,130
222,7.62069,4,0,person,0.568993091583252,1337,425,1379,578,42,153
222,7.62069,19,0,person,0.3798016309738159,1670,435,1709,577,39,142
223,7.655172,2,2,car,0.8390577435493469,844,483,1120,658,276,175
223,7.655172,1,2,car,0.8352492451667786,1520,396,1834,543,314,147
223,7.655172,9,0,person,0.8168451189994812,1502,487,1557,653,55,166
223,7.655172,8,0,person,0.8136281371116638,1379,469,1461,632,82,163
223,7.655172,5,0,person,0.8005161285400391,1231,469,1294,629,63,160
223,7.655172,14,0,person,0.7705070972442627,1598,483,1675,633,77,150
223,7.655172,13,0,person,0.7529475688934326,1699,505,1760,671,61,166
223,7.655172,15,0,person,0.7413380742073059,1808,436,1877,584,69,148
223,7.655172,7,0,person,0.7197456359863281,1354,461,1410,611,56,150
223,7.655172,3,2,car,0.6430301070213318,1706,384,1918,536,212,152
223,7.655172,4,0,person,0.5167660117149353,1336,425,1379,583,43,158
223,7.655172,21,0,person,0.4983973801136017,1741,553,1807,652,66,99
223,7.655172,19,0,person,0.4156195819377899,1666,435,1708,580,42,145
224,7.689655,1,2,car,0.8590382933616638,1521,395,1833,544,312,149
224,7.689655,2,2,car,0.8293183445930481,844,483,1120,658,276,175
224,7.689655,9,0,person,0.8186712265014648,1498,488,1552,653,54,165
224,7.689655,5,0,person,0.800470769405365,1231,471,1292,633,61,162
224,7.689655,8,0,person,0.7917226552963257,1379,467,1461,631,82,164
224,7.689655,15,0,person,0.7640613913536072,1806,434,1875,585,69,151
224,7.689655,14,0,person,0.754986047744751,1598,487,1667,634,69,147
224,7.689655,7,0,person,0.7468701004981995,1347,461,1407,613,60,152
224,7.689655,3,2,car,0.6996912360191345,1707,386,1916,531,209,145
224,7.689655,13,0,person,0.6951812505722046,1695,504,1759,670,64,166
224,7.689655,21,0,person,0.5289656519889832,1738,554,1807,652,69,98
224,7.689655,19,0,person,0.4842248260974884,1666,435,1705,578,39,143
224,7.689655,18,0,person,0.4270930886268616,1709,445,1753,556,44,111
224,7.689655,4,0,person,0.40318161249160767,1337,427,1376,536,39,109
225,7.724138,1,2,car,0.86107337474823,1522,395,1830,541,308,146
225,7.724138,2,2,car,0.8281348943710327,844,483,1120,658,276,175
225,7.724138,9,0,person,0.8084591627120972,1495,488,1549,656,54,168
225,7.724138,5,0,person,0.7924011945724487,1228,472,1291,636,63,164
225,7.724138,8,0,person,0.7873592972755432,1383,465,1459,630,76,165
225,7.724138,14,0,person,0.7525739669799805,1599,486,1658,634,59,148
225,7.724138,7,0,person,0.741520345211029,1347,460,1407,616,60,156
225,7.724138,15,0,person,0.7338398098945618,1804,435,1872,585,68,150
225,7.724138,3,2,car,0.7206238508224487,1713,385,1915,521,202,136
225,7.724138,21,0,person,0.543803870677948,1736,550,1806,652,70,102
225,7.724138,19,0,person,0.4785095751285553,1665,434,1705,578,40,144
225,7.724138,13,0,person,0.4534794092178345,1696,498,1748,671,52,173
225,7.724138,4,0,person,0.3804967999458313,1336,426,1376,525,40,99
225,7.724138,18,0,person,0.36498576402664185,1705,445,1752,557,47,112
226,7.758621,1,2,car,0.856188952922821,1523,395,1828,538,305,143
226,7.758621,2,2,car,0.8232437968254089,844,483,1121,658,277,175
226,7.758621,9,0,person,0.8150219917297363,1492,488,1549,657,57,169
226,7.758621,5,0,person,0.8111292123794556,1224,472,1290,637,66,165
226,7.758621,8,0,person,0.7849176526069641,1383,467,1458,633,75,166
226,7.758621,14,0,person,0.7402339577674866,1597,484,1650,634,53,150
226,7.758621,7,0,person,0.7399682998657227,1347,459,1405,622,58,163
226,7.758621,3,2,car,0.7334691882133484,1712,385,1914,519,202,134
226,7.758621,15,0,person,0.7076515555381775,1803,435,1869,585,66,150
226,7.758621,21,0,person,0.5111604332923889,1732,549,1804,652,72,103
226,7.758621,13,0,person,0.502002477645874,1676,466,1747,674,71,208
226,7.758621,19,0,person,0.45748332142829895,1662,432,1703,579,41,147
226,7.758621,4,0,person,0.4355866014957428,1334,426,1376,580,42,154
227,7.793103,1,2,car,0.8407058119773865,1523,395,1824,536,301,141
227,7.793103,2,2,car,0.8256821036338806,844,483,1121,658,277,175
227,7.793103,9,0,person,0.8230841159820557,1489,488,1547,658,58,170
227,7.793103,5,0,person,0.8047882318496704,1222,471,1287,636,65,165
227,7.793103,8,0,person,0.7657452821731567,1381,466,1457,632,76,166
227,7.793103,7,0,person,0.7599566578865051,1347,461,1402,621,55,160
227,7.793103,15,0,person,0.7243377566337585,1803,435,1866,584,63,149
227,7.793103,3,2,car,0.723141074180603,1713,385,1915,522,202,137
227,7.793103,14,0,person,0.7089424133300781,1590,483,1640,634,50,151
227,7.793103,21,0,person,0.48729488253593445,1730,550,1801,654,71,104
227,7.793103,19,0,person,0.4735724627971649,1661,435,1699,583,38,148
227,7.793103,13,0,person,0.44217658042907715,1694,491,1746,672,52,181
227,7.793103,4,0,person,0.3653634786605835,1334,426,1377,559,43,133
227,7.793103,18,0,person,0.2968904972076416,1704,447,1748,556,44,109
228,7.827586,1,2,car,0.8430258631706238,1521,395,1822,539,301,144
228,7.827586,2,2,car,0.824888288974762,844,483,1121,658,277,175
228,7.827586,9,0,person,0.8203584551811218,1486,490,1544,660,58,170
228,7.827586,5,0,person,0.8040309548377991,1222,474,1284,637,62,163
228,7.827586,8,0,person,0.7749502062797546,1375,465,1454,635,79,170
228,7.827586,3,2,car,0.7625056505203247,1712,385,1911,519,199,134
228,7.827586,7,0,person,0.7611217498779297,1343,463,1401,619,58,156
228,7.827586,14,0,person,0.7310928702354431,1577,484,1633,635,56,151
228,7.827586,15,0,person,0.7244402170181274,1803,435,1861,585,58,150
228,7.827586,21,0,person,0.5112583637237549,1728,549,1796,653,68,104
228,7.827586,19,0,person,0.5070712566375732,1660,432,1698,580,38,148
228,7.827586,13,0,person,0.47975361347198486,1693,497,1741,673,48,176
228,7.827586,4,0,person,0.3271652162075043,1334,427,1376,532,42,105
228,7.827586,18,0,person,0.32568955421447754,1702,448,1744,552,42,104
229,7.862069,1,2,car,0.8352565169334412,1522,394,1819,537,297,143
229,7.862069,2,2,car,0.8216186165809631,844,483,1120,658,276,175
229,7.862069,9,0,person,0.821609616279602,1483,491,1543,659,60,168
229,7.862069,5,0,person,0.8082076907157898,1220,476,1283,637,63,161
229,7.862069,8,0,person,0.7798717617988586,1374,465,1449,634,75,169
229,7.862069,7,0,person,0.7354212999343872,1342,463,1399,617,57,154
229,7.862069,14,0,person,0.7243922352790833,1567,481,1630,635,63,154
229,7.862069,15,0,person,0.7073174118995667,1804,436,1858,583,54,147
229,7.862069,3,2,car,0.6895400881767273,1712,386,1912,523,200,137
229,7.862069,13,0,person,0.5173922777175903,1686,500,1737,673,51,173
229,7.862069,19,0,person,0.48722004890441895,1657,433,1696,578,39,145
229,7.862069,21,0,person,0.4437825083732605,1726,547,1791,654,65,107
229,7.862069,4,0,person,0.2998506426811218,1333,427,1377,518,44,91
229,7.862069,18,0,person,0.26077452301979065,1699,445,1743,549,44,104
230,7.896552,2,2,car,0.8294168710708618,844,483,1120,658,276,175
230,7.896552,1,2,car,0.8186923265457153,1521,394,1816,539,295,145
230,7.896552,9,0,person,0.8153064250946045,1480,490,1540,659,60,169
230,7.896552,5,0,person,0.800584077835083,1218,475,1282,638,64,163
230,7.896552,8,0,person,0.7825002074241638,1374,462,1446,634,72,172
230,7.896552,7,0,person,0.7406278252601624,1337,463,1395,618,58,155
230,7.896552,14,0,person,0.7220020890235901,1562,482,1627,634,65,152
230,7.896552,15,0,person,0.7104511857032776,1801,438,1853,584,52,146
230,7.896552,3,2,car,0.7033682465553284,1709,385,1918,556,209,171
230,7.896552,13,0,person,0.6145480275154114,1677,509,1736,673,59,164
230,7.896552,19,0,person,0.46225622296333313,1646,431,1694,578,48,147
230,7.896552,21,0,person,0.3682060241699219,1724,547,1788,652,64,105
231,7.931034,1,2,car,0.8468366265296936,1520,396,1817,540,297,144
231,7.931034,2,2,car,0.8341991305351257,844,483,1120,658,276,175
231,7.931034,9,0,person,0.7943933606147766,1476,491,1538,659,62,168
231,7.931034,5,0,person,0.7942456603050232,1216,475,1280,638,64,163
231,7.931034,8,0,person,0.7752238512039185,1374,463,1439,633,65,170
231,7.931034,14,0,person,0.768703818321228,1556,480,1627,633,71,153
231,7.931034,3,2,car,0.729078471660614,1709,384,1918,558,209,174
231,7.931034,7,0,person,0.727307140827179,1334,463,1393,619,59,156
231,7.931034,15,0,person,0.7097143530845642,1798,438,1851,584,53,146
231,7.931034,13,0,person,0.6047947406768799,1666,504,1733,673,67,169
231,7.931034,19,0,person,0.5799114108085632,1638,433,1693,578,55,145
232,7.965517,1,2,car,0.8428901433944702,1521,395,1817,539,296,144
232,7.965517,2,2,car,0.8360645771026611,844,483,1120,658,276,175
232,7.965517,9,0,person,0.8064457774162292,1474,491,1536,661,62,170
232,7.965517,14,0,person,0.767418622970581,1550,479,1627,633,77,154
232,7.965517,8,0,person,0.7621498107910156,1373,462,1435,632,62,170
232,7.965517,5,0,person,0.7583828568458557,1215,477,1280,639,65,162
232,7.965517,7,0,person,0.7456763386726379,1334,464,1393,616,59,152
232,7.965517,3,2,car,0.6900832653045654,1709,384,1918,549,209,165
232,7.965517,13,0,person,0.6744698286056519,1662,505,1731,671,69,166
232,7.965517,15,0,person,0.649594247341156,1799,437,1849,582,50,145
232,7.965517,19,0,person,0.6469025611877441,1632,433,1691,577,59,144
233,8.0,2,2,car,0.8373489379882812,844,483,1120,658,276,175
233,8.0,1,2,car,0.8331555128097534,1521,396,1817,537,296,141
233,8.0,9,0,person,0.8295640349388123,1471,492,1536,662,65,170
233,8.0,14,0,person,0.7956371903419495,1538,479,1627,633,89,154
233,8.0,7,0,person,0.7733285427093506,1331,464,1392,622,61,158
233,8.0,5,0,person,0.7681295871734619,1214,478,1278,639,64,161
233,8.0,8,0,person,0.7495831847190857,1371,465,1430,632,59,167
233,8.0,15,0,person,0.68277907371521,1794,437,1851,585,57,148
233,8.0,3,2,car,0.6685764789581299,1709,385,1918,520,209,135
233,8.0,13,0,person,0.6010432243347168,1656,501,1730,673,74,172
233,8.0,19,0,person,0.5702154040336609,1631,433,1687,580,56,147
233,8.0,22,0,person,0.5063525438308716,1872,411,1916,559,44,148
234,8.034483,2,2,car,0.8366510272026062,844,483,1120,658,276,175
234,8.034483,9,0,person,0.8273696303367615,1469,493,1535,663,66,170
234,8.034483,1,2,car,0.8154270648956299,1521,392,1817,535,296,143
234,8.034483,14,0,person,0.8052169680595398,1535,479,1629,632,94,153
234,8.034483,5,0,person,0.7686694264411926,1212,477,1276,639,64,162
234,8.034483,7,0,person,0.7269360423088074,1330,465,1390,621,60,156
234,8.034483,13,0,person,0.6981578469276428,1656,503,1730,671,74,168
234,8.034483,8,0,person,0.6860566735267639,1372,464,1422,633,50,169
234,8.034483,3,2,car,0.68384850025177,1715,385,1899,516,184,131
234,8.034483,15,0,person,0.6733471155166626,1795,436,1847,585,52,149
234,8.034483,22,0,person,0.5382859706878662,1873,414,1918,564,45,150
234,8.034483,19,0,person,0.48441293835639954,1629,433,1687,576,58,143
235,8.068966,2,2,car,0.8347655534744263,844,483,1121,658,277,175
235,8.068966,9,0,person,0.8264408707618713,1468,495,1533,663,65,168
235,8.068966,1,2,car,0.8131626844406128,1521,394,1816,535,295,141
235,8.068966,14,0,person,0.8057205677032471,1532,481,1628,632,96,151
235,8.068966,5,0,person,0.7941226363182068,1212,478,1274,639,62,161
235,8.068966,13,0,person,0.7086118459701538,1654,501,1730,672,76,171
235,8.068966,7,0,person,0.7055603861808777,1329,463,1387,621,58,158
235,8.068966,3,2,car,0.6968942284584045,1709,384,1918,518,209,134
235,8.068966,15,0,person,0.6726337671279907,1790,436,1849,586,59,150
235,8.068966,8,0,person,0.6366313695907593,1371,464,1418,634,47,170
235,8.068966,22,0,person,0.5431190729141235,1873,416,1915,562,42,146
235,8.068966,19,0,person,0.4844209551811218,1627,431,1686,577,59,146
236,8.103448,2,2,car,0.8324592113494873,843,483,1120,658,277,175
236,8.103448,9,0,person,0.8224506974220276,1467,495,1532,663,65,168
236,8.103448,14,0,person,0.8101142048835754,1530,483,1627,633,97,150
236,8.103448,1,2,car,0.7831834554672241,1522,392,1813,536,291,144
236,8.103448,5,0,person,0.7613241672515869,1209,478,1272,639,63,161
236,8.103448,13,0,person,0.7413511872291565,1652,498,1730,672,78,174
236,8.103448,3,2,car,0.7331200242042542,1710,384,1918,517,208,133
236,8.103448,8,0,person,0.6935791373252869,1372,466,1416,633,44,167
236,8.103448,7,0,person,0.693181574344635,1329,467,1385,621,56,154
236,8.103448,15,0,person,0.5747136473655701,1782,436,1849,586,67,150
236,8.103448,19,0,person,0.4881232678890228,1628,429,1681,579,53,150
236,8.103448,22,0,person,0.4344290494918823,1864,419,1917,564,53,145
236,8.103448,18,0,person,0.29767197370529175,1694,444,1735,539,41,95
237,8.137931,2,2,car,0.8367384672164917,843,483,1120,658,277,175
237,8.137931,9,0,person,0.8168893456459045,1467,495,1529,662,62,167
237,8.137931,14,0,person,0.8080509305000305,1529,479,1625,632,96,153
237,8.137931,1,2,car,0.7755991816520691,1521,393,1815,537,294,144
237,8.137931,5,0,person,0.7608689665794373,1208,478,1270,641,62,163
237,8.137931,13,0,person,0.7327616214752197,1653,501,1730,673,77,172
237,8.137931,3,2,car,0.7203690409660339,1710,384,1918,515,208,131
237,8.137931,7,0,person,0.7058022618293762,1330,466,1381,621,51,155
237,8.137931,8,0,person,0.6936895847320557,1367,465,1414,637,47,172
237,8.137931,15,0,person,0.535697877407074,1776,438,1847,582,71,144
237,8.137931,19,0,person,0.4774346947669983,1625,430,1681,582,56,152
237,8.137931,22,0,person,0.45652177929878235,1858,417,1916,565,58,148
237,8.137931,23,0,person,0.40030789375305176,1315,428,1363,581,48,153
237,8.137931,18,0,person,0.30427873134613037,1691,443,1734,540,43,97
238,8.172414,2,2,car,0.8470665216445923,843,483,1121,657,278,174
238,8.172414,14,0,person,0.8158738613128662,1526,479,1623,632,97,153
238,8.172414,9,0,person,0.8133437037467957,1466,494,1527,662,61,168
238,8.172414,1,2,car,0.8085402250289917,1522,393,1813,537,291,144
238,8.172414,5,0,person,0.7466830611228943,1208,479,1268,641,60,162
238,8.172414,8,0,person,0.7034408450126648,1360,466,1415,638,55,172
238,8.172414,3,2,car,0.6806684732437134,1712,384,1918,514,206,130
238,8.172414,7,0,person,0.6487812995910645,1330,469,1374,622,44,153
238,8.172414,13,0,person,0.6369619965553284,1651,498,1728,672,77,174
238,8.172414,22,0,person,0.5451977849006653,1855,415,1906,563,51,148
238,8.172414,15,0,person,0.544849157333374,1777,439,1845,583,68,144
238,8.172414,19,0,person,0.48141908645629883,1624,428,1678,583,54,155
238,8.172414,23,0,person,0.33481571078300476,1315,430,1361,576,46,146
238,8.172414,18,0,person,0.2863616645336151,1691,441,1733,538,42,97
239,8.206897,2,2,car,0.8457096219062805,842,483,1121,657,279,174
239,8.206897,14,0,person,0.7967479825019836,1523,474,1616,632,93,158
239,8.206897,9,0,person,0.7878897786140442,1466,493,1526,663,60,170
239,8.206897,1,2,car,0.7778245806694031,1522,393,1813,536,291,143
239,8.206897,5,0,person,0.7557162046432495,1204,478,1266,641,62,163
239,8.206897,8,0,person,0.7262257933616638,1354,467,1417,639,63,172
239,8.206897,3,2,car,0.6760417819023132,1711,384,1918,509,207,125
239,8.206897,7,0,person,0.6647660136222839,1326,466,1371,622,45,156
239,8.206897,13,0,person,0.6372969150543213,1650,503,1727,672,77,169
239,8.206897,15,0,person,0.5939664840698242,1775,441,1841,584,66,143
239,8.206897,22,0,person,0.5545305609703064,1849,416,1904,563,55,147
239,8.206897,19,0,person,0.4968562424182892,1625,431,1675,576,50,145
239,8.206897,18,0,person,0.3274693787097931,1689,441,1732,543,43,102
239,8.206897,23,0,person,0.26994603872299194,1314,431,1360,578,46,147
240,8.241379,2,2,car,0.846177339553833,843,483,1121,657,278,174
240,8.241379,14,0,person,0.8023856282234192,1523,468,1608,631,85,163
240,8.241379,5,0,person,0.7782520651817322,1203,479,1262,642,59,163
240,8.241379,1,2,car,0.7698308229446411,1522,393,1812,537,290,144
240,8.241379,9,0,person,0.7499235272407532,1465,493,1518,662,53,169
240,8.241379,8,0,person,0.7212125658988953,1348,467,1420,638,72,171
240,8.241379,3,2,car,0.6857593655586243,1710,384,1918,503,208,119
240,8.241379,7,0,person,0.6507737636566162,1328,469,1368,622,40,153
240,8.241379,13,0,person,0.6419272422790527,1650,508,1723,672,73,164
240,8.241379,15,0,person,0.6297092437744141,1771,439,1839,586,68,147
240,8.241379,22,0,person,0.5613211393356323,1847,415,1904,563,57,148
240,8.241379,19,0,person,0.512099027633667,1625,431,1673,576,48,145
240,8.241379,18,0,person,0.346598744392395,1688,440,1730,544,42,104
240,8.241379,23,0,person,0.3144163489341736,1309,432,1361,578,52,146
241,8.275862,2,2,car,0.8531798124313354,843,483,1121,657,278,174
241,8.275862,14,0,person,0.785599946975708,1525,466,1603,630,78,164
241,8.275862,9,0,person,0.7664126753807068,1465,494,1517,661,52,167
241,8.275862,1,2,car,0.7647068500518799,1521,393,1811,535,290,142
241,8.275862,5,0,person,0.7622149586677551,1205,479,1261,641,56,162
241,8.275862,8,0,person,0.7328202724456787,1338,471,1420,638,82,167
241,8.275862,3,2,car,0.7058483958244324,1712,385,1919,492,207,107
241,8.275862,15,0,person,0.6437876224517822,1770,443,1838,587,68,144
241,8.275862,13,0,person,0.6076027154922485,1651,509,1721,672,70,163
241,8.275862,22,0,person,0.5694458484649658,1843,416,1904,563,61,147
241,8.275862,19,0,person,0.5364656448364258,1625,431,1671,576,46,145
241,8.275862,7,0,person,0.5256943702697754,1324,470,1366,622,42,152
241,8.275862,23,0,person,0.36744174361228943,1299,432,1356,591,57,159
241,8.275862,18,0,person,0.34396469593048096,1686,441,1728,547,42,106
242,8.310345,2,2,car,0.847455620765686,843,483,1121,657,278,174
242,8.310345,14,0,person,0.783028244972229,1525,471,1593,630,68,159
242,8.310345,5,0,person,0.7731665372848511,1201,479,1259,642,58,163
242,8.310345,9,0,person,0.7635440230369568,1461,493,1512,662,51,169
242,8.310345,8,0,person,0.755476713180542,1343,469,1421,638,78,169
242,8.310345,1,2,car,0.7519811391830444,1522,393,1812,537,290,144
242,8.310345,3,2,car,0.680046021938324,1710,385,1919,492,209,107
242,8.310345,15,0,person,0.6763769388198853,1769,443,1838,587,69,144
242,8.310345,13,0,person,0.6682249307632446,1650,507,1716,673,66,166
242,8.310345,22,0,person,0.5996186137199402,1841,416,1904,563,63,147
242,8.310345,7,0,person,0.5534704327583313,1321,473,1365,622,44,149
242,8.310345,19,0,person,0.47405606508255005,1626,434,1669,577,43,143
242,8.310345,23,0,person,0.37218791246414185,1298,433,1357,589,59,156
242,8.310345,18,0,person,0.33654841780662537,1684,445,1726,551,42,106
243,8.344828,2,2,car,0.8523507714271545,843,483,1121,657,278,174
243,8.344828,9,0,person,0.8018971681594849,1460,494,1507,662,47,168
243,8.344828,8,0,person,0.7725102305412292,1341,469,1420,641,79,172
243,8.344828,5,0,person,0.7632939219474792,1202,479,1256,642,54,163
243,8.344828,1,2,car,0.7450684309005737,1521,393,1812,539,291,146
243,8.344828,14,0,person,0.7268404364585876,1523,472,1583,629,60,157
243,8.344828,3,2,car,0.6899104714393616,1709,386,1919,493,210,107
243,8.344828,15,0,person,0.6663320660591125,1769,442,1834,587,65,145
243,8.344828,22,0,person,0.6335767507553101,1840,418,1904,565,64,147
243,8.344828,13,0,person,0.6183841824531555,1650,505,1714,673,64,168
243,8.344828,19,0,person,0.43819838762283325,1624,433,1668,578,44,145
243,8.344828,7,0,person,0.42605793476104736,1316,473,1364,620,48,147
243,8.344828,18,0,person,0.31898069381713867,1682,447,1723,553,41,106
244,8.37931,2,2,car,0.8445627689361572,843,483,1121,658,278,175
244,8.37931,9,0,person,0.8346189260482788,1456,496,1505,663,49,167
244,8.37931,8,0,person,0.7865756154060364,1338,471,1420,642,82,171
244,8.37931,5,0,person,0.7786731123924255,1199,479,1254,645,55,166
244,8.37931,1,2,car,0.7348580956459045,1521,394,1811,539,290,145
244,8.37931,22,0,person,0.6856527328491211,1840,416,1903,566,63,150
244,8.37931,15,0,person,0.676899254322052,1769,441,1831,586,62,145
244,8.37931,3,2,car,0.6634219884872437,1709,384,1918,497,209,113
244,8.37931,14,0,person,0.6532710194587708,1524,470,1574,631,50,161
244,8.37931,13,0,person,0.5254544615745544,1649,509,1735,673,86,164
244,8.37931,7,0,person,0.48932522535324097,1316,472,1362,620,46,148
244,8.37931,19,0,person,0.4158807694911957,1624,435,1666,578,42,143
244,8.37931,18,0,person,0.3880762755870819,1679,445,1723,552,44,107
244,8.37931,23,0,person,0.267116904258728,1297,441,1353,605,56,164
245,8.413793,9,0,person,0.8491930365562439,1453,497,1503,664,50,167
245,8.413793,2,2,car,0.8468486070632935,843,483,1120,658,277,175
245,8.413793,5,0,person,0.799929678440094,1193,480,1252,645,59,165
245,8.413793,8,0,person,0.7803055047988892,1338,473,1415,643,77,170
245,8.413793,1,2,car,0.7167027592658997,1522,394,1808,540,286,146
245,8.413793,3,2,car,0.6764986515045166,1709,384,1919,505,210,121
245,8.413793,15,0,person,0.6755422353744507,1769,440,1828,586,59,146
245,8.413793,22,0,person,0.669715940952301,1840,414,1903,565,63,151
245,8.413793,14,0,person,0.6587129831314087,1519,468,1565,631,46,163
245,8.413793,23,0,person,0.6452823281288147,1296,455,1360,621,64,166
245,8.413793,18,0,person,0.48689067363739014,1678,446,1720,554,42,108
245,8.413793,13,0,person,0.4861449897289276,1645,498,1723,673,78,175
245,8.413793,19,0,person,0.43121281266212463,1623,433,1663,578,40,145
246,8.448276,2,2,car,0.844192624092102,843,483,1120,658,277,175
246,8.448276,9,0,person,0.8393945693969727,1450,496,1504,664,54,168
246,8.448276,5,0,person,0.8032355904579163,1189,480,1251,646,62,166
246,8.448276,8,0,person,0.7945377230644226,1337,473,1414,643,77,170
246,8.448276,23,0,person,0.7385357618331909,1288,469,1358,622,70,153
246,8.448276,1,2,car,0.7166708111763,1522,394,1804,537,282,143
246,8.448276,14,0,person,0.7058452367782593,1500,467,1561,633,61,166
246,8.448276,15,0,person,0.6708597540855408,1769,440,1826,586,57,146
246,8.448276,3,2,car,0.6603963375091553,1710,384,1919,511,209,127
246,8.448276,22,0,person,0.6570918560028076,1839,413,1901,565,62,152
246,8.448276,18,0,person,0.4775090515613556,1675,446,1721,558,46,112
246,8.448276,13,0,person,0.45891720056533813,1638,498,1716,673,78,175
246,8.448276,19,0,person,0.3861772119998932,1619,433,1660,578,41,145
247,8.482759,2,2,car,0.8454614877700806,843,483,1121,657,278,174
247,8.482759,9,0,person,0.8096349239349365,1447,495,1502,664,55,169
247,8.482759,5,0,person,0.8044859170913696,1184,481,1251,647,67,166
247,8.482759,3,2,car,0.7356783747673035,1709,384,1920,519,211,135
247,8.482759,1,2,car,0.715194046497345,1522,394,1795,538,273,144
247,8.482759,8,0,person,0.7133212685585022,1331,473,1409,644,78,171
247,8.482759,14,0,person,0.6974632143974304,1511,465,1559,633,48,168
247,8.482759,23,0,person,0.6421943306922913,1285,476,1355,621,70,145
247,8.482759,15,0,person,0.6393730640411377,1769,440,1823,586,54,146
247,8.482759,22,0,person,0.6026749014854431,1838,415,1895,565,57,150
247,8.482759,13,0,person,0.4675609767436981,1639,500,1712,673,73,173
247,8.482759,19,0,person,0.42003607749938965,1615,431,1656,576,41,145
247,8.482759,18,0,person,0.3982873558998108,1676,446,1720,555,44,109
248,8.517241,2,2,car,0.8500639796257019,843,483,1122,657,279,174
248,8.517241,5,0,person,0.8208206295967102,1184,482,1250,649,66,167
248,8.517241,9,0,person,0.8032546043395996,1440,496,1500,664,60,168
248,8.517241,3,2,car,0.7772610783576965,1709,383,1918,525,209,142
248,8.517241,14,0,person,0.7576021552085876,1503,469,1558,633,55,164
248,8.517241,1,2,car,0.712759256362915,1522,394,1789,541,267,147
248,8.517241,23,0,person,0.6767302751541138,1280,474,1354,622,74,148
248,8.517241,8,0,person,0.6675981879234314,1332,475,1405,643,73,168
248,8.517241,22,0,person,0.6006221771240234,1838,415,1889,565,51,150
248,8.517241,15,0,person,0.5761435627937317,1770,445,1818,585,48,140
248,8.517241,13,0,person,0.4888932406902313,1634,500,1705,674,71,174
248,8.517241,19,0,person,0.47161275148391724,1612,431,1655,576,43,145
248,8.517241,18,0,person,0.31867367029190063,1675,448,1719,560,44,112
249,8.551724,2,2,car,0.8457147479057312,843,483,1122,657,279,174
249,8.551724,5,0,person,0.8237823843955994,1185,484,1250,650,65,166
249,8.551724,9,0,person,0.804915726184845,1430,498,1499,665,69,167
249,8.551724,14,0,person,0.7874634265899658,1493,475,1557,631,64,156
249,8.551724,3,2,car,0.7484561204910278,1707,385,1920,524,213,139
249,8.551724,1,2,car,0.727104902267456,1522,394,1787,542,265,148
249,8.551724,8,0,person,0.7008600831031799,1332,476,1399,643,67,167
249,8.551724,23,0,person,0.6794998645782471,1277,473,1351,623,74,150
249,8.551724,15,0,person,0.5854261517524719,1770,441,1817,584,47,143
249,8.551724,13,0,person,0.5642677545547485,1633,507,1696,676,63,169
249,8.551724,22,0,person,0.5583977699279785,1833,416,1886,564,53,148
249,8.551724,19,0,person,0.32421135902404785,1607,435,1653,575,46,140
249,8.551724,18,0,person,0.3170393705368042,1672,448,1720,587,48,139
250,8.586207,2,2,car,0.837834358215332,843,483,1123,657,280,174
250,8.586207,5,0,person,0.814509391784668,1187,486,1249,651,62,165
250,8.586207,9,0,person,0.8126881122589111,1423,499,1498,666,75,167
250,8.586207,14,0,person,0.7875684499740601,1491,475,1557,631,66,156
250,8.586207,3,2,car,0.7705025672912598,1712,383,1919,522,207,139
250,8.586207,23,0,person,0.7041393518447876,1276,474,1350,625,74,151
250,8.586207,8,0,person,0.6988092064857483,1332,477,1391,645,59,168
250,8.586207,1,2,car,0.6675996780395508,1522,394,1787,539,265,145
250,8.586207,13,0,person,0.6117019057273865,1625,509,1693,675,68,166
250,8.586207,15,0,person,0.590067982673645,1769,445,1813,585,44,140
250,8.586207,22,0,person,0.4885677099227905,1833,416,1882,564,49,148
250,8.586207,19,0,person,0.41243353486061096,1602,435,1651,576,49,141
250,8.586207,18,0,person,0.36435988545417786,1672,446,1718,592,46,146
251,8.62069,9,0,person,0.8294826745986938,1417,500,1495,667,78,167
251,8.62069,2,2,car,0.8287389874458313,843,483,1123,658,280,175
251,8.62069,5,0,person,0.8186114430427551,1187,486,1249,651,62,165
251,8.62069,14,0,person,0.7942623496055603,1487,475,1556,631,69,156
251,8.62069,3,2,car,0.7775571346282959,1712,383,1919,522,207,139
251,8.62069,23,0,person,0.7214833498001099,1277,473,1351,627,74,154
251,8.62069,1,2,car,0.6920783519744873,1522,395,1783,535,261,140
251,8.62069,13,0,person,0.673900842666626,1615,512,1691,675,76,163
251,8.62069,8,0,person,0.6684411764144897,1333,477,1386,644,53,167
251,8.62069,15,0,person,0.6037728190422058,1766,444,1812,587,46,143
251,8.62069,22,0,person,0.48032066226005554,1833,413,1877,565,44,152
251,8.62069,19,0,person,0.3656991124153137,1593,430,1647,578,54,148
251,8.62069,18,0,person,0.3246566951274872,1668,445,1717,596,49,151
252,8.655172,9,0,person,0.8397558927536011,1413,501,1494,667,81,166
252,8.655172,2,2,car,0.8312724232673645,843,484,1123,658,280,174
252,8.655172,14,0,person,0.8096863627433777,1484,477,1555,631,71,154
252,8.655172,5,0,person,0.8091210722923279,1186,488,1248,653,62,165
252,8.655172,3,2,car,0.8025428652763367,1711,384,1919,523,208,139
252,8.655172,23,0,person,0.7084750533103943,1276,479,1347,627,71,148
252,8.655172,1,2,car,0.6996521949768066,1522,396,1777,535,255,139
252,8.655172,13,0,person,0.6976153254508972,1607,512,1688,675,81,163
252,8.655172,8,0,person,0.6669216752052307,1330,475,1382,646,52,171
252,8.655172,15,0,person,0.6193015575408936,1762,444,1810,588,48,144
252,8.655172,22,0,person,0.46837398409843445,1825,415,1874,567,49,152
252,8.655172,19,0,person,0.3683100640773773,1586,429,1645,578,59,149
252,8.655172,18,0,person,0.33727025985717773,1670,450,1719,592,49,142
253,8.689655,9,0,person,0.8368530869483948,1411,501,1494,668,83,167
253,8.689655,2,2,car,0.8366658687591553,843,483,1123,657,280,174
253,8.689655,5,0,person,0.8033884167671204,1186,488,1248,653,62,165
253,8.689655,3,2,car,0.7987481355667114,1712,383,1919,523,207,140
253,8.689655,14,0,person,0.7951013445854187,1478,476,1556,632,78,156
253,8.689655,13,0,person,0.7541503310203552,1600,507,1685,675,85,168
253,8.689655,23,0,person,0.7141686677932739,1279,472,1344,626,65,154
253,8.689655,1,2,car,0.6972764730453491,1522,395,1780,532,258,137
253,8.689655,8,0,person,0.6807605028152466,1329,475,1381,646,52,171
253,8.689655,15,0,person,0.6134645342826843,1757,442,1811,588,54,146
253,8.689655,22,0,person,0.522584080696106,1821,410,1873,569,52,159
253,8.689655,19,0,person,0.42312467098236084,1584,435,1642,580,58,145
253,8.689655,18,0,person,0.3075001537799835,1668,450,1718,595,50,145
254,8.724138,9,0,person,0.8312182426452637,1410,503,1493,669,83,166
254,8.724138,2,2,car,0.8306519389152527,843,483,1123,658,280,175
254,8.724138,3,2,car,0.7984310984611511,1712,383,1919,523,207,140
254,8.724138,14,0,person,0.7744594812393188,1480,475,1554,632,74,157
254,8.724138,5,0,person,0.7699472904205322,1184,487,1247,654,63,167
254,8.724138,13,0,person,0.7644613981246948,1599,504,1685,676,86,172
254,8.724138,23,0,person,0.7142264246940613,1278,472,1344,626,66,154
254,8.724138,1,2,car,0.699342668056488,1522,395,1779,534,257,139
254,8.724138,8,0,person,0.6966326832771301,1328,475,1379,644,51,169
254,8.724138,15,0,person,0.6296641230583191,1753,443,1807,587,54,144
254,8.724138,22,0,person,0.532281756401062,1816,412,1872,573,56,161
254,8.724138,19,0,person,0.5244024991989136,1581,437,1639,581,58,144
254,8.724138,24,0,person,0.3459526300430298,1287,437,1337,503,50,66
254,8.724138,18,0,person,0.3304730951786041,1666,451,1713,602,47,151
255,8.758621,9,0,person,0.8487520813941956,1411,504,1492,669,81,165
255,8.758621,2,2,car,0.8315846920013428,843,483,1123,658,280,175
255,8.758621,3,2,car,0.7912629246711731,1711,384,1919,521,208,137
255,8.758621,14,0,person,0.7867100238800049,1480,477,1547,633,67,156
255,8.758621,5,0,person,0.7692198157310486,1181,487,1240,654,59,167
255,8.758621,13,0,person,0.7445812225341797,1599,506,1684,676,85,170
255,8.758621,8,0,person,0.711739718914032,1325,475,1377,645,52,170
255,8.758621,23,0,person,0.7115017771720886,1277,470,1338,627,61,157
255,8.758621,1,2,car,0.6936547756195068,1522,396,1778,534,256,138
255,8.758621,15,0,person,0.669248104095459,1743,444,1805,589,62,145
255,8.758621,22,0,person,0.5914345383644104,1815,416,1870,564,55,148
255,8.758621,19,0,person,0.5388258695602417,1580,438,1640,582,60,144
255,8.758621,18,0,person,0.3942803144454956,1666,452,1710,602,44,150
255,8.758621,24,0,person,0.2737002670764923,1286,438,1336,503,50,65
256,8.793103,9,0,person,0.8551400303840637,1409,504,1492,669,83,165
256,8.793103,2,2,car,0.8325585126876831,843,483,1123,658,280,175
256,8.793103,3,2,car,0.7964686155319214,1711,384,1919,522,208,138
256,8.793103,14,0,person,0.7783738374710083,1471,477,1540,632,69,155
256,8.793103,5,0,person,0.7674034833908081,1178,490,1234,655,56,165
256,8.793103,8,0,person,0.743361234664917,1318,477,1375,644,57,167
256,8.793103,13,0,person,0.7269622087478638,1596,506,1682,676,86,170
256,8.793103,1,2,car,0.7227275371551514,1522,396,1774,534,252,138
256,8.793103,15,0,person,0.6746464967727661,1738,444,1804,590,66,146
256,8.793103,22,0,person,0.6419017314910889,1811,417,1867,565,56,148
256,8.793103,23,0,person,0.6385388374328613,1277,476,1335,627,58,151
256,8.793103,19,0,person,0.5593135356903076,1579,439,1639,583,60,144
256,8.793103,18,0,person,0.42836999893188477,1665,452,1707,603,42,151
256,8.793103,24,0,person,0.31053999066352844,1284,439,1335,513,51,74
257,8.827586,9,0,person,0.8564751744270325,1409,505,1493,670,84,165
257,8.827586,2,2,car,0.8324201703071594,844,483,1123,658,279,175
257,8.827586,5,0,person,0.7914149761199951,1175,491,1230,655,55,164
257,8.827586,8,0,person,0.7817705869674683,1313,478,1373,644,60,166
257,8.827586,14,0,person,0.768110990524292,1470,475,1533,634,63,159
257,8.827586,3,2,car,0.7604776620864868,1710,384,1918,522,208,138
257,8.827586,13,0,person,0.7426514029502869,1597,507,1682,677,85,170
257,8.827586,1,2,car,0.7264540195465088,1522,397,1773,537,251,140
257,8.827586,15,0,person,0.6916053891181946,1733,439,1803,590,70,151
257,8.827586,22,0,person,0.6524164080619812,1807,416,1867,570,60,154
257,8.827586,23,0,person,0.6083295941352844,1277,475,1330,627,53,152
257,8.827586,19,0,person,0.5768723487854004,1579,437,1637,582,58,145
257,8.827586,18,0,person,0.38492658734321594,1663,456,1705,606,42,150
258,8.862069,9,0,person,0.8419546484947205,1410,503,1490,670,80,167
258,8.862069,2,2,car,0.8325441479682922,844,483,1123,658,279,175
258,8.862069,5,0,person,0.7805926203727722,1173,491,1229,656,56,165
258,8.862069,8,0,person,0.7801679968833923,1307,478,1371,645,64,167
258,8.862069,13,0,person,0.7792723178863525,1598,506,1686,675,88,169
258,8.862069,14,0,person,0.7610976099967957,1470,476,1527,633,57,157
258,8.862069,3,2,car,0.7579008936882019,1711,384,1919,523,208,139
258,8.862069,15,0,person,0.7315886616706848,1732,439,1802,589,70,150
258,8.862069,1,2,car,0.6960573792457581,1522,396,1774,537,252,141
258,8.862069,23,0,person,0.6797390580177307,1278,476,1328,628,50,152
258,8.862069,22,0,person,0.6228252649307251,1806,419,1866,569,60,150
258,8.862069,19,0,person,0.6186621189117432,1581,437,1630,584,49,147
258,8.862069,18,0,person,0.39271682500839233,1661,452,1706,601,45,149
258,8.862069,24,0,person,0.3634575605392456,1281,438,1333,512,52,74
259,8.896552,2,2,car,0.839784562587738,844,483,1123,658,279,175
259,8.896552,9,0,person,0.8248080611228943,1410,503,1487,669,77,166
259,8.896552,13,0,person,0.8016119003295898,1597,507,1681,676,84,169
259,8.896552,5,0,person,0.7982302308082581,1172,490,1227,657,55,167
259,8.896552,8,0,person,0.785767138004303,1299,478,1370,646,71,168
259,8.896552,3,2,car,0.7503500580787659,1711,384,1919,522,208,138
259,8.896552,14,0,person,0.7289268374443054,1466,475,1520,635,54,160
259,8.896552,15,0,person,0.7213218212127686,1733,437,1801,591,68,154
259,8.896552,23,0,person,0.7045928835868835,1276,476,1328,629,52,153
259,8.896552,22,0,person,0.6628344058990479,1797,420,1865,568,68,148
259,8.896552,1,2,car,0.6469598412513733,1523,395,1781,538,258,143
259,8.896552,19,0,person,0.5835206508636475,1581,438,1627,584,46,146
259,8.896552,18,0,person,0.5173539519309998,1660,453,1705,601,45,148
259,8.896552,24,0,person,0.41187402606010437,1280,439,1332,512,52,73
260,8.931034,2,2,car,0.8280296921730042,844,483,1123,658,279,175
260,8.931034,9,0,person,0.8017258048057556,1409,501,1483,671,74,170
260,8.931034,8,0,person,0.7994323968887329,1295,479,1367,647,72,168
260,8.931034,5,0,person,0.7945520281791687,1167,492,1224,660,57,168
260,8.931034,13,0,person,0.7781926393508911,1595,508,1676,676,81,168
260,8.931034,3,2,car,0.7512388825416565,1711,384,1919,523,208,139
260,8.931034,23,0,person,0.710989773273468,1273,477,1325,629,52,152
260,8.931034,14,0,person,0.6929938793182373,1466,475,1517,635,51,160
260,8.931034,15,0,person,0.6904703974723816,1730,437,1800,591,70,154
260,8.931034,22,0,person,0.6696642637252808,1794,422,1865,568,71,146
260,8.931034,19,0,person,0.5325447916984558,1583,440,1629,585,46,145
260,8.931034,18,0,person,0.47151413559913635,1660,452,1704,604,44,152
260,8.931034,1,2,car,0.4709169864654541,1522,398,1798,540,276,142
260,8.931034,24,0,person,0.4543164372444153,1279,441,1330,507,51,66
261,8.965517,2,2,car,0.8281474709510803,844,483,1123,658,279,175
261,8.965517,5,0,person,0.8114774227142334,1165,492,1224,660,59,168
261,8.965517,8,0,person,0.8010890483856201,1288,480,1367,647,79,167
261,8.965517,9,0,person,0.8008350133895874,1409,503,1478,670,69,167
261,8.965517,13,0,person,0.7872429490089417,1595,508,1673,676,78,168
261,8.965517,3,2,car,0.749615490436554,1712,384,1919,522,207,138
261,8.965517,23,0,person,0.7326202392578125,1269,476,1325,631,56,155
261,8.965517,15,0,person,0.7241882681846619,1729,442,1798,590,69,148
261,8.965517,14,0,person,0.6830341219902039,1465,475,1515,637,50,162
261,8.965517,22,0,person,0.667710542678833,1792,422,1865,568,73,146
261,8.965517,18,0,person,0.533362090587616,1660,454,1703,606,43,152
261,8.965517,1,2,car,0.5151271224021912,1522,398,1814,541,292,143
261,8.965517,19,0,person,0.48319926857948303,1585,440,1629,583,44,143
261,8.965517,24,0,person,0.433398574590683,1279,441,1330,510,51,69
262,9.0,2,2,car,0.829055905342102,844,483,1123,658,279,175
262,9.0,8,0,person,0.8267322778701782,1286,478,1364,647,78,169
262,9.0,9,0,person,0.7923571467399597,1408,500,1474,671,66,171
262,9.0,3,2,car,0.7729321718215942,1714,384,1919,522,205,138
262,9.0,5,0,person,0.7724065184593201,1162,493,1221,660,59,167
262,9.0,13,0,person,0.7608270049095154,1596,507,1667,676,71,169
262,9.0,23,0,person,0.7397118806838989,1268,475,1321,638,53,163
262,9.0,14,0,person,0.7201718688011169,1461,473,1511,636,50,163
262,9.0,15,0,person,0.7106618285179138,1730,441,1797,589,67,148
262,9.0,18,0,person,0.6762589812278748,1656,450,1701,605,45,155
262,9.0,22,0,person,0.6629002690315247,1791,421,1865,568,74,147
262,9.0,1,2,car,0.5205484628677368,1522,398,1831,542,309,144
262,9.0,24,0,person,0.36279523372650146,1280,441,1329,506,49,65
262,9.0,19,0,person,0.317613810300827,1588,439,1628,585,40,146
263,9.034483,8,0,person,0.8270677924156189,1279,478,1364,648,85,170
263,9.034483,2,2,car,0.826560914516449,844,483,1123,658,279,175
263,9.034483,9,0,person,0.8124120831489563,1408,503,1470,672,62,169
263,9.034483,5,0,person,0.7941842675209045,1157,493,1218,664,61,171
263,9.034483,3,2,car,0.7920622825622559,1713,384,1919,522,206,138
263,9.034483,13,0,person,0.7659010887145996,1596,503,1662,674,66,171
263,9.034483,14,0,person,0.7519088387489319,1456,474,1509,635,53,161
263,9.034483,23,0,person,0.737514853477478,1266,477,1321,636,55,159
263,9.034483,15,0,person,0.6937611699104309,1729,443,1795,589,66,146
263,9.034483,18,0,person,0.6733315587043762,1655,452,1700,606,45,154
263,9.034483,22,0,person,0.6254575848579407,1791,417,1866,569,75,152
263,9.034483,1,2,car,0.6153998970985413,1522,397,1829,545,307,148
263,9.034483,19,0,person,0.30503198504447937,1581,429,1626,618,45,189
264,9.068966,2,2,car,0.8306786417961121,844,484,1123,658,279,174
264,9.068966,8,0,person,0.8172710537910461,1281,480,1363,649,82,169
264,9.068966,5,0,person,0.7875131964683533,1152,495,1216,663,64,168
264,9.068966,9,0,person,0.7804930806159973,1403,503,1465,671,62,168
264,9.068966,3,2,car,0.7669022679328918,1712,384,1919,523,207,139
264,9.068966,23,0,person,0.761724591255188,1261,478,1321,636,60,158
264,9.068966,13,0,person,0.7556529641151428,1596,501,1655,673,59,172
264,9.068966,14,0,person,0.7405106425285339,1453,476,1506,637,53,161
264,9.068966,18,0,person,0.7057371139526367,1649,453,1698,606,49,153
264,9.068966,15,0,person,0.6866005659103394,1728,445,1794,590,66,145
264,9.068966,1,2,car,0.6453685760498047,1522,396,1822,554,300,158
264,9.068966,22,0,person,0.6261221766471863,1791,421,1866,570,75,149
264,9.068966,19,0,person,0.3294880986213684,1576,440,1627,625,51,185
265,9.103448,8,0,person,0.8305553197860718,1284,481,1362,649,78,168
265,9.103448,2,2,car,0.8236249089241028,844,484,1123,658,279,174
265,9.103448,9,0,person,0.8122904300689697,1400,500,1457,671,57,171
265,9.103448,5,0,person,0.776922345161438,1151,495,1214,663,63,168
265,9.103448,23,0,person,0.7752642035484314,1257,476,1318,636,61,160
265,9.103448,14,0,person,0.7639578580856323,1444,477,1503,637,59,160
265,9.103448,3,2,car,0.7563877701759338,1711,386,1918,522,207,136
265,9.103448,18,0,person,0.7173040509223938,1647,454,1699,606,52,152
265,9.103448,13,0,person,0.707801103591919,1595,494,1652,673,57,179
265,9.103448,15,0,person,0.7039833664894104,1727,443,1791,591,64,148
265,9.103448,22,0,person,0.6242020130157471,1788,418,1863,570,75,152
265,9.103448,1,2,car,0.6215682625770569,1521,398,1808,545,287,147
265,9.103448,19,0,person,0.35677337646484375,1570,440,1620,615,50,175
265,9.103448,24,0,person,0.3246644139289856,1278,441,1327,512,49,71
266,9.137931,8,0,person,0.839320182800293,1283,482,1362,649,79,167
266,9.137931,9,0,person,0.8302969336509705,1397,501,1455,672,58,171
266,9.137931,2,2,car,0.8210300803184509,844,483,1123,658,279,175
266,9.137931,5,0,person,0.7969149947166443,1149,496,1215,665,66,169
266,9.137931,14,0,person,0.7899960875511169,1440,478,1501,636,61,158
266,9.137931,23,0,person,0.7819637656211853,1252,478,1315,633,63,155
266,9.137931,3,2,car,0.7562042474746704,1711,385,1918,524,207,139
266,9.137931,18,0,person,0.7133910655975342,1644,453,1698,606,54,153
266,9.137931,15,0,person,0.7044107913970947,1728,442,1787,591,59,149
266,9.137931,13,0,person,0.6580037474632263,1591,492,1652,673,61,181
266,9.137931,22,0,person,0.6218116283416748,1786,422,1861,571,75,149
266,9.137931,1,2,car,0.5304015874862671,1522,397,1800,543,278,146
266,9.137931,19,0,person,0.3390783369541168,1569,440,1618,618,49,178
266,9.137931,24,0,person,0.32718485593795776,1276,441,1324,518,48,77
267,9.172414,8,0,person,0.8312693238258362,1282,481,1360,649,78,168
267,9.172414,9,0,person,0.830467939376831,1392,502,1455,674,63,172
267,9.172414,2,2,car,0.8211629390716553,844,483,1122,658,278,175
267,9.172414,14,0,person,0.7915971279144287,1437,478,1501,636,64,158
267,9.172414,23,0,person,0.7846842408180237,1249,475,1312,637,63,162
267,9.172414,5,0,person,0.7711841464042664,1144,496,1211,666,67,170
267,9.172414,3,2,car,0.7257543802261353,1713,386,1918,523,205,137
267,9.172414,18,0,person,0.7247291207313538,1643,452,1698,605,55,153
267,9.172414,15,0,person,0.6971774101257324,1728,441,1784,591,56,150
267,9.172414,22,0,person,0.6120001673698425,1783,425,1861,570,78,145
267,9.172414,13,0,person,0.5020751953125,1586,496,1650,673,64,177
267,9.172414,1,2,car,0.49755528569221497,1521,397,1796,542,275,145
267,9.172414,24,0,person,0.319505900144577,1276,441,1322,516,46,75
267,9.172414,19,0,person,0.30820855498313904,1570,441,1617,613,47,172
268,9.206897,8,0,person,0.8329085111618042,1281,482,1357,650,76,168
268,9.206897,2,2,car,0.8254377245903015,844,483,1122,658,278,175
268,9.206897,9,0,person,0.8204929232597351,1387,501,1453,674,66,173
268,9.206897,14,0,person,0.8138655424118042,1433,478,1502,637,69,159
268,9.206897,23,0,person,0.7731205224990845,1248,478,1311,635,63,157
268,9.206897,5,0,person,0.7697874903678894,1142,498,1209,667,67,169
268,9.206897,18,0,person,0.7439772486686707,1642,451,1697,606,55,155
268,9.206897,3,2,car,0.7222709655761719,1713,385,1918,523,205,138
268,9.206897,15,0,person,0.6746920347213745,1728,442,1781,591,53,149
268,9.206897,22,0,person,0.608327329158783,1785,423,1856,569,71,146
268,9.206897,1,2,car,0.5645357370376587,1521,397,1786,543,265,146
268,9.206897,13,0,person,0.5092835426330566,1588,503,1643,674,55,171
268,9.206897,24,0,person,0.31807583570480347,1273,441,1322,515,49,74
269,9.241379,8,0,person,0.8315969705581665,1282,482,1357,650,75,168
269,9.241379,2,2,car,0.8240455389022827,844,484,1123,658,279,174
269,9.241379,9,0,person,0.8152157068252563,1384,502,1451,676,67,174
269,9.241379,14,0,person,0.798212468624115,1432,479,1500,638,68,159
269,9.241379,5,0,person,0.7798306345939636,1140,497,1208,667,68,170
269,9.241379,23,0,person,0.7691554427146912,1248,477,1306,637,58,160
269,9.241379,18,0,person,0.7344406843185425,1641,450,1696,606,55,156
269,9.241379,3,2,car,0.6985756754875183,1715,385,1918,524,203,139
269,9.241379,15,0,person,0.6682310700416565,1726,444,1779,593,53,149
269,9.241379,1,2,car,0.6513256430625916,1523,394,1780,543,257,149
269,9.241379,22,0,person,0.5921733379364014,1782,419,1852,569,70,150
269,9.241379,13,0,person,0.48866215348243713,1582,508,1649,670,67,162
269,9.241379,24,0,person,0.28050586581230164,1273,441,1321,516,48,75
270,9.275862,2,2,car,0.8263792395591736,844,484,1123,658,279,174
270,9.275862,8,0,person,0.8137332797050476,1281,483,1354,650,73,167
270,9.275862,9,0,person,0.8006437420845032,1383,503,1451,676,68,173
270,9.275862,14,0,person,0.7845683693885803,1430,482,1500,638,70,156
270,9.275862,23,0,person,0.7768524885177612,1245,477,1305,638,60,161
270,9.275862,5,0,person,0.7668286561965942,1139,498,1203,666,64,168
270,9.275862,18,0,person,0.7392340302467346,1640,450,1696,607,56,157
270,9.275862,1,2,car,0.7237087488174438,1522,394,1777,542,255,148
270,9.275862,15,0,person,0.6799122095108032,1725,445,1776,590,51,145
270,9.275862,3,2,car,0.6680217385292053,1712,384,1918,523,206,139
270,9.275862,22,0,person,0.6149541735649109,1781,417,1848,567,67,150
270,9.275862,13,0,person,0.5303443074226379,1573,511,1630,675,57,164
271,9.310345,2,2,car,0.8221818804740906,844,484,1123,658,279,174
271,9.310345,14,0,person,0.8172106146812439,1430,482,1499,638,69,156
271,9.310345,9,0,person,0.7940167784690857,1379,505,1448,676,69,171
271,9.310345,8,0,person,0.7917447090148926,1282,482,1353,650,71,168
271,9.310345,5,0,person,0.7664632201194763,1137,498,1201,666,64,168
271,9.310345,23,0,person,0.7478194236755371,1244,479,1302,638,58,159
271,9.310345,1,2,car,0.7366165518760681,1523,394,1778,541,255,147
271,9.310345,18,0,person,0.7064701318740845,1640,449,1695,607,55,158
271,9.310345,3,2,car,0.6701259016990662,1712,384,1918,523,206,139
271,9.310345,13,0,person,0.6561357975006104,1564,509,1629,673,65,164
271,9.310345,15,0,person,0.6359147429466248,1722,446,1775,592,53,146
271,9.310345,22,0,person,0.5449517965316772,1780,413,1841,567,61,154
271,9.310345,25,0,person,0.4441949725151062,1588,511,1652,651,64,140
272,9.344828,14,0,person,0.8330996632575989,1426,480,1497,639,71,159
272,9.344828,2,2,car,0.8201150298118591,845,484,1124,658,279,174
272,9.344828,8,0,person,0.8045581579208374,1282,484,1348,649,66,165
272,9.344828,9,0,person,0.8043946623802185,1376,506,1443,676,67,170
272,9.344828,5,0,person,0.7644649744033813,1134,498,1196,666,62,168
272,9.344828,23,0,person,0.75754714012146,1243,480,1300,638,57,158
272,9.344828,1,2,car,0.7510227560997009,1523,394,1780,541,257,147
272,9.344828,13,0,person,0.7292901277542114,1557,505,1628,673,71,168
272,9.344828,3,2,car,0.7202891111373901,1712,384,1918,523,206,139
272,9.344828,18,0,person,0.70947265625,1638,450,1694,608,56,158
272,9.344828,15,0,person,0.6275955438613892,1721,447,1774,593,53,146
272,9.344828,22,0,person,0.6075419783592224,1780,412,1836,566,56,154
272,9.344828,25,0,person,0.3368353247642517,1600,504,1650,647,50,143
273,9.37931,2,2,car,0.8291072845458984,845,484,1124,658,279,174
273,9.37931,8,0,person,0.8139358162879944,1281,485,1344,649,63,164
273,9.37931,9,0,person,0.8042295575141907,1375,506,1442,676,67,170
273,9.37931,14,0,person,0.7974407076835632,1425,482,1495,637,70,155
273,9.37931,5,0,person,0.7698420286178589,1133,499,1195,667,62,168
273,9.37931,3,2,car,0.7533185482025146,1713,384,1918,523,205,139
273,9.37931,23,0,person,0.7455715537071228,1241,481,1299,638,58,157
273,9.37931,13,0,person,0.7378252148628235,1551,506,1628,673,77,167
273,9.37931,18,0,person,0.7157300710678101,1637,453,1693,608,56,155
273,9.37931,1,2,car,0.6446337699890137,1523,395,1783,538,260,143
273,9.37931,22,0,person,0.6289984583854675,1774,419,1832,566,58,147
273,9.37931,15,0,person,0.6141058802604675,1722,450,1774,594,52,144
273,9.37931,26,0,person,0.52371746301651,1884,428,1919,586,35,158
274,9.413793,2,2,car,0.8198560476303101,844,484,1124,658,280,174
274,9.413793,8,0,person,0.8131206631660461,1280,484,1340,650,60,166
274,9.413793,9,0,person,0.8079628944396973,1372,506,1440,676,68,170
274,9.413793,5,0,person,0.7732626795768738,1132,500,1192,667,60,167
274,9.413793,13,0,person,0.765554666519165,1548,511,1629,673,81,162
274,9.413793,23,0,person,0.7587772607803345,1240,478,1295,637,55,159
274,9.413793,14,0,person,0.7500436902046204,1422,483,1490,638,68,155
274,9.413793,3,2,car,0.7484343647956848,1714,384,1918,519,204,135
274,9.413793,18,0,person,0.7256881594657898,1633,452,1692,609,59,157
274,9.413793,15,0,person,0.6502425670623779,1719,449,1768,594,49,145
274,9.413793,22,0,person,0.6391133666038513,1774,418,1828,568,54,150
274,9.413793,1,2,car,0.6387232542037964,1522,396,1847,539,325,143
274,9.413793,26,0,person,0.6154375076293945,1877,431,1919,585,42,154
274,9.413793,24,0,person,0.27474266290664673,1268,443,1314,513,46,70
275,9.448276,2,2,car,0.8251864910125732,845,484,1125,658,280,174
275,9.448276,9,0,person,0.8146495819091797,1368,508,1441,679,73,171
275,9.448276,13,0,person,0.7851313352584839,1550,508,1629,675,79,167
275,9.448276,5,0,person,0.7768437266349792,1130,499,1188,667,58,168
275,9.448276,8,0,person,0.7706593871116638,1279,483,1338,650,59,167
275,9.448276,14,0,person,0.7554720640182495,1418,482,1486,638,68,156
275,9.448276,18,0,person,0.7410815954208374,1631,452,1689,608,58,156
275,9.448276,23,0,person,0.7404395341873169,1238,476,1293,637,55,161
275,9.448276,3,2,car,0.7386828660964966,1713,384,1918,520,205,136
275,9.448276,15,0,person,0.6753177046775818,1712,447,1764,594,52,147
275,9.448276,22,0,person,0.6328593492507935,1774,416,1821,571,47,155
275,9.448276,26,0,person,0.5694571137428284,1869,435,1919,586,50,151
275,9.448276,1,2,car,0.5362156629562378,1523,396,1844,538,321,142
275,9.448276,24,0,person,0.2770780622959137,1267,445,1312,511,45,66
276,9.482759,9,0,person,0.8216325640678406,1367,509,1442,679,75,170
276,9.482759,2,2,car,0.81241375207901,845,483,1125,658,280,175
276,9.482759,13,0,person,0.8032670617103577,1546,510,1628,676,82,166
276,9.482759,14,0,person,0.7821505665779114,1416,480,1481,638,65,158
276,9.482759,5,0,person,0.7724143266677856,1129,500,1193,666,64,166
276,9.482759,1,2,car,0.7518242001533508,1522,397,1844,533,322,136
276,9.482759,8,0,person,0.7437927722930908,1276,482,1339,651,63,169
276,9.482759,18,0,person,0.7430943250656128,1631,452,1687,607,56,155
276,9.482759,3,2,car,0.6926344633102417,1712,384,1918,515,206,131
276,9.482759,23,0,person,0.6895831823348999,1237,478,1288,638,51,160
276,9.482759,15,0,person,0.6633363366127014,1707,447,1767,594,60,147
276,9.482759,22,0,person,0.6202894449234009,1773,415,1817,572,44,157
276,9.482759,26,0,person,0.5804911255836487,1861,434,1919,586,58,152
276,9.482759,24,0,person,0.29617345333099365,1267,445,1312,512,45,67
277,9.517241,2,2,car,0.8155142068862915,845,483,1124,658,279,175
277,9.517241,9,0,person,0.8027247190475464,1366,510,1439,679,73,169
277,9.517241,1,2,car,0.7854010462760925,1523,396,1845,530,322,134
277,9.517241,13,0,person,0.7841594219207764,1547,511,1626,675,79,164
277,9.517241,14,0,person,0.7603619694709778,1411,479,1473,636,62,157
277,9.517241,5,0,person,0.7564777135848999,1126,499,1182,665,56,166
277,9.517241,8,0,person,0.7394201755523682,1276,481,1338,654,62,173
277,9.517241,18,0,person,0.7385926842689514,1629,453,1685,607,56,154
277,9.517241,23,0,person,0.6767734289169312,1235,478,1290,637,55,159
277,9.517241,15,0,person,0.6718754172325134,1705,447,1760,594,55,147
277,9.517241,3,2,car,0.6480790376663208,1714,384,1918,514,204,130
277,9.517241,22,0,person,0.6285984516143799,1769,411,1815,571,46,160
277,9.517241,26,0,person,0.6040568351745605,1861,434,1919,586,58,152
277,9.517241,24,0,person,0.35609111189842224,1266,446,1311,515,45,69
278,9.551724,13,0,person,0.8172573447227478,1547,507,1625,676,78,169
278,9.551724,2,2,car,0.8115650415420532,845,483,1124,658,279,175
278,9.551724,9,0,person,0.7991609573364258,1366,510,1438,679,72,169
278,9.551724,1,2,car,0.7974593639373779,1524,396,1844,532,320,136
278,9.551724,18,0,person,0.7697834968566895,1626,453,1686,608,60,155
278,9.551724,5,0,person,0.7621163129806519,1125,500,1182,665,57,165
278,9.551724,14,0,person,0.7552483081817627,1410,479,1465,637,55,158
278,9.551724,8,0,person,0.7273254990577698,1279,483,1335,656,56,173
278,9.551724,15,0,person,0.7216085195541382,1702,448,1758,594,56,146
278,9.551724,23,0,person,0.6901574730873108,1234,479,1286,637,52,158
278,9.551724,22,0,person,0.6557482481002808,1768,411,1813,570,45,159
278,9.551724,3,2,car,0.6474300026893616,1712,384,1918,513,206,129
278,9.551724,26,0,person,0.6240575313568115,1852,434,1919,587,67,153
278,9.551724,24,0,person,0.43442484736442566,1265,446,1309,517,44,71
278,9.551724,27,0,person,0.3568885922431946,1557,440,1605,528,48,88
279,9.586207,2,2,car,0.8092237114906311,845,483,1123,658,278,175
279,9.586207,13,0,person,0.8080576658248901,1546,510,1621,676,75,166
279,9.586207,9,0,person,0.7894487380981445,1367,512,1438,678,71,166
279,9.586207,1,2,car,0.7844979166984558,1523,396,1845,531,322,135
279,9.586207,18,0,person,0.755317747592926,1624,455,1683,608,59,153
279,9.586207,15,0,person,0.7524175047874451,1699,448,1756,595,57,147
279,9.586207,5,0,person,0.7495694756507874,1119,501,1183,667,64,166
279,9.586207,14,0,person,0.7162585258483887,1407,477,1458,638,51,161
279,9.586207,8,0,person,0.7105215191841125,1277,483,1335,657,58,174
279,9.586207,23,0,person,0.6987618207931519,1230,480,1283,639,53,159
279,9.586207,26,0,person,0.6730995178222656,1857,434,1919,587,62,153
279,9.586207,22,0,person,0.6519569158554077,1765,410,1812,569,47,159
279,9.586207,3,2,car,0.634034276008606,1712,385,1918,514,206,129
279,9.586207,24,0,person,0.43268153071403503,1263,446,1307,519,44,73
279,9.586207,27,0,person,0.267623633146286,1554,442,1603,535,49,93
280,9.62069,2,2,car,0.8023572564125061,845,483,1125,658,280,175
280,9.62069,13,0,person,0.7904661893844604,1546,514,1619,676,73,162
280,9.62069,9,0,person,0.7764023542404175,1366,512,1436,678,70,166
280,9.62069,1,2,car,0.7697159647941589,1523,396,1844,531,321,135
280,9.62069,18,0,person,0.764719545841217,1623,454,1681,610,58,156
280,9.62069,14,0,person,0.7624145746231079,1404,477,1453,637,49,160
280,9.62069,5,0,person,0.7451449036598206,1107,502,1184,667,77,165
280,9.62069,15,0,person,0.7326620817184448,1698,449,1757,595,59,146
280,9.62069,8,0,person,0.732246458530426,1275,483,1333,660,58,177
280,9.62069,26,0,person,0.6844162344932556,1854,435,1919,588,65,153
280,9.62069,23,0,person,0.6755340695381165,1231,480,1280,638,49,158
280,9.62069,3,2,car,0.6283076405525208,1712,385,1918,514,206,129
280,9.62069,22,0,person,0.6179540157318115,1763,412,1811,568,48,156
280,9.62069,24,0,person,0.35790419578552246,1262,446,1307,522,45,76
281,9.655172,2,2,car,0.800770103931427,845,483,1123,658,278,175
281,9.655172,13,0,person,0.7870059013366699,1543,513,1615,677,72,164
281,9.655172,5,0,person,0.7771589159965515,1103,502,1182,669,79,167
281,9.655172,9,0,person,0.7742016315460205,1366,511,1432,679,66,168
281,9.655172,18,0,person,0.7622832655906677,1619,455,1681,609,62,154
281,9.655172,14,0,person,0.7509464621543884,1401,477,1450,640,49,163
281,9.655172,1,2,car,0.744117021560669,1523,395,1839,534,316,139
281,9.655172,15,0,person,0.7417173385620117,1697,451,1757,597,60,146
281,9.655172,8,0,person,0.7289919257164001,1269,485,1330,658,61,173
281,9.655172,26,0,person,0.6969226598739624,1853,435,1919,588,66,153
281,9.655172,23,0,person,0.6911031603813171,1225,481,1280,638,55,157
281,9.655172,22,0,person,0.6571232080459595,1763,412,1810,568,47,156
281,9.655172,3,2,car,0.6384082436561584,1713,385,1918,514,205,129
281,9.655172,24,0,person,0.3487659990787506,1260,447,1305,522,45,75
282,9.689655,2,2,car,0.7992114424705505,845,483,1122,658,277,175
282,9.689655,5,0,person,0.7874051332473755,1102,504,1181,669,79,165
282,9.689655,9,0,person,0.7722148299217224,1367,510,1425,679,58,169
282,9.689655,13,0,person,0.7596012949943542,1543,512,1610,677,67,165
282,9.689655,18,0,person,0.7395952939987183,1617,453,1682,614,65,161
282,9.689655,1,2,car,0.7359493970870972,1523,395,1837,534,314,139
282,9.689655,15,0,person,0.7263006567955017,1696,453,1756,597,60,144
282,9.689655,8,0,person,0.725663423538208,1263,485,1328,659,65,174
282,9.689655,23,0,person,0.7229518294334412,1216,483,1278,638,62,155
282,9.689655,26,0,person,0.6990339756011963,1853,435,1919,588,66,153
282,9.689655,22,0,person,0.6782522201538086,1761,416,1809,567,48,151
282,9.689655,14,0,person,0.6687657833099365,1397,477,1446,640,49,163
282,9.689655,3,2,car,0.6380793452262878,1712,384,1918,516,206,132
282,9.689655,24,0,person,0.3214910924434662,1258,448,1304,522,46,74
283,9.724138,2,2,car,0.8027601838111877,845,483,1121,658,276,175
283,9.724138,5,0,person,0.7910285592079163,1102,505,1179,671,77,166
283,9.724138,23,0,person,0.7679795026779175,1208,486,1278,639,70,153
283,9.724138,1,2,car,0.7490531206130981,1524,395,1836,532,312,137
283,9.724138,9,0,person,0.7418988943099976,1366,508,1420,680,54,172
283,9.724138,18,0,person,0.74031662940979,1615,452,1680,615,65,163
283,9.724138,13,0,person,0.7207370400428772,1543,511,1605,676,62,165
283,9.724138,8,0,person,0.7064300179481506,1259,487,1324,659,65,172
283,9.724138,15,0,person,0.6920973658561707,1694,454,1753,597,59,143
283,9.724138,14,0,person,0.6920561790466309,1396,478,1444,638,48,160
283,9.724138,22,0,person,0.6837732195854187,1758,417,1808,568,50,151
283,9.724138,26,0,person,0.6518275141716003,1854,434,1916,587,62,153
283,9.724138,3,2,car,0.6236931681632996,1712,384,1918,516,206,132
283,9.724138,24,0,person,0.36087751388549805,1253,448,1302,521,49,73
284,9.758621,2,2,car,0.7959858179092407,845,483,1119,658,274,175
284,9.758621,5,0,person,0.7838042974472046,1102,505,1176,672,74,167
284,9.758621,8,0,person,0.7812684774398804,1252,487,1321,660,69,173
284,9.758621,23,0,person,0.7662664651870728,1202,484,1276,639,74,155
284,9.758621,18,0,person,0.7535146474838257,1615,453,1678,615,63,162
284,9.758621,9,0,person,0.728100061416626,1363,509,1412,679,49,170
284,9.758621,1,2,car,0.7202115058898926,1523,395,1835,544,312,149
284,9.758621,22,0,person,0.7084393501281738,1755,417,1807,571,52,154
284,9.758621,14,0,person,0.6888478994369507,1391,479,1439,640,48,161
284,9.758621,15,0,person,0.685002863407135,1693,456,1749,597,56,141
284,9.758621,26,0,person,0.6784979104995728,1851,435,1912,588,61,153
284,9.758621,13,0,person,0.6719160079956055,1539,510,1599,676,60,166
284,9.758621,3,2,car,0.6479566097259521,1710,384,1918,517,208,133
284,9.758621,24,0,person,0.2813076674938202,1252,449,1301,522,49,73
285,9.793103,5,0,person,0.8085252046585083,1099,506,1174,673,75,167
285,9.793103,2,2,car,0.7989643812179565,845,483,1117,658,272,175
285,9.793103,9,0,person,0.7932350039482117,1360,509,1407,680,47,171
285,9.793103,23,0,person,0.7834173440933228,1198,485,1275,639,77,154
285,9.793103,18,0,person,0.7713806629180908,1611,454,1678,617,67,163
285,9.793103,8,0,person,0.7681125402450562,1251,487,1317,662,66,175
285,9.793103,22,0,person,0.7075996398925781,1754,417,1807,573,53,156
285,9.793103,14,0,person,0.7074953317642212,1390,480,1438,641,48,161
285,9.793103,15,0,person,0.6957122683525085,1692,455,1746,596,54,141
285,9.793103,1,2,car,0.6886692643165588,1522,397,1837,545,315,148
285,9.793103,3,2,car,0.6611686944961548,1711,385,1918,515,207,130
285,9.793103,13,0,person,0.6239333748817444,1535,508,1596,675,61,167
285,9.793103,26,0,person,0.6174985766410828,1855,435,1909,587,54,152
285,9.793103,24,0,person,0.37470969557762146,1250,451,1300,526,50,75
286,9.827586,9,0,person,0.8094443082809448,1358,509,1406,679,48,170
286,9.827586,5,0,person,0.8028932809829712,1100,504,1173,673,73,169
286,9.827586,2,2,car,0.801675021648407,846,483,1114,658,268,175
286,9.827586,23,0,person,0.7887274026870728,1198,484,1274,640,76,156
286,9.827586,8,0,person,0.786907434463501,1248,489,1316,662,68,173
286,9.827586,18,0,person,0.7539178133010864,1611,454,1675,616,64,162
286,9.827586,1,2,car,0.7306882739067078,1522,397,1838,546,316,149
286,9.827586,22,0,person,0.707398533821106,1752,417,1806,574,54,157
286,9.827586,3,2,car,0.6819570660591125,1710,385,1918,515,208,130
286,9.827586,14,0,person,0.6817725300788879,1388,481,1438,639,50,158
286,9.827586,15,0,person,0.677920401096344,1693,456,1742,597,49,141
286,9.827586,26,0,person,0.587257981300354,1855,436,1906,588,51,152
286,9.827586,13,0,person,0.5782818794250488,1534,510,1596,677,62,167
286,9.827586,24,0,person,0.39495787024497986,1249,451,1298,526,49,75
287,9.862069,5,0,person,0.803701639175415,1099,504,1170,674,71,170
287,9.862069,2,2,car,0.8020374178886414,846,483,1113,658,267,175
287,9.862069,23,0,person,0.7998174428939819,1197,485,1274,641,77,156
287,9.862069,9,0,person,0.7882024645805359,1354,509,1401,679,47,170
287,9.862069,8,0,person,0.7695455551147461,1249,490,1313,663,64,173
287,9.862069,1,2,car,0.7650793790817261,1522,397,1839,545,317,148
287,9.862069,18,0,person,0.7556905746459961,1609,454,1672,616,63,162
287,9.862069,3,2,car,0.6997678279876709,1710,385,1918,514,208,129
287,9.862069,22,0,person,0.6957007646560669,1751,417,1806,575,55,158
287,9.862069,14,0,person,0.6792121529579163,1383,483,1438,637,55,154
287,9.862069,15,0,person,0.6738601922988892,1692,454,1739,596,47,142
287,9.862069,26,0,person,0.5616894960403442,1853,436,1902,588,49,152
287,9.862069,13,0,person,0.5389436483383179,1534,512,1586,678,52,166
287,9.862069,24,0,person,0.3660132884979248,1248,451,1298,527,50,76
288,9.896552,2,2,car,0.80066978931427,846,483,1111,658,265,175
288,9.896552,9,0,person,0.7997583746910095,1350,509,1400,680,50,171
288,9.896552,5,0,person,0.7874886393547058,1099,506,1168,674,69,168
288,9.896552,23,0,person,0.7768992781639099,1197,485,1271,642,74,157
288,9.896552,8,0,person,0.767337441444397,1248,490,1311,664,63,174
288,9.896552,18,0,person,0.7572704553604126,1607,454,1671,617,64,163
288,9.896552,1,2,car,0.7418097257614136,1523,398,1838,541,315,143
288,9.896552,14,0,person,0.708846926689148,1381,484,1437,639,56,155
288,9.896552,3,2,car,0.6845768690109253,1710,387,1920,527,210,140
288,9.896552,15,0,person,0.6303398609161377,1691,453,1739,596,48,143
288,9.896552,22,0,person,0.619259238243103,1743,417,1805,574,62,157
288,9.896552,13,0,person,0.5531993508338928,1530,515,1586,677,56,162
288,9.896552,26,0,person,0.42664197087287903,1849,437,1900,587,51,150
288,9.896552,24,0,person,0.34430554509162903,1245,451,1298,528,53,77
289,9.931034,2,2,car,0.8070043325424194,847,483,1110,658,263,175
289,9.931034,9,0,person,0.7833223342895508,1345,510,1397,680,52,170
289,9.931034,8,0,person,0.7672434449195862,1248,490,1309,663,61,173
289,9.931034,18,0,person,0.76540207862854,1609,455,1668,617,59,162
289,9.931034,23,0,person,0.7514403462409973,1195,485,1271,643,76,158
289,9.931034,5,0,person,0.7468103766441345,1098,506,1161,673,63,167
289,9.931034,1,2,car,0.7258180975914001,1522,398,1837,540,315,142
289,9.931034,3,2,car,0.7089817523956299,1711,386,1920,528,209,142
289,9.931034,14,0,person,0.6865301728248596,1377,485,1437,639,60,154
289,9.931034,15,0,person,0.6722112894058228,1689,451,1733,596,44,145
289,9.931034,22,0,person,0.6677103638648987,1740,416,1807,574,67,158
289,9.931034,13,0,person,0.6107285022735596,1528,511,1583,677,55,166
289,9.931034,26,0,person,0.4372807741165161,1848,436,1898,588,50,152
289,9.931034,24,0,person,0.40807807445526123,1241,451,1295,527,54,76
290,9.965517,2,2,car,0.7961194515228271,846,483,1110,658,264,175
290,9.965517,23,0,person,0.7807496786117554,1194,485,1269,644,75,159
290,9.965517,8,0,person,0.7704978585243225,1246,491,1307,664,61,173
290,9.965517,9,0,person,0.7673181891441345,1336,511,1397,680,61,169
290,9.965517,18,0,person,0.7552923560142517,1611,455,1666,618,55,163
290,9.965517,5,0,person,0.7475661039352417,1096,505,1153,674,57,169
290,9.965517,3,2,car,0.7384350299835205,1710,385,1919,523,209,138
290,9.965517,22,0,person,0.7007758617401123,1739,422,1803,574,64,152
290,9.965517,13,0,person,0.6932097673416138,1519,513,1579,677,60,164
290,9.965517,14,0,person,0.6658456921577454,1369,483,1434,639,65,156
290,9.965517,1,2,car,0.6264886856079102,1523,397,1827,541,304,144
290,9.965517,15,0,person,0.6180737018585205,1686,447,1734,595,48,148
290,9.965517,24,0,person,0.47050270438194275,1239,451,1295,531,56,80
290,9.965517,26,0,person,0.46143317222595215,1845,436,1894,588,49,152
291,10.0,9,0,person,0.8079363703727722,1328,511,1395,680,67,169
291,10.0,2,2,car,0.7940617203712463,846,483,1108,658,262,175
291,10.0,23,0,person,0.7857149839401245,1194,484,1267,643,73,159
291,10.0,13,0,person,0.7432515621185303,1512,515,1578,676,66,161
291,10.0,18,0,person,0.7393787503242493,1611,455,1665,618,54,163
291,10.0,8,0,person,0.7377224564552307,1247,492,1303,665,56,173
291,10.0,3,2,car,0.7078642249107361,1709,385,1918,521,209,136
291,10.0,5,0,person,0.6962125301361084,1095,505,1147,673,52,168
291,10.0,14,0,person,0.6952881217002869,1370,483,1432,640,62,157
291,10.0,1,2,car,0.6950021386146545,1523,397,1829,540,306,143
291,10.0,22,0,person,0.6640364527702332,1738,421,1798,573,60,152
291,10.0,15,0,person,0.652664840221405,1683,452,1731,596,48,144
291,10.0,24,0,person,0.5088342428207397,1239,451,1294,535,55,84
291,10.0,26,0,person,0.47932514548301697,1841,436,1895,588,54,152
292,10.034483,9,0,person,0.7974605560302734,1321,513,1394,681,73,168
292,10.034483,2,2,car,0.7917377352714539,846,483,1107,659,261,176
292,10.034483,13,0,person,0.7747607827186584,1501,514,1577,677,76,163
292,10.034483,23,0,person,0.7632495164871216,1194,486,1264,645,70,159
292,10.034483,18,0,person,0.7530643343925476,1612,457,1664,619,52,162
292,10.034483,8,0,person,0.7431856989860535,1246,493,1300,665,54,172
292,10.034483,1,2,car,0.7173125147819519,1523,397,1831,539,308,142
292,10.034483,5,0,person,0.7114602327346802,1093,505,1139,674,46,169
292,10.034483,3,2,car,0.6966363787651062,1709,385,1918,525,209,140
292,10.034483,22,0,person,0.6949917078018188,1736,420,1793,574,57,154
292,10.034483,15,0,person,0.6563122868537903,1678,454,1729,596,51,142
292,10.034483,14,0,person,0.6063065528869629,1369,487,1428,642,59,155
292,10.034483,26,0,person,0.5866097807884216,1834,436,1891,587,57,151
292,10.034483,24,0,person,0.5550581812858582,1239,450,1293,534,54,84
293,10.068966,9,0,person,0.8116211891174316,1312,513,1394,682,82,169
293,10.068966,2,2,car,0.7945607900619507,846,483,1105,658,259,175
293,10.068966,13,0,person,0.7885629534721375,1496,513,1576,676,80,163
293,10.068966,5,0,person,0.7862587571144104,1090,507,1138,676,48,169
293,10.068966,23,0,person,0.7730914354324341,1195,484,1263,644,68,160
293,10.068966,1,2,car,0.7723519802093506,1523,397,1849,536,326,139
293,10.068966,8,0,person,0.734093964099884,1246,495,1296,664,50,169
293,10.068966,18,0,person,0.7248592972755432,1613,458,1662,619,49,161
293,10.068966,22,0,person,0.7222564220428467,1734,419,1789,576,55,157
293,10.068966,3,2,car,0.7100751996040344,1709,385,1918,525,209,140
293,10.068966,15,0,person,0.6939687728881836,1671,454,1727,596,56,142
293,10.068966,26,0,person,0.6633766889572144,1825,439,1889,587,64,148
293,10.068966,24,0,person,0.5622298121452332,1237,451,1293,538,56,87
293,10.068966,14,0,person,0.4896140694618225,1366,489,1423,642,57,153
294,10.103448,9,0,person,0.8413697481155396,1311,515,1392,680,81,165
294,10.103448,13,0,person,0.8065056204795837,1495,515,1576,677,81,162
294,10.103448,2,2,car,0.7992234230041504,846,483,1104,658,258,175
294,10.103448,1,2,car,0.7888749241828918,1523,397,1852,537,329,140
294,10.103448,23,0,person,0.7703875303268433,1194,485,1256,644,62,159
294,10.103448,5,0,person,0.7688945531845093,1087,508,1136,678,49,170
294,10.103448,8,0,person,0.7282809019088745,1243,494,1294,666,51,172
294,10.103448,18,0,person,0.720186710357666,1612,457,1660,620,48,163
294,10.103448,15,0,person,0.7174049615859985,1663,454,1725,597,62,143
294,10.103448,3,2,car,0.7054716348648071,1710,385,1918,524,208,139
294,10.103448,22,0,person,0.6824547052383423,1731,419,1787,573,56,154
294,10.103448,26,0,person,0.6771054863929749,1818,442,1888,588,70,146
294,10.103448,24,0,person,0.5674149990081787,1237,451,1292,536,55,85
294,10.103448,14,0,person,0.4826720058917999,1365,484,1412,641,47,157
295,10.137931,9,0,person,0.8429092764854431,1309,516,1392,681,83,165
295,10.137931,2,2,car,0.8146713376045227,846,483,1102,658,256,175
295,10.137931,13,0,person,0.8101738691329956,1493,516,1576,677,83,161
295,10.137931,1,2,car,0.8048242330551147,1523,396,1850,539,327,143
295,10.137931,5,0,person,0.7581440806388855,1086,509,1135,679,49,170
295,10.137931,15,0,person,0.7442428469657898,1658,457,1724,597,66,140
295,10.137931,23,0,person,0.7416908144950867,1194,485,1250,644,56,159
295,10.137931,8,0,person,0.7348149418830872,1241,497,1294,667,53,170
295,10.137931,3,2,car,0.720272421836853,1710,385,1918,524,208,139
295,10.137931,18,0,person,0.6958597898483276,1613,458,1658,621,45,163
295,10.137931,26,0,person,0.6804859638214111,1809,447,1887,589,78,142
295,10.137931,22,0,person,0.649783730506897,1729,418,1784,574,55,156
295,10.137931,14,0,person,0.5620614886283875,1363,483,1406,636,43,153
295,10.137931,24,0,person,0.5447530150413513,1236,451,1293,539,57,88
296,10.172414,9,0,person,0.8720623850822449,1308,515,1393,683,85,168
296,10.172414,2,2,car,0.8078644871711731,846,484,1098,658,252,174
296,10.172414,13,0,person,0.8061215281486511,1490,513,1576,676,86,163
296,10.172414,1,2,car,0.7797514200210571,1525,396,1848,540,323,144
296,10.172414,15,0,person,0.7667426466941833,1652,455,1723,597,71,142
296,10.172414,5,0,person,0.7660833597183228,1080,510,1131,680,51,170
296,10.172414,23,0,person,0.7403967380523682,1193,488,1248,644,55,156
296,10.172414,8,0,person,0.7288540601730347,1240,500,1291,667,51,167
296,10.172414,3,2,car,0.7190811038017273,1709,385,1918,523,209,138
296,10.172414,26,0,person,0.7051182985305786,1807,450,1886,589,79,139
296,10.172414,18,0,person,0.692677915096283,1610,458,1656,620,46,162
296,10.172414,22,0,person,0.660547137260437,1724,418,1782,575,58,157
296,10.172414,24,0,person,0.5369828343391418,1236,453,1292,540,56,87
296,10.172414,14,0,person,0.5228750705718994,1359,482,1399,639,40,157
297,10.206897,9,0,person,0.8572853803634644,1306,514,1391,682,85,168
297,10.206897,13,0,person,0.800696074962616,1490,512,1575,677,85,165
297,10.206897,2,2,car,0.7997424602508545,845,484,1098,658,253,174
297,10.206897,1,2,car,0.7948997616767883,1527,396,1849,539,322,143
297,10.206897,5,0,person,0.7942623496055603,1071,509,1129,683,58,174
297,10.206897,23,0,person,0.7701070308685303,1189,488,1245,647,56,159
297,10.206897,15,0,person,0.7657471895217896,1650,454,1723,597,73,143
297,10.206897,8,0,person,0.7600862383842468,1236,497,1291,666,55,169
297,10.206897,3,2,car,0.7119401097297668,1709,385,1918,522,209,137
297,10.206897,26,0,person,0.7052233219146729,1806,442,1886,589,80,147
297,10.206897,18,0,person,0.6980279684066772,1608,461,1654,621,46,160
297,10.206897,22,0,person,0.6391564607620239,1722,417,1780,574,58,157
297,10.206897,24,0,person,0.5326640009880066,1234,452,1291,536,57,84
297,10.206897,14,0,person,0.4853026568889618,1355,482,1394,633,39,151
298,10.241379,9,0,person,0.8506649732589722,1306,514,1390,682,84,168
298,10.241379,13,0,person,0.8163051605224609,1490,510,1575,677,85,167
298,10.241379,1,2,car,0.8080554008483887,1528,396,1850,540,322,144
298,10.241379,5,0,person,0.801959753036499,1065,510,1127,682,62,172
298,10.241379,2,2,car,0.7927109599113464,846,483,1093,658,247,175
298,10.241379,23,0,person,0.7723575234413147,1187,487,1242,647,55,160
298,10.241379,15,0,person,0.770553708076477,1649,454,1722,597,73,143
298,10.241379,8,0,person,0.7681759595870972,1235,500,1289,667,54,167
298,10.241379,26,0,person,0.7373068928718567,1807,437,1886,590,79,153
298,10.241379,3,2,car,0.7238624095916748,1708,385,1919,523,211,138
298,10.241379,18,0,person,0.66728276014328,1608,463,1653,620,45,157
298,10.241379,22,0,person,0.6435019373893738,1720,417,1778,573,58,156
298,10.241379,24,0,person,0.5146597623825073,1233,453,1291,537,58,84
298,10.241379,14,0,person,0.43607938289642334,1349,483,1391,633,42,150
299,10.275862,9,0,person,0.8228115439414978,1306,511,1390,684,84,173
299,10.275862,13,0,person,0.8106003403663635,1489,507,1572,677,83,170
299,10.275862,1,2,car,0.8100869059562683,1529,396,1846,538,317,142
299,10.275862,5,0,person,0.7928242683410645,1063,513,1125,683,62,170
299,10.275862,2,2,car,0.7855584621429443,846,484,1091,658,245,174
299,10.275862,23,0,person,0.7757179737091064,1182,487,1240,648,58,161
299,10.275862,8,0,person,0.7734796404838562,1230,502,1287,666,57,164
299,10.275862,15,0,person,0.7691311836242676,1648,453,1723,597,75,144
299,10.275862,26,0,person,0.7264134287834167,1805,444,1885,590,80,146
299,10.275862,3,2,car,0.6973185539245605,1707,385,1919,524,212,139
299,10.275862,18,0,person,0.6824135780334473,1605,462,1652,620,47,158
299,10.275862,22,0,person,0.6586690545082092,1717,417,1777,572,60,155
299,10.275862,14,0,person,0.5379309058189392,1345,481,1390,642,45,161
299,10.275862,24,0,person,0.5308535695075989,1232,455,1292,541,60,86
300,10.310345,9,0,person,0.8103818893432617,1306,511,1388,683,82,172
300,10.310345,1,2,car,0.794953465461731,1526,396,1846,542,320,146
300,10.310345,23,0,person,0.7916483879089355,1178,486,1238,649,60,163
300,10.310345,5,0,person,0.7908126711845398,1057,515,1126,684,69,169
300,10.310345,8,0,person,0.7859421968460083,1225,497,1285,666,60,169
300,10.310345,13,0,person,0.7850056290626526,1489,511,1569,677,80,166
300,10.310345,2,2,car,0.7625439763069153,845,483,1090,658,245,175
300,10.310345,15,0,person,0.7414965033531189,1647,451,1723,598,76,147
300,10.310345,26,0,person,0.7275289297103882,1802,444,1885,590,83,146
300,10.310345,3,2,car,0.7181108593940735,1710,386,1919,524,209,138
300,10.310345,22,0,person,0.7033658027648926,1713,417,1777,572,64,155
300,10.310345,18,0,person,0.6404290199279785,1602,461,1650,620,48,159
300,10.310345,14,0,person,0.6231762766838074,1343,483,1389,642,46,159
300,10.310345,24,0,person,0.5374333262443542,1232,455,1292,544,60,89
301,10.344828,9,0,person,0.8184287548065186,1306,511,1386,681,80,170
301,10.344828,23,0,person,0.805082380771637,1174,487,1238,651,64,164
301,10.344828,1,2,car,0.8024464249610901,1526,395,1849,539,323,144
301,10.344828,5,0,person,0.7932682037353516,1055,516,1125,684,70,168
301,10.344828,13,0,person,0.7891684174537659,1486,514,1565,678,79,164
301,10.344828,8,0,person,0.7849161624908447,1218,501,1283,668,65,167
301,10.344828,2,2,car,0.7664329409599304,845,483,1088,658,243,175
301,10.344828,3,2,car,0.7435740828514099,1719,385,1918,523,199,138
301,10.344828,26,0,person,0.7429513335227966,1803,442,1885,589,82,147
301,10.344828,15,0,person,0.7322819828987122,1648,448,1718,597,70,149
301,10.344828,22,0,person,0.7248202562332153,1709,416,1778,573,69,157
301,10.344828,18,0,person,0.6749196648597717,1598,461,1649,620,51,159
301,10.344828,14,0,person,0.6349802017211914,1343,480,1387,647,44,167
301,10.344828,24,0,person,0.572932779788971,1232,455,1292,544,60,89
302,10.37931,23,0,person,0.8043535351753235,1171,490,1236,653,65,163
302,10.37931,13,0,person,0.7942733764648438,1486,513,1560,678,74,165
302,10.37931,9,0,person,0.7884031534194946,1306,514,1381,683,75,169
302,10.37931,8,0,person,0.7815561890602112,1211,500,1282,668,71,168
302,10.37931,5,0,person,0.7737891674041748,1053,515,1124,685,71,170
302,10.37931,1,2,car,0.7702246904373169,1523,395,1842,537,319,142
302,10.37931,2,2,car,0.7596402764320374,846,483,1088,658,242,175
302,10.37931,3,2,car,0.7457786202430725,1719,385,1918,522,199,137
302,10.37931,15,0,person,0.7376291155815125,1648,449,1716,597,68,148
302,10.37931,26,0,person,0.7319157719612122,1802,441,1883,589,81,148
302,10.37931,22,0,person,0.7274092435836792,1708,416,1779,572,71,156
302,10.37931,18,0,person,0.6335836052894592,1597,461,1647,620,50,159
302,10.37931,14,0,person,0.5771455764770508,1343,499,1386,645,43,146
302,10.37931,24,0,person,0.5411666035652161,1231,457,1291,547,60,90
303,10.413793,23,0,person,0.8034284710884094,1169,491,1232,652,63,161
303,10.413793,8,0,person,0.7839674949645996,1208,499,1281,668,73,169
303,10.413793,9,0,person,0.7824724912643433,1306,510,1376,684,70,174
303,10.413793,13,0,person,0.7682559490203857,1485,512,1554,678,69,166
303,10.413793,5,0,person,0.7647165060043335,1053,516,1123,685,70,169
303,10.413793,15,0,person,0.7617775797843933,1646,449,1714,597,68,148
303,10.413793,26,0,person,0.7383235692977905,1803,439,1881,588,78,149
303,10.413793,1,2,car,0.7375704050064087,1525,395,1839,537,314,142
303,10.413793,22,0,person,0.7368932962417603,1706,417,1779,573,73,156
303,10.413793,3,2,car,0.7310848832130432,1714,384,1918,523,204,139
303,10.413793,2,2,car,0.6920109987258911,845,483,1087,658,242,175
303,10.413793,18,0,person,0.6773983836174011,1593,462,1645,620,52,158
303,10.413793,14,0,person,0.5393874645233154,1336,487,1385,643,49,156
303,10.413793,24,0,person,0.49664968252182007,1230,458,1287,547,57,89
304,10.448276,8,0,person,0.7989173531532288,1204,503,1280,668,76,165
304,10.448276,23,0,person,0.7944064736366272,1165,492,1230,654,65,162
304,10.448276,9,0,person,0.7825593948364258,1304,509,1372,685,68,176
304,10.448276,2,2,car,0.7814192771911621,845,483,1117,660,272,177
304,10.448276,15,0,person,0.7655907869338989,1646,450,1709,598,63,148
304,10.448276,26,0,person,0.7589491605758667,1802,435,1877,589,75,154
304,10.448276,3,2,car,0.7494267821311951,1715,384,1918,523,203,139
304,10.448276,13,0,person,0.7345126867294312,1484,511,1553,678,69,167
304,10.448276,22,0,person,0.7246394753456116,1705,416,1779,573,74,157
304,10.448276,1,2,car,0.7218632698059082,1530,395,1835,539,305,144
304,10.448276,5,0,person,0.7147013545036316,1048,516,1109,686,61,170
304,10.448276,18,0,person,0.6971166133880615,1588,462,1644,620,56,158
304,10.448276,24,0,person,0.5307492017745972,1230,458,1287,548,57,90
304,10.448276,14,0,person,0.482442170381546,1335,489,1384,646,49,157
305,10.482759,23,0,person,0.7917454242706299,1163,493,1228,653,65,160
305,10.482759,2,2,car,0.7884570956230164,845,483,1116,660,271,177
305,10.482759,26,0,person,0.7800472378730774,1801,435,1873,589,72,154
305,10.482759,8,0,person,0.7791330218315125,1205,504,1279,669,74,165
305,10.482759,9,0,person,0.7562121748924255,1302,510,1367,684,65,174
305,10.482759,1,2,car,0.7523036003112793,1528,395,1830,539,302,144
305,10.482759,3,2,car,0.7503848671913147,1713,385,1918,523,205,138
305,10.482759,15,0,person,0.7311267852783203,1647,449,1706,597,59,148
305,10.482759,22,0,person,0.7108098268508911,1702,419,1780,573,78,154
305,10.482759,5,0,person,0.7045797109603882,1049,517,1104,687,55,170
305,10.482759,18,0,person,0.7039453387260437,1581,462,1642,620,61,158
305,10.482759,13,0,person,0.6298012137413025,1480,510,1551,677,71,167
305,10.482759,24,0,person,0.500522255897522,1230,460,1286,549,56,89
305,10.482759,14,0,person,0.39136549830436707,1335,509,1382,647,47,138
306,10.517241,2,2,car,0.8139927387237549,845,483,1117,659,272,176
306,10.517241,23,0,person,0.8032667636871338,1160,493,1225,653,65,160
306,10.517241,8,0,person,0.8017823696136475,1201,496,1278,670,77,174
306,10.517241,26,0,person,0.7929012179374695,1802,434,1869,586,67,152
306,10.517241,3,2,car,0.7760267853736877,1713,384,1918,522,205,138
306,10.517241,18,0,person,0.7526130080223083,1575,461,1642,621,67,160
306,10.517241,9,0,person,0.7388163208961487,1300,511,1361,684,61,173
306,10.517241,5,0,person,0.7227116227149963,1043,519,1100,687,57,168
306,10.517241,1,2,car,0.7224658727645874,1526,395,1824,540,298,145
306,10.517241,15,0,person,0.6891011595726013,1646,450,1698,597,52,147
306,10.517241,22,0,person,0.6671174168586731,1699,418,1776,572,77,154
306,10.517241,13,0,person,0.5289332270622253,1476,509,1546,677,70,168
306,10.517241,24,0,person,0.5203821063041687,1231,459,1286,551,55,92
306,10.517241,14,0,person,0.4055558443069458,1332,513,1382,647,50,134
307,10.551724,2,2,car,0.8242679834365845,845,483,1119,659,274,176
307,10.551724,8,0,person,0.8114784359931946,1203,496,1279,671,76,175
307,10.551724,23,0,person,0.8051145076751709,1159,491,1224,656,65,165
307,10.551724,3,2,car,0.7917880415916443,1713,385,1918,525,205,140
307,10.551724,1,2,car,0.7669475078582764,1525,396,1824,540,299,144
307,10.551724,18,0,person,0.7650325298309326,1572,462,1641,621,69,159
307,10.551724,9,0,person,0.7413102388381958,1298,514,1355,684,57,170
307,10.551724,26,0,person,0.739170253276825,1802,435,1862,586,60,151
307,10.551724,15,0,person,0.710254967212677,1645,449,1694,598,49,149
307,10.551724,5,0,person,0.6770761013031006,1041,516,1096,687,55,171
307,10.551724,22,0,person,0.650632917881012,1697,417,1775,573,78,156
307,10.551724,13,0,person,0.6133953928947449,1480,511,1530,678,50,167
307,10.551724,24,0,person,0.5495471358299255,1231,459,1285,552,54,93
307,10.551724,14,0,person,0.3168991804122925,1328,503,1381,647,53,144
308,10.586207,8,0,person,0.8253945112228394,1201,498,1279,671,78,173
308,10.586207,2,2,car,0.816838800907135,845,483,1125,659,280,176
308,10.586207,1,2,car,0.8055747151374817,1525,396,1818,538,293,142
308,10.586207,23,0,person,0.804235577583313,1157,492,1222,655,65,163
308,10.586207,3,2,car,0.7935417890548706,1714,385,1918,525,204,140
308,10.586207,18,0,person,0.7647605538368225,1569,461,1640,621,71,160
308,10.586207,5,0,person,0.7278668284416199,1038,517,1095,685,57,168
308,10.586207,26,0,person,0.7265709042549133,1802,434,1858,587,56,153
308,10.586207,9,0,person,0.7153834104537964,1294,518,1349,685,55,167
308,10.586207,15,0,person,0.6663503050804138,1642,449,1689,597,47,148
308,10.586207,22,0,person,0.6320136189460754,1697,418,1775,573,78,155
308,10.586207,13,0,person,0.6245502829551697,1477,507,1530,678,53,171
308,10.586207,24,0,person,0.5732545256614685,1230,459,1285,554,55,95
308,10.586207,14,0,person,0.3584441840648651,1316,491,1378,646,62,155
309,10.62069,1,2,car,0.8380148410797119,1525,396,1816,537,291,141
309,10.62069,2,2,car,0.8175660371780396,845,483,1126,659,281,176
309,10.62069,23,0,person,0.8062178492546082,1155,493,1219,654,64,161
309,10.62069,8,0,person,0.8037505745887756,1199,499,1276,670,77,171
309,10.62069,3,2,car,0.7903232574462891,1711,384,1918,522,207,138
309,10.62069,18,0,person,0.7750202417373657,1568,462,1640,621,72,159
309,10.62069,5,0,person,0.7618526816368103,1037,518,1091,685,54,167
309,10.62069,26,0,person,0.7346509695053101,1801,436,1853,586,52,150
309,10.62069,9,0,person,0.6841971278190613,1289,518,1344,686,55,168
309,10.62069,15,0,person,0.6729457378387451,1640,449,1685,598,45,149
309,10.62069,13,0,person,0.6523483991622925,1475,502,1529,680,54,178
309,10.62069,22,0,person,0.6255487203598022,1696,417,1773,572,77,155
309,10.62069,24,0,person,0.5492973923683167,1226,458,1285,556,59,98
309,10.62069,29,0,person,0.4852268695831299,1497,446,1544,551,47,105
309,10.62069,14,0,person,0.3671358525753021,1317,486,1366,598,49,112
310,10.655172,1,2,car,0.8440319895744324,1524,397,1816,534,292,137
310,10.655172,2,2,car,0.8214101195335388,844,483,1125,660,281,177
310,10.655172,23,0,person,0.8072636723518372,1154,492,1217,655,63,163
310,10.655172,8,0,person,0.7887254953384399,1199,498,1274,672,75,174
310,10.655172,3,2,car,0.7848929762840271,1711,384,1918,522,207,138
310,10.655172,18,0,person,0.774377167224884,1570,464,1639,622,69,158
310,10.655172,5,0,person,0.7600721716880798,1035,520,1090,684,55,164
310,10.655172,9,0,person,0.7347147464752197,1285,515,1343,688,58,173
310,10.655172,26,0,person,0.7075446248054504,1800,438,1849,585,49,147
310,10.655172,13,0,person,0.6950967907905579,1470,508,1527,681,57,173
310,10.655172,15,0,person,0.6153833270072937,1635,448,1683,598,48,150
310,10.655172,22,0,person,0.6072952151298523,1696,416,1767,570,71,154
310,10.655172,29,0,person,0.5031819343566895,1496,447,1540,544,44,97
310,10.655172,24,0,person,0.4542604684829712,1224,457,1284,570,60,113
310,10.655172,14,0,person,0.40673723816871643,1315,488,1365,627,50,139
311,10.689655,1,2,car,0.8283360600471497,1523,396,1816,532,293,136
311,10.689655,2,2,car,0.8137896656990051,844,483,1126,659,282,176
311,10.689655,23,0,person,0.793184757232666,1153,493,1215,655,62,162
311,10.689655,3,2,car,0.7865611910820007,1710,384,1918,522,208,138
311,10.689655,8,0,person,0.7743161916732788,1198,497,1271,670,73,173
311,10.689655,18,0,person,0.762624204158783,1570,462,1638,622,68,160
311,10.689655,13,0,person,0.7303010821342468,1462,508,1525,680,63,172
311,10.689655,5,0,person,0.7283931970596313,1033,520,1088,684,55,164
311,10.689655,9,0,person,0.6931064128875732,1284,515,1341,689,57,174
311,10.689655,26,0,person,0.676912784576416,1799,439,1844,587,45,148
311,10.689655,15,0,person,0.6593011021614075,1627,450,1681,598,54,148
311,10.689655,22,0,person,0.5816551446914673,1695,416,1757,570,62,154
311,10.689655,24,0,person,0.4916694760322571,1223,457,1284,558,61,101
311,10.689655,29,0,person,0.48676058650016785,1495,446,1538,544,43,98
311,10.689655,14,0,person,0.37263092398643494,1308,483,1365,644,57,161
312,10.724138,2,2,car,0.8000474572181702,844,483,1125,659,281,176
312,10.724138,1,2,car,0.7996638417243958,1524,396,1815,527,291,131
312,10.724138,23,0,person,0.7866442799568176,1152,493,1211,655,59,162
312,10.724138,3,2,car,0.7814866900444031,1711,384,1918,522,207,138
312,10.724138,18,0,person,0.7713583111763,1569,463,1637,622,68,159
312,10.724138,5,0,person,0.7624710202217102,1029,518,1089,684,60,166
312,10.724138,8,0,person,0.758339524269104,1200,499,1269,669,69,170
312,10.724138,13,0,person,0.7514044046401978,1455,511,1523,679,68,168
312,10.724138,9,0,person,0.7353766560554504,1279,516,1340,690,61,174
312,10.724138,15,0,person,0.662909209728241,1624,449,1679,596,55,147
312,10.724138,26,0,person,0.6417362093925476,1798,438,1844,589,46,151
312,10.724138,22,0,person,0.5353983044624329,1695,415,1754,569,59,154
312,10.724138,24,0,person,0.46308284997940063,1223,456,1283,603,60,147
312,10.724138,29,0,person,0.3986912667751312,1493,448,1537,545,44,97
313,10.758621,5,0,person,0.7925671339035034,1015,517,1088,685,73,168
313,10.758621,23,0,person,0.7900047898292542,1152,490,1207,655,55,165
313,10.758621,2,2,car,0.7890812158584595,846,482,1126,658,280,176
313,10.758621,3,2,car,0.7883119583129883,1711,384,1918,521,207,137
313,10.758621,18,0,person,0.7847268581390381,1569,462,1635,622,66,160
313,10.758621,9,0,person,0.7728818655014038,1274,519,1338,689,64,170
313,10.758621,8,0,person,0.7563292384147644,1200,501,1266,668,66,167
313,10.758621,1,2,car,0.7533975839614868,1524,394,1818,523,294,129
313,10.758621,13,0,person,0.7477580904960632,1450,509,1524,679,74,170
313,10.758621,15,0,person,0.6438534259796143,1624,449,1677,595,53,146
313,10.758621,26,0,person,0.6168756484985352,1792,439,1843,589,51,150
313,10.758621,22,0,person,0.5367224216461182,1695,416,1751,568,56,152
313,10.758621,24,0,person,0.5233749151229858,1228,456,1283,610,55,154
313,10.758621,29,0,person,0.3836304545402527,1491,449,1533,546,42,97
314,10.793103,5,0,person,0.8164481520652771,1005,516,1088,686,83,170
314,10.793103,2,2,car,0.7967086434364319,843,483,1128,658,285,175
314,10.793103,3,2,car,0.7942896485328674,1712,384,1918,521,206,137
314,10.793103,18,0,person,0.7879095077514648,1568,462,1633,622,65,160
314,10.793103,9,0,person,0.784465491771698,1272,517,1337,688,65,171
314,10.793103,13,0,person,0.771220326423645,1448,509,1521,681,73,172
314,10.793103,23,0,person,0.7684605717658997,1149,491,1203,657,54,166
314,10.793103,8,0,person,0.7572213411331177,1198,501,1262,669,64,168
314,10.793103,1,2,car,0.7354904413223267,1524,393,1817,507,293,114
314,10.793103,15,0,person,0.6469846963882446,1622,450,1676,596,54,146
314,10.793103,26,0,person,0.6257447600364685,1782,444,1837,589,55,145
314,10.793103,24,0,person,0.5405319333076477,1227,456,1283,613,56,157
314,10.793103,22,0,person,0.5171924829483032,1695,416,1751,568,56,152
314,10.793103,29,0,person,0.44712457060813904,1489,450,1531,550,42,100
315,10.827586,2,2,car,0.8045108914375305,843,483,1130,659,287,176
315,10.827586,5,0,person,0.8025788068771362,999,516,1088,685,89,169
315,10.827586,3,2,car,0.7956922054290771,1713,384,1918,521,205,137
315,10.827586,13,0,person,0.7949326038360596,1446,509,1520,682,74,173
315,10.827586,9,0,person,0.7938860654830933,1268,516,1336,690,68,174
315,10.827586,18,0,person,0.768425703048706,1568,463,1632,622,64,159
315,10.827586,23,0,person,0.7540314793586731,1148,491,1200,656,52,165
315,10.827586,8,0,person,0.7385640740394592,1196,495,1258,669,62,174
315,10.827586,1,2,car,0.7186306715011597,1523,393,1816,507,293,114
315,10.827586,15,0,person,0.6457462310791016,1621,452,1675,596,54,144
315,10.827586,26,0,person,0.6429992318153381,1776,445,1836,589,60,144
315,10.827586,22,0,person,0.5369361042976379,1694,416,1752,568,58,152
315,10.827586,24,0,person,0.5079959034919739,1227,456,1284,614,57,158
315,10.827586,29,0,person,0.3937036693096161,1488,451,1530,549,42,98
315,10.827586,14,0,person,0.3810921609401703,1294,482,1344,585,50,103
316,10.862069,2,2,car,0.8203335404396057,843,483,1129,659,286,176
316,10.862069,13,0,person,0.8014754056930542,1446,509,1521,682,75,173
316,10.862069,5,0,person,0.8001028299331665,998,515,1086,686,88,171
316,10.862069,9,0,person,0.799145519733429,1265,521,1336,690,71,169
316,10.862069,3,2,car,0.7977562546730042,1714,384,1918,521,204,137
316,10.862069,18,0,person,0.7760511040687561,1568,463,1630,622,62,159
316,10.862069,23,0,person,0.7657827734947205,1146,492,1197,656,51,164
316,10.862069,8,0,person,0.7535017132759094,1193,499,1256,670,63,171
316,10.862069,1,2,car,0.7155330777168274,1524,393,1817,505,293,112
316,10.862069,15,0,person,0.6590355634689331,1620,453,1672,596,52,143
316,10.862069,26,0,person,0.6346443891525269,1768,444,1836,589,68,145
316,10.862069,22,0,person,0.5763992667198181,1694,416,1749,569,55,153
316,10.862069,24,0,person,0.539914608001709,1226,456,1286,617,60,161
316,10.862069,14,0,person,0.4284725487232208,1290,481,1343,586,53,105
316,10.862069,29,0,person,0.3697758913040161,1487,451,1529,558,42,107
317,10.896552,2,2,car,0.8364925384521484,843,483,1126,659,283,176
317,10.896552,5,0,person,0.8095159530639648,997,516,1087,687,90,171
317,10.896552,9,0,person,0.8025548458099365,1262,517,1335,691,73,174
317,10.896552,3,2,car,0.7993175387382507,1713,384,1918,521,205,137
317,10.896552,13,0,person,0.7924112677574158,1445,509,1518,682,73,173
317,10.896552,18,0,person,0.7632546424865723,1568,465,1628,622,60,157
317,10.896552,8,0,person,0.7368966341018677,1192,497,1255,668,63,171
317,10.896552,23,0,person,0.7351600527763367,1143,494,1195,655,52,161
317,10.896552,1,2,car,0.7117072939872742,1524,393,1814,505,290,112
317,10.896552,15,0,person,0.6687887907028198,1617,452,1671,597,54,145
317,10.896552,26,0,person,0.6531248092651367,1765,444,1832,589,67,145
317,10.896552,22,0,person,0.5671084523200989,1694,418,1749,569,55,151
317,10.896552,24,0,person,0.546286940574646,1225,457,1284,617,59,160
317,10.896552,14,0,person,0.3849629759788513,1288,482,1342,598,54,116
317,10.896552,29,0,person,0.36782681941986084,1485,452,1527,567,42,115
318,10.931034,2,2,car,0.8436309695243835,844,483,1125,658,281,175
318,10.931034,3,2,car,0.8101313710212708,1713,384,1918,521,205,137
318,10.931034,5,0,person,0.8089190721511841,997,515,1086,687,89,172
318,10.931034,9,0,person,0.8023073077201843,1259,526,1335,693,76,167
318,10.931034,13,0,person,0.7939726114273071,1445,511,1517,683,72,172
318,10.931034,18,0,person,0.7467045187950134,1567,463,1625,622,58,159
318,10.931034,23,0,person,0.7303647994995117,1140,494,1193,655,53,161
318,10.931034,8,0,person,0.7213038802146912,1189,498,1251,669,62,171
318,10.931034,15,0,person,0.7075319886207581,1616,452,1669,597,53,145
318,10.931034,26,0,person,0.6963286995887756,1763,443,1831,588,68,145
318,10.931034,1,2,car,0.6769071817398071,1523,393,1814,505,291,112
318,10.931034,24,0,person,0.5886337757110596,1224,458,1284,615,60,157
318,10.931034,22,0,person,0.5410730838775635,1690,418,1751,569,61,151
318,10.931034,29,0,person,0.5157485604286194,1482,452,1524,591,42,139
318,10.931034,14,0,person,0.4319784343242645,1281,481,1342,588,61,107
319,10.965517,2,2,car,0.8402560353279114,844,483,1124,658,280,175
319,10.965517,9,0,person,0.8117174506187439,1259,527,1335,692,76,165
319,10.965517,5,0,person,0.8026623129844666,996,519,1084,687,88,168
319,10.965517,13,0,person,0.8022364377975464,1445,515,1518,683,73,168
319,10.965517,3,2,car,0.7953401803970337,1716,384,1918,522,202,138
319,10.965517,18,0,person,0.7372972965240479,1566,464,1620,623,54,159
319,10.965517,23,0,person,0.7193880677223206,1133,494,1192,656,59,162
319,10.965517,8,0,person,0.7074510455131531,1183,499,1248,672,65,173
319,10.965517,26,0,person,0.6951842904090881,1762,440,1831,588,69,148
319,10.965517,15,0,person,0.6793083548545837,1615,453,1669,597,54,144
319,10.965517,1,2,car,0.6231041550636292,1523,393,1818,507,295,114
319,10.965517,22,0,person,0.5796729922294617,1691,419,1748,570,57,151
319,10.965517,24,0,person,0.5787913799285889,1223,458,1284,616,61,158
319,10.965517,29,0,person,0.5686361789703369,1480,453,1523,593,43,140
319,10.965517,14,0,person,0.466982901096344,1282,483,1342,599,60,116
320,11.0,2,2,car,0.8449623584747314,844,483,1123,658,279,175
320,11.0,3,2,car,0.7998007535934448,1717,384,1918,522,201,138
320,11.0,9,0,person,0.7968775629997253,1258,527,1333,693,75,166
320,11.0,13,0,person,0.7890008091926575,1444,515,1515,683,71,168
320,11.0,5,0,person,0.7746534943580627,995,521,1081,688,86,167
320,11.0,23,0,person,0.7331022620201111,1127,496,1190,656,63,160
320,11.0,8,0,person,0.7092787623405457,1182,498,1247,673,65,175
320,11.0,18,0,person,0.7029062509536743,1565,468,1616,623,51,155
320,11.0,26,0,person,0.7021478414535522,1757,440,1831,588,74,148
320,11.0,15,0,person,0.6700183749198914,1612,453,1668,597,56,144
320,11.0,24,0,person,0.6193208694458008,1222,460,1283,620,61,160
320,11.0,1,2,car,0.6068109273910522,1520,390,1827,530,307,140
320,11.0,29,0,person,0.573056697845459,1479,454,1521,591,42,137
320,11.0,22,0,person,0.5605925917625427,1690,419,1748,570,58,151
320,11.0,14,0,person,0.4820021986961365,1281,485,1340,599,59,114
321,11.034483,2,2,car,0.8504291772842407,844,483,1123,658,279,175
321,11.034483,3,2,car,0.806057333946228,1716,384,1918,522,202,138
321,11.034483,9,0,person,0.7748783230781555,1258,528,1332,693,74,165
321,11.034483,5,0,person,0.7704579830169678,994,525,1078,688,84,163
321,11.034483,13,0,person,0.7683720588684082,1443,517,1511,682,68,165
321,11.034483,18,0,person,0.7546007633209229,1564,467,1613,622,49,155
321,11.034483,23,0,person,0.7473936676979065,1121,495,1187,658,66,163
321,11.034483,8,0,person,0.7377960681915283,1179,500,1243,678,64,178
321,11.034483,26,0,person,0.7250288724899292,1756,441,1832,589,76,148
321,11.034483,15,0,person,0.628783643245697,1614,455,1664,594,50,139
321,11.034483,24,0,person,0.5992059707641602,1221,460,1280,621,59,161
321,11.034483,22,0,person,0.5805181264877319,1686,417,1749,572,63,155
321,11.034483,1,2,car,0.5797378420829773,1520,390,1829,530,309,140
321,11.034483,14,0,person,0.4914137125015259,1279,485,1338,606,59,121
321,11.034483,29,0,person,0.48168933391571045,1477,455,1518,588,41,133
322,11.068966,2,2,car,0.8468438386917114,844,483,1124,658,280,175
322,11.068966,3,2,car,0.8076086044311523,1717,384,1918,522,201,138
322,11.068966,9,0,person,0.7818717360496521,1259,526,1328,694,69,168
322,11.068966,23,0,person,0.7695563435554504,1111,495,1186,659,75,164
322,11.068966,5,0,person,0.7657023668289185,993,522,1073,688,80,166
322,11.068966,13,0,person,0.743650496006012,1442,519,1509,682,67,163
322,11.068966,8,0,person,0.7373323440551758,1179,500,1243,676,64,176
322,11.068966,18,0,person,0.7327919006347656,1562,464,1612,625,50,161
322,11.068966,26,0,person,0.709392786026001,1755,442,1830,590,75,148
322,11.068966,24,0,person,0.6479713916778564,1218,459,1279,622,61,163
322,11.068966,15,0,person,0.6407521963119507,1613,455,1660,597,47,142
322,11.068966,22,0,person,0.6253337860107422,1685,417,1748,572,63,155
322,11.068966,1,2,car,0.5565292835235596,1521,390,1836,531,315,141
322,11.068966,14,0,person,0.5440170764923096,1279,484,1335,608,56,124
322,11.068966,29,0,person,0.5108742117881775,1475,453,1517,596,42,143
323,11.103448,2,2,car,0.852755069732666,844,483,1123,658,279,175
323,11.103448,3,2,car,0.7995845079421997,1715,384,1918,522,203,138
323,11.103448,9,0,person,0.7956565618515015,1259,523,1325,694,66,171
323,11.103448,23,0,person,0.7770934700965881,1111,498,1187,658,76,160
323,11.103448,8,0,person,0.7322563529014587,1175,502,1235,679,60,177
323,11.103448,5,0,person,0.7251849174499512,993,521,1065,689,72,168
323,11.103448,13,0,person,0.7249445915222168,1438,517,1505,682,67,165
323,11.103448,18,0,person,0.7229812145233154,1562,465,1610,627,48,162
323,11.103448,26,0,person,0.6989972591400146,1755,442,1829,591,74,149
323,11.103448,1,2,car,0.6981520056724548,1523,391,1841,529,318,138
323,11.103448,15,0,person,0.6877383589744568,1611,454,1657,599,46,145
323,11.103448,24,0,person,0.6738809943199158,1218,461,1277,623,59,162
323,11.103448,22,0,person,0.6473446488380432,1683,418,1748,572,65,154
323,11.103448,14,0,person,0.5971335172653198,1283,489,1333,633,50,144
323,11.103448,29,0,person,0.5097181797027588,1475,454,1516,601,41,147
324,11.137931,2,2,car,0.8493782877922058,845,484,1122,658,277,174
324,11.137931,3,2,car,0.7930952906608582,1715,384,1918,522,203,138
324,11.137931,23,0,person,0.7886359691619873,1109,499,1186,659,77,160
324,11.137931,9,0,person,0.7659650444984436,1258,518,1321,693,63,175
324,11.137931,5,0,person,0.7566455006599426,991,523,1058,689,67,166
324,11.137931,1,2,car,0.7553195357322693,1524,392,1839,530,315,138
324,11.137931,8,0,person,0.7174760699272156,1169,503,1232,680,63,177
324,11.137931,18,0,person,0.7154204845428467,1557,467,1608,628,51,161
324,11.137931,15,0,person,0.7033511400222778,1609,457,1652,600,43,143
324,11.137931,26,0,person,0.7023311257362366,1755,443,1827,590,72,147
324,11.137931,22,0,person,0.6514302492141724,1679,418,1748,574,69,156
324,11.137931,24,0,person,0.648242175579071,1217,461,1278,624,61,163
324,11.137931,13,0,person,0.6476050615310669,1436,515,1500,683,64,168
324,11.137931,14,0,person,0.5894477963447571,1283,485,1331,624,48,139
324,11.137931,29,0,person,0.44295793771743774,1473,454,1512,604,39,150
325,11.172414,2,2,car,0.8630143404006958,844,484,1122,658,278,174
325,11.172414,23,0,person,0.8103684186935425,1106,499,1185,659,79,160
325,11.172414,3,2,car,0.7945489883422852,1715,384,1918,522,203,138
325,11.172414,1,2,car,0.7596595883369446,1524,391,1837,530,313,139
325,11.172414,9,0,person,0.7487839460372925,1258,522,1313,694,55,172
325,11.172414,5,0,person,0.7396783232688904,989,523,1052,688,63,165
325,11.172414,15,0,person,0.7356071472167969,1608,457,1650,600,42,143
325,11.172414,18,0,person,0.7305094003677368,1553,470,1607,630,54,160
325,11.172414,26,0,person,0.7297319769859314,1754,442,1822,590,68,148
325,11.172414,8,0,person,0.7176080942153931,1166,504,1230,678,64,174
325,11.172414,24,0,person,0.6570353507995605,1215,461,1276,624,61,163
325,11.172414,13,0,person,0.6455560922622681,1437,517,1495,683,58,166
325,11.172414,22,0,person,0.6399052739143372,1678,418,1748,574,70,156
325,11.172414,14,0,person,0.5982152223587036,1282,489,1331,639,49,150
325,11.172414,29,0,person,0.4561728537082672,1471,455,1510,601,39,146
326,11.206897,2,2,car,0.8440903425216675,845,484,1122,658,277,174
326,11.206897,23,0,person,0.7951366305351257,1105,500,1183,660,78,160
326,11.206897,3,2,car,0.7885025143623352,1715,384,1918,522,203,138
326,11.206897,8,0,person,0.779002845287323,1159,504,1229,679,70,175
326,11.206897,1,2,car,0.7722980976104736,1526,392,1835,530,309,138
326,11.206897,26,0,person,0.7296984791755676,1755,441,1820,590,65,149
326,11.206897,9,0,person,0.7181060314178467,1256,517,1308,693,52,176
326,11.206897,18,0,person,0.7152668833732605,1555,469,1605,630,50,161
326,11.206897,5,0,person,0.7107398509979248,983,523,1043,688,60,165
326,11.206897,15,0,person,0.7076860666275024,1605,456,1648,601,43,145
326,11.206897,22,0,person,0.6708964109420776,1676,418,1747,575,71,157
326,11.206897,24,0,person,0.6705636382102966,1214,461,1272,626,58,165
326,11.206897,13,0,person,0.6380512714385986,1433,518,1490,682,57,164
326,11.206897,14,0,person,0.6127514839172363,1282,490,1331,649,49,159
326,11.206897,29,0,person,0.5285003781318665,1470,454,1507,600,37,146
327,11.241379,2,2,car,0.8442303538322449,845,483,1122,659,277,176
327,11.241379,8,0,person,0.8238987922668457,1154,505,1230,680,76,175
327,11.241379,1,2,car,0.7945950031280518,1526,392,1836,530,310,138
327,11.241379,3,2,car,0.7928373217582703,1715,384,1918,521,203,137
327,11.241379,23,0,person,0.7832390666007996,1106,499,1182,659,76,160
327,11.241379,26,0,person,0.7271060347557068,1754,439,1814,590,60,151
327,11.241379,18,0,person,0.7212397456169128,1541,466,1605,631,64,165
327,11.241379,9,0,person,0.7194011807441711,1253,517,1301,692,48,175
327,11.241379,5,0,person,0.7041512131690979,980,522,1034,689,54,167
327,11.241379,15,0,person,0.6837198734283447,1603,454,1646,603,43,149
327,11.241379,24,0,person,0.6600227952003479,1213,464,1269,625,56,161
327,11.241379,13,0,person,0.6566495895385742,1434,514,1488,682,54,168
327,11.241379,22,0,person,0.6560927629470825,1678,419,1744,576,66,157
327,11.241379,14,0,person,0.6006338000297546,1281,485,1331,655,50,170
327,11.241379,29,0,person,0.47223353385925293,1469,455,1505,605,36,150
328,11.275862,8,0,person,0.8206895589828491,1150,505,1229,680,79,175
328,11.275862,2,2,car,0.8174459934234619,845,484,1120,660,275,176
328,11.275862,23,0,person,0.8045552372932434,1105,499,1177,660,72,161
328,11.275862,3,2,car,0.7980198860168457,1715,384,1918,522,203,138
328,11.275862,1,2,car,0.782690703868866,1525,394,1839,534,314,140
328,11.275862,18,0,person,0.7446433305740356,1543,465,1600,630,57,165
328,11.275862,9,0,person,0.7163861393928528,1247,519,1297,693,50,174
328,11.275862,5,0,person,0.7140673995018005,975,523,1031,693,56,170
328,11.275862,26,0,person,0.6934927701950073,1754,438,1811,590,57,152
328,11.275862,22,0,person,0.6835829019546509,1679,419,1741,576,62,157
328,11.275862,15,0,person,0.6835141777992249,1600,454,1643,603,43,149
328,11.275862,14,0,person,0.6732609272003174,1279,489,1329,653,50,164
328,11.275862,24,0,person,0.642842710018158,1211,466,1267,622,56,156
328,11.275862,13,0,person,0.6308956146240234,1426,512,1487,682,61,170
328,11.275862,29,0,person,0.5142545104026794,1467,456,1505,605,38,149
329,11.310345,2,2,car,0.8305923938751221,845,483,1118,658,273,175
329,11.310345,1,2,car,0.8227254152297974,1525,394,1840,533,315,139
329,11.310345,8,0,person,0.8110638856887817,1151,505,1226,681,75,176
329,11.310345,3,2,car,0.8087139129638672,1716,384,1918,521,202,137
329,11.310345,23,0,person,0.7692688703536987,1104,497,1176,659,72,162
329,11.310345,18,0,person,0.763277530670166,1537,467,1599,630,62,163
329,11.310345,5,0,person,0.733578622341156,971,524,1028,694,57,170
329,11.310345,9,0,person,0.7217710018157959,1245,522,1296,693,51,171
329,11.310345,24,0,person,0.7079471945762634,1209,465,1264,625,55,160
329,11.310345,14,0,person,0.6924399137496948,1278,489,1328,653,50,164
329,11.310345,22,0,person,0.686058521270752,1677,419,1738,576,61,157
329,11.310345,15,0,person,0.6850627064704895,1596,454,1642,603,46,149
329,11.310345,13,0,person,0.6681345105171204,1430,515,1484,683,54,168
329,11.310345,26,0,person,0.6657410860061646,1755,437,1802,591,47,154
329,11.310345,29,0,person,0.5518305897712708,1466,455,1502,603,36,148
329,11.310345,30,2,car,0.3425721824169159,1850,377,1919,409,69,32
330,11.344828,1,2,car,0.833008348941803,1525,394,1841,532,316,138
330,11.344828,2,2,car,0.8322718143463135,845,483,1116,658,271,175
330,11.344828,3,2,car,0.8208236694335938,1717,384,1918,522,201,138
330,11.344828,8,0,person,0.8067173361778259,1151,506,1224,681,73,175
330,11.344828,18,0,person,0.7524802088737488,1537,467,1597,629,60,162
330,11.344828,23,0,person,0.7478293180465698,1105,498,1174,659,69,161
330,11.344828,5,0,person,0.73289555311203,965,525,1027,695,62,170
330,11.344828,9,0,person,0.7243155241012573,1242,521,1295,694,53,173
330,11.344828,13,0,person,0.715205729007721,1428,517,1482,682,54,165
330,11.344828,22,0,person,0.7086447477340698,1676,418,1737,577,61,159
330,11.344828,26,0,person,0.7041050791740417,1754,437,1798,592,44,155
330,11.344828,14,0,person,0.6744798421859741,1278,489,1327,652,49,163
330,11.344828,15,0,person,0.6700008511543274,1597,455,1640,603,43,148
330,11.344828,24,0,person,0.6400553584098816,1207,465,1262,626,55,161
330,11.344828,29,0,person,0.5832260251045227,1463,455,1500,604,37,149
330,11.344828,31,0,person,0.39757129549980164,1419,489,1467,648,48,159
330,11.344828,30,2,car,0.3353351354598999,1850,376,1919,409,69,33
331,11.37931,1,2,car,0.8427193760871887,1524,394,1841,531,317,137
331,11.37931,2,2,car,0.8341442346572876,846,483,1114,657,268,174
331,11.37931,3,2,car,0.8269276022911072,1718,384,1918,521,200,137
331,11.37931,8,0,person,0.7782219648361206,1151,506,1223,681,72,175
331,11.37931,5,0,person,0.7596299648284912,962,529,1023,697,61,168
331,11.37931,18,0,person,0.7484961152076721,1535,466,1597,631,62,165
331,11.37931,13,0,person,0.7458634376525879,1421,523,1479,682,58,159
331,11.37931,23,0,person,0.7425699830055237,1105,498,1171,659,66,161
331,11.37931,22,0,person,0.720164954662323,1673,417,1736,577,63,160
331,11.37931,26,0,person,0.7040590047836304,1754,438,1796,591,42,153
331,11.37931,15,0,person,0.6982374787330627,1594,455,1640,603,46,148
331,11.37931,9,0,person,0.6824076175689697,1237,524,1294,694,57,170
331,11.37931,24,0,person,0.6568601131439209,1207,465,1260,626,53,161
331,11.37931,14,0,person,0.6520994901657104,1276,488,1327,651,51,163
331,11.37931,29,0,person,0.6035298109054565,1462,456,1499,604,37,148
331,11.37931,30,2,car,0.3423980176448822,1850,376,1919,409,69,33
332,11.413793,1,2,car,0.8318401575088501,1524,394,1841,529,317,135
332,11.413793,2,2,car,0.8238783478736877,846,484,1114,654,268,170
332,11.413793,3,2,car,0.8208069205284119,1716,384,1918,522,202,138
332,11.413793,5,0,person,0.7894469499588013,960,528,1023,697,63,169
332,11.413793,9,0,person,0.7691749334335327,1229,524,1292,695,63,171
332,11.413793,8,0,person,0.7597976326942444,1150,507,1217,681,67,174
332,11.413793,13,0,person,0.7235733270645142,1413,521,1477,683,64,162
332,11.413793,22,0,person,0.718726634979248,1671,418,1735,575,64,157
332,11.413793,23,0,person,0.7152014374732971,1104,498,1168,660,64,162
332,11.413793,18,0,person,0.7055774331092834,1535,465,1597,633,62,168
332,11.413793,26,0,person,0.6937540769577026,1752,439,1795,591,43,152
332,11.413793,14,0,person,0.6918442845344543,1274,487,1326,652,52,165
332,11.413793,24,0,person,0.686781108379364,1205,465,1258,628,53,163
332,11.413793,15,0,person,0.6558577418327332,1587,456,1639,601,52,145
332,11.413793,29,0,person,0.5867217183113098,1459,458,1497,606,38,148
332,11.413793,30,2,car,0.3228430151939392,1850,377,1919,408,69,31
333,11.448276,1,2,car,0.8436983823776245,1522,394,1841,529,319,135
333,11.448276,2,2,car,0.8374776244163513,845,484,1113,653,268,169
333,11.448276,3,2,car,0.8182738423347473,1716,384,1918,521,202,137
333,11.448276,9,0,person,0.7807407379150391,1220,522,1286,694,66,172
333,11.448276,13,0,person,0.7734520435333252,1405,522,1477,683,72,161
333,11.448276,5,0,person,0.7564143538475037,960,528,1022,697,62,169
333,11.448276,23,0,person,0.727238655090332,1103,498,1154,664,51,166
333,11.448276,8,0,person,0.7241984009742737,1149,506,1210,683,61,177
333,11.448276,24,0,person,0.7207095623016357,1204,465,1258,627,54,162
333,11.448276,26,0,person,0.6896699070930481,1750,438,1792,592,42,154
333,11.448276,18,0,person,0.6785522699356079,1534,471,1596,633,62,162
333,11.448276,14,0,person,0.6644722819328308,1273,487,1326,651,53,164
333,11.448276,22,0,person,0.6626760363578796,1664,417,1735,574,71,157
333,11.448276,15,0,person,0.6138421297073364,1577,456,1638,604,61,148
333,11.448276,29,0,person,0.5947882533073425,1458,459,1496,605,38,146
333,11.448276,31,0,person,0.4052380621433258,1408,489,1462,628,54,139
333,11.448276,30,2,car,0.31121891736984253,1849,377,1919,408,70,31
334,11.482759,1,2,car,0.8437409996986389,1522,394,1843,530,321,136
334,11.482759,2,2,car,0.83555668592453,845,484,1110,645,265,161
334,11.482759,3,2,car,0.8255913853645325,1714,383,1918,521,204,138
334,11.482759,9,0,person,0.7938566207885742,1212,522,1285,695,73,173
334,11.482759,13,0,person,0.7863432168960571,1400,522,1476,683,76,161
334,11.482759,23,0,person,0.7697829008102417,1101,498,1153,665,52,167
334,11.482759,8,0,person,0.7434531450271606,1150,506,1204,684,54,178
334,11.482759,5,0,person,0.7406234741210938,955,527,1025,698,70,171
334,11.482759,24,0,person,0.7347506284713745,1202,466,1258,626,56,160
334,11.482759,14,0,person,0.6924977898597717,1273,487,1325,652,52,165
334,11.482759,18,0,person,0.6854423880577087,1534,474,1592,633,58,159
334,11.482759,15,0,person,0.667344331741333,1573,455,1639,603,66,148
334,11.482759,26,0,person,0.635637104511261,1743,439,1789,591,46,152
334,11.482759,22,0,person,0.6231576204299927,1666,419,1732,574,66,155
334,11.482759,29,0,person,0.5690789818763733,1455,459,1496,609,41,150
334,11.482759,31,0,person,0.49058884382247925,1409,487,1460,615,51,128
334,11.482759,30,2,car,0.29890790581703186,1851,377,1919,407,68,30
335,11.517241,2,2,car,0.8433892726898193,845,484,1110,645,265,161
335,11.517241,1,2,car,0.8343743681907654,1521,394,1843,530,322,136
335,11.517241,3,2,car,0.8196078538894653,1713,383,1918,521,205,138
335,11.517241,9,0,person,0.8094511032104492,1206,523,1284,695,78,172
335,11.517241,13,0,person,0.8043200969696045,1397,520,1475,683,78,163
335,11.517241,23,0,person,0.7761514186859131,1097,497,1149,662,52,165
335,11.517241,8,0,person,0.7480146884918213,1151,507,1201,683,50,176
335,11.517241,5,0,person,0.7466908097267151,952,527,1024,700,72,173
335,11.517241,24,0,person,0.719778299331665,1201,467,1258,627,57,160
335,11.517241,14,0,person,0.6996856331825256,1271,488,1323,652,52,164
335,11.517241,15,0,person,0.6679863929748535,1566,459,1636,605,70,146
335,11.517241,18,0,person,0.6618919372558594,1533,477,1587,633,54,156
335,11.517241,26,0,person,0.6425380706787109,1737,436,1788,590,51,154
335,11.517241,22,0,person,0.6306806802749634,1667,420,1731,572,64,152
335,11.517241,29,0,person,0.6041669845581055,1454,460,1494,607,40,147
335,11.517241,31,0,person,0.4436623454093933,1405,487,1458,619,53,132
335,11.517241,30,2,car,0.2905743420124054,1851,378,1919,408,68,30
336,11.551724,2,2,car,0.8323423862457275,844,484,1110,645,266,161
336,11.551724,9,0,person,0.8252383470535278,1202,523,1284,696,82,173
336,11.551724,1,2,car,0.8225204348564148,1520,393,1843,529,323,136
336,11.551724,13,0,person,0.8145937919616699,1395,520,1475,683,80,163
336,11.551724,3,2,car,0.8100190758705139,1713,383,1918,521,205,138
336,11.551724,8,0,person,0.7525535821914673,1148,507,1196,683,48,176
336,11.551724,23,0,person,0.7511067390441895,1093,498,1146,664,53,166
336,11.551724,5,0,person,0.7490085363388062,945,527,1023,700,78,173
336,11.551724,15,0,person,0.7449648380279541,1566,457,1635,606,69,149
336,11.551724,14,0,person,0.718278169631958,1269,490,1322,653,53,163
336,11.551724,24,0,person,0.7082571387290955,1199,468,1256,627,57,159
336,11.551724,26,0,person,0.6920540928840637,1728,436,1786,589,58,153
336,11.551724,18,0,person,0.6660890579223633,1534,478,1583,633,49,155
336,11.551724,22,0,person,0.6591131091117859,1665,419,1731,573,66,154
336,11.551724,29,0,person,0.6017885208129883,1452,458,1492,610,40,152
336,11.551724,31,0,person,0.4961525499820709,1401,487,1457,625,56,138
336,11.551724,30,2,car,0.2663997709751129,1851,378,1919,408,68,30
337,11.586207,9,0,person,0.8283680081367493,1202,526,1283,696,81,170
337,11.586207,2,2,car,0.8189744353294373,845,483,1109,644,264,161
337,11.586207,1,2,car,0.8183842301368713,1521,393,1843,531,322,138
337,11.586207,3,2,car,0.8039079904556274,1712,383,1918,521,206,138
337,11.586207,13,0,person,0.8006131649017334,1393,518,1475,683,82,165
337,11.586207,15,0,person,0.7741181254386902,1567,456,1634,608,67,152
337,11.586207,5,0,person,0.7478122711181641,948,531,1020,699,72,168
337,11.586207,8,0,person,0.7472212910652161,1143,507,1195,681,52,174
337,11.586207,14,0,person,0.7460808157920837,1268,490,1320,654,52,164
337,11.586207,23,0,person,0.727249264717102,1095,499,1144,668,49,169
337,11.586207,24,0,person,0.6765516400337219,1196,468,1254,627,58,159
337,11.586207,22,0,person,0.672289252281189,1660,420,1730,574,70,154
337,11.586207,18,0,person,0.6656948328018188,1534,476,1582,634,48,158
337,11.586207,26,0,person,0.6603905558586121,1722,434,1787,589,65,155
337,11.586207,29,0,person,0.6036651134490967,1450,459,1491,609,41,150
337,11.586207,31,0,person,0.45406848192214966,1397,488,1455,635,58,147
337,11.586207,30,2,car,0.26479554176330566,1851,378,1919,407,68,29
338,11.62069,13,0,person,0.8356589078903198,1391,519,1475,682,84,163
338,11.62069,9,0,person,0.8249574899673462,1199,526,1283,698,84,172
338,11.62069,1,2,car,0.8040646314620972,1522,393,1843,531,321,138
338,11.62069,2,2,car,0.8036321401596069,844,483,1107,643,263,160
338,11.62069,3,2,car,0.8025679588317871,1712,383,1918,521,206,138
338,11.62069,23,0,person,0.7430720329284668,1090,500,1142,670,52,170
338,11.62069,14,0,person,0.7382125854492188,1267,490,1319,654,52,164
338,11.62069,15,0,person,0.7368127107620239,1568,455,1631,606,63,151
338,11.62069,5,0,person,0.7277474403381348,951,529,1018,699,67,170
338,11.62069,8,0,person,0.7068942189216614,1141,508,1190,682,49,174
338,11.62069,18,0,person,0.6546815633773804,1534,476,1579,633,45,157
338,11.62069,22,0,person,0.6531191468238831,1659,421,1727,576,68,155
338,11.62069,26,0,person,0.640515923500061,1721,436,1786,589,65,153
338,11.62069,24,0,person,0.6256366968154907,1195,468,1251,626,56,158
338,11.62069,29,0,person,0.5802463889122009,1448,460,1490,608,42,148
338,11.62069,31,0,person,0.4281746745109558,1395,490,1450,639,55,149
339,11.655172,9,0,person,0.8475321531295776,1198,529,1282,697,84,168
339,11.655172,1,2,car,0.82582688331604,1521,393,1843,532,322,139
339,11.655172,2,2,car,0.8085232377052307,844,484,1106,646,262,162
339,11.655172,13,0,person,0.8083375692367554,1392,520,1474,682,82,162
339,11.655172,3,2,car,0.7971083521842957,1712,384,1918,520,206,136
339,11.655172,23,0,person,0.767402172088623,1086,500,1143,672,57,172
339,11.655172,14,0,person,0.7424132823944092,1265,491,1318,654,53,163
339,11.655172,8,0,person,0.7266412377357483,1136,506,1187,681,51,175
339,11.655172,15,0,person,0.7190442681312561,1566,455,1629,606,63,151
339,11.655172,5,0,person,0.7065469026565552,948,529,1013,699,65,170
339,11.655172,22,0,person,0.6591562032699585,1662,422,1724,577,62,155
339,11.655172,26,0,person,0.6472612619400024,1719,436,1786,589,67,153
339,11.655172,24,0,person,0.6246424317359924,1193,468,1251,625,58,157
339,11.655172,18,0,person,0.6058910489082336,1532,471,1576,632,44,161
339,11.655172,29,0,person,0.6025422215461731,1445,460,1490,606,45,146
339,11.655172,31,0,person,0.434429794549942,1387,490,1444,645,57,155
340,11.689655,9,0,person,0.8562853336334229,1197,530,1282,699,85,169
340,11.689655,1,2,car,0.8361556529998779,1521,392,1844,531,323,139
340,11.689655,3,2,car,0.8075720071792603,1713,384,1918,521,205,137
340,11.689655,13,0,person,0.7899602651596069,1393,519,1472,683,79,164
340,11.689655,2,2,car,0.7854570746421814,844,484,1106,649,262,165
340,11.689655,23,0,person,0.7644258141517639,1085,501,1141,667,56,166
340,11.689655,14,0,person,0.7581971287727356,1264,492,1318,655,54,163
340,11.689655,8,0,person,0.737476646900177,1133,509,1185,682,52,173
340,11.689655,5,0,person,0.7305833697319031,936,530,1006,699,70,169
340,11.689655,26,0,person,0.6763707399368286,1713,435,1786,589,73,154
340,11.689655,15,0,person,0.6732703447341919,1567,454,1628,607,61,153
340,11.689655,29,0,person,0.6496098637580872,1441,460,1489,606,48,146
340,11.689655,18,0,person,0.6201074719429016,1527,471,1573,632,46,161
340,11.689655,22,0,person,0.5968260765075684,1664,422,1724,578,60,156
340,11.689655,24,0,person,0.5729001760482788,1192,469,1249,623,57,154
340,11.689655,31,0,person,0.5346720814704895,1379,488,1445,643,66,155
341,11.724138,9,0,person,0.8549626469612122,1197,528,1282,699,85,171
341,11.724138,1,2,car,0.8463108539581299,1520,392,1845,530,325,138
341,11.724138,13,0,person,0.818044126033783,1392,516,1472,683,80,167
341,11.724138,3,2,car,0.810796320438385,1714,384,1918,521,204,137
341,11.724138,14,0,person,0.769812285900116,1263,493,1317,656,54,163
341,11.724138,5,0,person,0.7581631541252136,932,531,1003,700,71,169
341,11.724138,8,0,person,0.7455916404724121,1125,509,1185,681,60,172
341,11.724138,23,0,person,0.7402029633522034,1071,502,1139,673,68,171
341,11.724138,26,0,person,0.708773136138916,1710,437,1786,590,76,153
341,11.724138,2,2,car,0.6610362529754639,845,483,1109,652,264,169
341,11.724138,15,0,person,0.6375397443771362,1563,454,1624,608,61,154
341,11.724138,29,0,person,0.6194321513175964,1439,464,1488,605,49,141
341,11.724138,18,0,person,0.6076502203941345,1527,471,1571,632,44,161
341,11.724138,22,0,person,0.590131402015686,1664,422,1723,577,59,155
341,11.724138,24,0,person,0.5129163265228271,1191,469,1249,617,58,148
341,11.724138,31,0,person,0.47292011976242065,1370,489,1444,647,74,158
342,11.758621,1,2,car,0.8700586557388306,1520,393,1845,533,325,140
342,11.758621,9,0,person,0.8476070761680603,1198,528,1281,699,83,171
342,11.758621,3,2,car,0.8238869309425354,1713,383,1918,521,205,138
342,11.758621,13,0,person,0.7925923466682434,1392,517,1469,683,77,166
342,11.758621,8,0,person,0.7701202034950256,1116,510,1183,681,67,171
342,11.758621,23,0,person,0.7700011134147644,1067,503,1136,670,69,167
342,11.758621,14,0,person,0.7676675915718079,1262,492,1317,657,55,165
342,11.758621,5,0,person,0.74033522605896,929,531,1000,699,71,168
342,11.758621,26,0,person,0.7103309035301208,1708,436,1786,589,78,153
342,11.758621,2,2,car,0.6415890455245972,845,483,1102,651,257,168
342,11.758621,15,0,person,0.6276777982711792,1563,454,1618,608,55,154
342,11.758621,29,0,person,0.6256105303764343,1434,461,1487,605,53,144
342,11.758621,18,0,person,0.6025581955909729,1525,468,1569,632,44,164
342,11.758621,22,0,person,0.5922714471817017,1661,423,1719,576,58,153
342,11.758621,24,0,person,0.49612167477607727,1191,470,1247,622,56,152
342,11.758621,31,0,person,0.49078434705734253,1366,489,1444,650,78,161
343,11.793103,1,2,car,0.8686715364456177,1520,393,1846,533,326,140
343,11.793103,3,2,car,0.8233839869499207,1714,383,1918,521,204,138
343,11.793103,9,0,person,0.8050138354301453,1197,529,1279,699,82,170
343,11.793103,8,0,person,0.7960657477378845,1106,507,1183,681,77,174
343,11.793103,13,0,person,0.7823050618171692,1391,517,1465,683,74,166
343,11.793103,23,0,person,0.7789652347564697,1067,500,1132,670,65,170
343,11.793103,14,0,person,0.7669566869735718,1259,492,1316,658,57,166
343,11.793103,5,0,person,0.7166200280189514,925,532,991,699,66,167
343,11.793103,26,0,person,0.6957437992095947,1709,436,1786,589,77,153
343,11.793103,29,0,person,0.6169554591178894,1433,462,1487,603,54,141
343,11.793103,2,2,car,0.6145797371864319,844,483,1119,648,275,165
343,11.793103,18,0,person,0.6125690937042236,1520,472,1568,632,48,160
343,11.793103,15,0,person,0.6094229221343994,1561,455,1615,609,54,154
343,11.793103,22,0,person,0.572195291519165,1658,422,1717,576,59,154
343,11.793103,24,0,person,0.462080717086792,1191,471,1247,597,56,126
343,11.793103,31,0,person,0.45591410994529724,1363,489,1432,648,69,159
344,11.827586,1,2,car,0.8657116293907166,1521,392,1845,532,324,140
344,11.827586,3,2,car,0.8226858973503113,1714,383,1918,521,204,138
344,11.827586,9,0,person,0.814614474773407,1198,527,1276,698,78,171
344,11.827586,8,0,person,0.8020065426826477,1099,507,1182,682,83,175
344,11.827586,14,0,person,0.7858012914657593,1257,493,1315,657,58,164
344,11.827586,23,0,person,0.7828715443611145,1064,502,1130,670,66,168
344,11.827586,13,0,person,0.772612452507019,1391,518,1463,683,72,165
344,11.827586,5,0,person,0.7426589131355286,927,529,989,700,62,171
344,11.827586,2,2,car,0.7416643500328064,844,483,1097,647,253,164
344,11.827586,26,0,person,0.6893754601478577,1708,434,1785,589,77,155
344,11.827586,18,0,person,0.6624651551246643,1515,475,1568,632,53,157
344,11.827586,29,0,person,0.6571313738822937,1431,461,1486,606,55,145
344,11.827586,15,0,person,0.6538874506950378,1560,455,1609,607,49,152
344,11.827586,22,0,person,0.5762239098548889,1658,422,1719,577,61,155
344,11.827586,24,0,person,0.5030515193939209,1191,472,1245,591,54,119
344,11.827586,31,0,person,0.4516012966632843,1364,489,1436,649,72,160
345,11.862069,1,2,car,0.8487934470176697,1521,392,1845,535,324,143
345,11.862069,3,2,car,0.8292478322982788,1712,383,1918,521,206,138
345,11.862069,8,0,person,0.8224372863769531,1096,511,1180,683,84,172
345,11.862069,9,0,person,0.8154844641685486,1197,526,1270,698,73,172
345,11.862069,23,0,person,0.7800899147987366,1061,508,1128,674,67,166
345,11.862069,13,0,person,0.7727953195571899,1391,517,1460,683,69,166
345,11.862069,14,0,person,0.7714179754257202,1258,493,1315,661,57,168
345,11.862069,2,2,car,0.7524908781051636,845,483,1095,647,250,164
345,11.862069,5,0,person,0.7499157190322876,926,528,989,697,63,169
345,11.862069,18,0,person,0.6956924796104431,1507,477,1565,632,58,155
345,11.862069,15,0,person,0.6832712888717651,1558,455,1607,605,49,150
345,11.862069,29,0,person,0.6504206657409668,1428,461,1487,606,59,145
345,11.862069,26,0,person,0.6448804140090942,1712,436,1782,591,70,155
345,11.862069,22,0,person,0.6354478597640991,1655,421,1709,578,54,157
345,11.862069,24,0,person,0.5296083688735962,1190,472,1244,586,54,114
345,11.862069,31,0,person,0.46083179116249084,1365,489,1437,650,72,161
346,11.896552,3,2,car,0.838948667049408,1713,383,1918,521,205,138
346,11.896552,1,2,car,0.830954909324646,1521,392,1844,536,323,144
346,11.896552,8,0,person,0.8170677423477173,1094,511,1179,682,85,171
346,11.896552,9,0,person,0.8033948540687561,1197,525,1266,698,69,173
346,11.896552,5,0,person,0.7974739670753479,925,529,987,697,62,168
346,11.896552,14,0,person,0.7795451283454895,1257,493,1313,661,56,168
346,11.896552,13,0,person,0.7655207514762878,1391,518,1454,683,63,165
346,11.896552,23,0,person,0.7632638216018677,1061,509,1124,674,63,165
346,11.896552,2,2,car,0.7459344267845154,845,483,1092,647,247,164
346,11.896552,18,0,person,0.7216917276382446,1501,475,1564,633,63,158
346,11.896552,22,0,person,0.6903566718101501,1652,421,1707,577,55,156
346,11.896552,15,0,person,0.6753408908843994,1555,454,1605,608,50,154
346,11.896552,26,0,person,0.667778730392456,1711,437,1781,591,70,154
346,11.896552,29,0,person,0.6132915019989014,1426,461,1483,607,57,146
346,11.896552,24,0,person,0.5121407508850098,1189,472,1241,572,52,100
346,11.896552,31,0,person,0.48721960186958313,1365,491,1428,651,63,160
347,11.931034,3,2,car,0.8458511829376221,1713,383,1918,521,205,138
347,11.931034,8,0,person,0.8209751844406128,1094,511,1179,683,85,172
347,11.931034,5,0,person,0.8170149922370911,918,529,987,698,69,169
347,11.931034,1,2,car,0.8119463324546814,1522,392,1844,534,322,142
347,11.931034,9,0,person,0.8041988015174866,1197,526,1262,699,65,173
347,11.931034,14,0,person,0.7988395094871521,1255,493,1311,660,56,167
347,11.931034,23,0,person,0.7788304090499878,1061,509,1121,674,60,165
347,11.931034,18,0,person,0.7765775918960571,1496,476,1564,633,68,157
347,11.931034,13,0,person,0.7467420101165771,1391,519,1450,683,59,164
347,11.931034,2,2,car,0.7409658432006836,844,483,1090,648,246,165
347,11.931034,22,0,person,0.7162479162216187,1650,421,1707,576,57,155
347,11.931034,15,0,person,0.6979721188545227,1555,454,1604,610,49,156
347,11.931034,26,0,person,0.6812326312065125,1710,436,1779,589,69,153
347,11.931034,29,0,person,0.6753153800964355,1425,461,1477,608,52,147
347,11.931034,31,0,person,0.5380309224128723,1364,492,1421,652,57,160
347,11.931034,24,0,person,0.4741348922252655,1189,474,1241,586,52,112
348,11.965517,3,2,car,0.846248209476471,1713,383,1918,521,205,138
348,11.965517,5,0,person,0.8418745398521423,910,526,984,701,74,175
348,11.965517,8,0,person,0.8216027021408081,1091,510,1178,684,87,174
348,11.965517,14,0,person,0.8058801293373108,1253,494,1310,661,57,167
348,11.965517,9,0,person,0.7959900498390198,1195,527,1256,699,61,172
348,11.965517,1,2,car,0.7920117378234863,1521,393,1845,535,324,142
348,11.965517,23,0,person,0.7913537621498108,1060,509,1118,675,58,166
348,11.965517,18,0,person,0.7856271266937256,1492,478,1564,633,72,155
348,11.965517,2,2,car,0.7553979158401489,845,483,1082,646,237,163
348,11.965517,13,0,person,0.7503730654716492,1391,518,1445,683,54,165
348,11.965517,15,0,person,0.698296070098877,1554,454,1603,611,49,157
348,11.965517,26,0,person,0.6922359466552734,1710,436,1775,589,65,153
348,11.965517,22,0,person,0.6868841052055359,1651,421,1706,575,55,154
348,11.965517,29,0,person,0.6492685675621033,1423,461,1472,610,49,149
348,11.965517,31,0,person,0.5526983737945557,1365,492,1417,653,52,161
348,11.965517,24,0,person,0.4721948802471161,1188,474,1239,575,51,101
348,11.965517,30,2,car,0.2519783079624176,1854,376,1919,407,65,31
349,12.0,3,2,car,0.8481948375701904,1713,383,1918,521,205,138
349,12.0,5,0,person,0.8433197736740112,901,525,984,701,83,176
349,12.0,8,0,person,0.8176562786102295,1088,510,1177,685,89,175
349,12.0,14,0,person,0.8095642924308777,1250,493,1310,661,60,168
349,12.0,1,2,car,0.80610591173172,1522,393,1844,535,322,142
349,12.0,18,0,person,0.7942922711372375,1493,478,1563,634,70,156
349,12.0,2,2,car,0.7864925265312195,844,483,1075,647,231,164
349,12.0,23,0,person,0.7777965664863586,1060,510,1114,676,54,166
349,12.0,9,0,person,0.774642825126648,1192,527,1249,698,57,171
349,12.0,13,0,person,0.7199397683143616,1390,516,1439,683,49,167
349,12.0,15,0,person,0.7138874530792236,1552,456,1601,610,49,154
349,12.0,26,0,person,0.7051883935928345,1710,436,1769,591,59,155
349,12.0,22,0,person,0.6667087078094482,1648,423,1702,576,54,153
349,12.0,29,0,person,0.6479348540306091,1423,461,1470,612,47,151
349,12.0,31,0,person,0.6201416850090027,1364,493,1412,654,48,161
349,12.0,24,0,person,0.5514348149299622,1186,474,1240,572,54,98
349,12.0,30,2,car,0.25119441747665405,1854,375,1919,407,65,32
350,12.034483,3,2,car,0.8442281484603882,1713,383,1918,520,205,137
350,12.034483,5,0,person,0.8333076238632202,896,525,985,702,89,177
350,12.034483,1,2,car,0.8105842471122742,1523,393,1845,536,322,143
350,12.034483,8,0,person,0.8066819310188293,1087,511,1175,685,88,174
350,12.034483,14,0,person,0.804314374923706,1248,494,1311,662,63,168
350,12.034483,2,2,car,0.799321174621582,844,483,1073,648,229,165
350,12.034483,18,0,person,0.7929373383522034,1493,477,1563,634,70,157
350,12.034483,9,0,person,0.7825291156768799,1186,528,1243,701,57,173
350,12.034483,23,0,person,0.7217671275138855,1059,510,1111,678,52,168
350,12.034483,26,0,person,0.7129599452018738,1710,436,1765,590,55,154
350,12.034483,15,0,person,0.706068754196167,1549,456,1600,609,51,153
350,12.034483,13,0,person,0.7013106942176819,1388,516,1438,685,50,169
350,12.034483,29,0,person,0.6471909284591675,1421,460,1468,614,47,154
350,12.034483,22,0,person,0.645067572593689,1644,423,1699,573,55,150
350,12.034483,31,0,person,0.5777143239974976,1365,492,1411,655,46,163
350,12.034483,24,0,person,0.5084924101829529,1185,475,1237,570,52,95
350,12.034483,30,2,car,0.29032769799232483,1853,374,1919,409,66,35
351,12.068966,3,2,car,0.8444133996963501,1713,383,1918,521,205,138
351,12.068966,5,0,person,0.8195438385009766,895,523,985,703,90,180
351,12.068966,2,2,car,0.8137410879135132,844,483,1071,649,227,166
351,12.068966,14,0,person,0.8126435279846191,1247,494,1311,662,64,168
351,12.068966,1,2,car,0.8111283183097839,1522,393,1845,535,323,142
351,12.068966,8,0,person,0.8066327571868896,1086,509,1173,684,87,175
351,12.068966,18,0,person,0.7982126474380493,1493,475,1562,634,69,159
351,12.068966,9,0,person,0.7747853994369507,1182,529,1239,703,57,174
351,12.068966,23,0,person,0.7283893823623657,1057,510,1108,677,51,167
351,12.068966,15,0,person,0.7229472398757935,1549,456,1599,608,50,152
351,12.068966,22,0,person,0.7188796997070312,1636,422,1701,576,65,154
351,12.068966,13,0,person,0.7030045986175537,1387,517,1439,686,52,169
351,12.068966,26,0,person,0.6745699048042297,1709,437,1760,590,51,153
351,12.068966,29,0,person,0.6529648303985596,1420,461,1466,615,46,154
351,12.068966,31,0,person,0.6306880116462708,1364,493,1408,655,44,162
351,12.068966,24,0,person,0.5372969508171082,1184,475,1236,569,52,94
351,12.068966,30,2,car,0.2942129969596863,1853,374,1919,408,66,34
352,12.103448,3,2,car,0.8385282158851624,1713,383,1918,521,205,138
352,12.103448,2,2,car,0.825840950012207,845,483,1067,649,222,166
352,12.103448,14,0,person,0.8219345211982727,1245,495,1312,663,67,168
352,12.103448,5,0,person,0.8193538784980774,894,520,983,703,89,183
352,12.103448,8,0,person,0.8154051303863525,1086,512,1171,686,85,174
352,12.103448,1,2,car,0.8139793276786804,1522,393,1845,536,323,143
352,12.103448,18,0,person,0.8062542080879211,1492,476,1562,635,70,159
352,12.103448,9,0,person,0.7637450695037842,1180,529,1237,704,57,175
352,12.103448,22,0,person,0.759267270565033,1631,423,1700,575,69,152
352,12.103448,15,0,person,0.7106143832206726,1547,458,1599,608,52,150
352,12.103448,23,0,person,0.7014486789703369,1054,509,1104,676,50,167
352,12.103448,13,0,person,0.6812556385993958,1386,520,1437,686,51,166
352,12.103448,26,0,person,0.6660593152046204,1710,437,1755,589,45,152
352,12.103448,31,0,person,0.663421094417572,1363,493,1405,654,42,161
352,12.103448,29,0,person,0.6353371739387512,1418,462,1461,613,43,151
352,12.103448,24,0,person,0.5101297497749329,1183,476,1235,568,52,92
352,12.103448,30,2,car,0.27644896507263184,1852,373,1919,408,67,35
353,12.137931,3,2,car,0.8403601050376892,1713,383,1918,521,205,138
353,12.137931,1,2,car,0.8190264105796814,1523,394,1845,536,322,142
353,12.137931,8,0,person,0.8163054585456848,1086,511,1167,686,81,175
353,12.137931,2,2,car,0.813664436340332,846,483,1066,650,220,167
353,12.137931,14,0,person,0.8061318397521973,1245,495,1315,665,70,170
353,12.137931,18,0,person,0.7972468137741089,1492,477,1561,635,69,158
353,12.137931,5,0,person,0.7963253855705261,894,517,984,704,90,187
353,12.137931,9,0,person,0.7953646779060364,1176,529,1235,705,59,176
353,12.137931,22,0,person,0.74164879322052,1630,421,1700,575,70,154
353,12.137931,15,0,person,0.7146562337875366,1544,460,1598,606,54,146
353,12.137931,23,0,person,0.7108559608459473,1053,509,1101,675,48,166
353,12.137931,13,0,person,0.6652576923370361,1381,522,1438,687,57,165
353,12.137931,26,0,person,0.6447386145591736,1707,437,1750,588,43,151
353,12.137931,31,0,person,0.6325164437294006,1363,492,1406,654,43,162
353,12.137931,29,0,person,0.6078384518623352,1416,464,1462,616,46,152
353,12.137931,24,0,person,0.47381627559661865,1183,475,1234,570,51,95
353,12.137931,30,2,car,0.2652365267276764,1853,373,1919,408,66,35
354,12.172414,3,2,car,0.8391240239143372,1713,383,1918,521,205,138
354,12.172414,8,0,person,0.8342033624649048,1085,511,1165,686,80,175
354,12.172414,1,2,car,0.8211601972579956,1523,393,1845,534,322,141
354,12.172414,14,0,person,0.8138673901557922,1246,496,1318,665,72,169
354,12.172414,5,0,person,0.8002451062202454,894,520,984,705,90,185
354,12.172414,9,0,person,0.7895035743713379,1173,528,1232,706,59,178
354,12.172414,2,2,car,0.788494884967804,845,483,1061,649,216,166
354,12.172414,18,0,person,0.7685035467147827,1492,477,1559,635,67,158
354,12.172414,23,0,person,0.747799813747406,1050,510,1099,676,49,166
354,12.172414,22,0,person,0.7185620069503784,1629,421,1699,575,70,154
354,12.172414,26,0,person,0.7122808694839478,1706,436,1747,591,41,155
354,12.172414,13,0,person,0.7042117118835449,1376,522,1433,689,57,167
354,12.172414,15,0,person,0.6772723197937012,1540,460,1598,605,58,145
354,12.172414,31,0,person,0.580329418182373,1359,490,1405,652,46,162
354,12.172414,29,0,person,0.5723505020141602,1414,464,1460,612,46,148
354,12.172414,24,0,person,0.45411112904548645,1183,476,1232,567,49,91
355,12.206897,3,2,car,0.8429076075553894,1714,383,1918,521,204,138
355,12.206897,14,0,person,0.8273070454597473,1247,495,1320,665,73,170
355,12.206897,1,2,car,0.8195831179618835,1523,393,1846,533,323,140
355,12.206897,8,0,person,0.8193329572677612,1085,510,1159,687,74,177
355,12.206897,9,0,person,0.7962982058525085,1168,529,1231,709,63,180
355,12.206897,5,0,person,0.7949460744857788,893,530,981,705,88,175
355,12.206897,2,2,car,0.7824676036834717,846,483,1062,652,216,169
355,12.206897,23,0,person,0.7789018750190735,1046,511,1095,675,49,164
355,12.206897,18,0,person,0.7708436846733093,1492,478,1557,635,65,157
355,12.206897,13,0,person,0.7323086857795715,1373,524,1432,690,59,166
355,12.206897,26,0,person,0.706014096736908,1706,435,1746,592,40,157
355,12.206897,22,0,person,0.6922309398651123,1628,422,1699,576,71,154
355,12.206897,15,0,person,0.6663509607315063,1539,461,1597,607,58,146
355,12.206897,31,0,person,0.629291296005249,1358,493,1401,652,43,159
355,12.206897,29,0,person,0.5750364661216736,1414,466,1459,612,45,146
355,12.206897,24,0,person,0.45609188079833984,1182,476,1232,573,50,97
356,12.241379,3,2,car,0.8423559069633484,1714,383,1918,521,204,138
356,12.241379,1,2,car,0.8403929471969604,1523,393,1846,533,323,140
356,12.241379,14,0,person,0.8257316946983337,1249,496,1320,666,71,170
356,12.241379,5,0,person,0.8065871000289917,892,531,980,705,88,174
356,12.241379,2,2,car,0.802967369556427,846,483,1059,652,213,169
356,12.241379,9,0,person,0.7935670018196106,1164,533,1230,708,66,175
356,12.241379,8,0,person,0.769500195980072,1084,510,1151,686,67,176
356,12.241379,18,0,person,0.756338357925415,1492,478,1555,635,63,157
356,12.241379,13,0,person,0.7227779030799866,1368,522,1432,688,64,166
356,12.241379,26,0,person,0.7113990187644958,1702,437,1745,594,43,157
356,12.241379,23,0,person,0.7018982768058777,1040,511,1094,675,54,164
356,12.241379,22,0,person,0.6810215711593628,1629,423,1699,576,70,153
356,12.241379,15,0,person,0.6685937643051147,1539,460,1597,607,58,147
356,12.241379,31,0,person,0.633224368095398,1357,495,1401,651,44,156
356,12.241379,29,0,person,0.5354735255241394,1412,468,1458,612,46,144
356,12.241379,24,0,person,0.4938286542892456,1182,477,1229,570,47,93
357,12.275862,3,2,car,0.843953549861908,1713,383,1918,521,205,138
357,12.275862,1,2,car,0.8420658707618713,1523,393,1846,533,323,140
357,12.275862,5,0,person,0.8177838921546936,887,530,980,706,93,176
357,12.275862,14,0,person,0.8175768852233887,1251,496,1319,666,68,170
357,12.275862,9,0,person,0.8091667294502258,1161,532,1229,707,68,175
357,12.275862,2,2,car,0.8008118867874146,846,483,1057,654,211,171
357,12.275862,18,0,person,0.7698452472686768,1491,479,1554,636,63,157
357,12.275862,13,0,person,0.7556845545768738,1365,523,1430,689,65,166
357,12.275862,23,0,person,0.7430835962295532,1029,509,1092,676,63,167
357,12.275862,8,0,person,0.7365416288375854,1084,507,1146,683,62,176
357,12.275862,22,0,person,0.7181065678596497,1629,424,1699,577,70,153
357,12.275862,26,0,person,0.7127928137779236,1697,436,1743,593,46,157
357,12.275862,15,0,person,0.6296483278274536,1538,462,1597,609,59,147
357,12.275862,31,0,person,0.629551112651825,1355,494,1400,653,45,159
357,12.275862,29,0,person,0.5600205063819885,1410,467,1455,611,45,144
357,12.275862,24,0,person,0.5356777310371399,1181,477,1227,566,46,89
358,12.310345,1,2,car,0.869732141494751,1522,393,1845,533,323,140
358,12.310345,3,2,car,0.843525230884552,1715,383,1918,522,203,139
358,12.310345,9,0,person,0.8262697458267212,1159,532,1229,707,70,175
358,12.310345,5,0,person,0.8232020735740662,883,528,978,707,95,179
358,12.310345,14,0,person,0.8205899596214294,1255,497,1321,667,66,170
358,12.310345,2,2,car,0.7960652709007263,846,483,1055,656,209,173
358,12.310345,23,0,person,0.7884228825569153,1022,508,1092,672,70,164
358,12.310345,18,0,person,0.7624838352203369,1489,478,1548,635,59,157
358,12.310345,8,0,person,0.7460289597511292,1083,512,1139,687,56,175
358,12.310345,13,0,person,0.7365022301673889,1362,524,1429,691,67,167
358,12.310345,26,0,person,0.7168125510215759,1689,435,1740,591,51,156
358,12.310345,22,0,person,0.7130051851272583,1627,422,1697,579,70,157
358,12.310345,15,0,person,0.644557535648346,1536,460,1586,609,50,149
358,12.310345,31,0,person,0.6264523863792419,1352,493,1398,654,46,161
358,12.310345,24,0,person,0.5959257483482361,1179,479,1226,564,47,85
358,12.310345,29,0,person,0.580919623374939,1410,468,1454,612,44,144
358,12.310345,30,2,car,0.293567419052124,1851,374,1919,408,68,34
359,12.344828,1,2,car,0.8581713438034058,1522,393,1845,532,323,139
359,12.344828,3,2,car,0.8396872282028198,1714,383,1918,522,204,139
359,12.344828,9,0,person,0.8375241160392761,1157,535,1228,708,71,173
359,12.344828,14,0,person,0.8120013475418091,1257,497,1321,667,64,170
359,12.344828,23,0,person,0.805188775062561,1014,515,1090,672,76,157
359,12.344828,2,2,car,0.8004235625267029,846,483,1051,657,205,174
359,12.344828,5,0,person,0.7823159694671631,878,529,975,706,97,177
359,12.344828,26,0,person,0.7522415518760681,1684,435,1740,591,56,156
359,12.344828,8,0,person,0.7407286167144775,1082,512,1136,690,54,178
359,12.344828,18,0,person,0.7219381332397461,1490,477,1544,635,54,158
359,12.344828,22,0,person,0.7160873413085938,1628,422,1698,579,70,157
359,12.344828,13,0,person,0.7095176577568054,1363,525,1424,691,61,166
359,12.344828,31,0,person,0.6657883524894714,1351,493,1397,655,46,162
359,12.344828,24,0,person,0.5966959595680237,1177,479,1224,563,47,84
359,12.344828,29,0,person,0.5929566621780396,1409,471,1453,613,44,142
359,12.344828,15,0,person,0.5781188607215881,1535,462,1583,610,48,148
359,12.344828,30,2,car,0.2849844992160797,1852,375,1919,409,67,34
360,12.37931,1,2,car,0.856950044631958,1522,393,1845,533,323,140
360,12.37931,3,2,car,0.8465361595153809,1714,383,1918,522,204,139
360,12.37931,9,0,person,0.8234997987747192,1154,537,1230,710,76,173
360,12.37931,2,2,car,0.8189593553543091,846,483,1048,658,202,175
360,12.37931,14,0,person,0.8087615966796875,1259,498,1320,668,61,170
360,12.37931,23,0,person,0.7940035462379456,1008,514,1090,674,82,160
360,12.37931,5,0,person,0.7451689839363098,875,521,967,706,92,185
360,12.37931,18,0,person,0.7424771785736084,1484,478,1541,637,57,159
360,12.37931,26,0,person,0.7326647043228149,1679,438,1740,592,61,154
360,12.37931,8,0,person,0.7139142751693726,1079,512,1134,688,55,176
360,12.37931,13,0,person,0.6984704732894897,1363,524,1423,692,60,168
360,12.37931,31,0,person,0.6965740323066711,1344,492,1397,655,53,163
360,12.37931,22,0,person,0.6819088459014893,1628,422,1696,580,68,158
360,12.37931,15,0,person,0.60609370470047,1532,462,1580,610,48,148
360,12.37931,29,0,person,0.5976367592811584,1407,471,1451,614,44,143
360,12.37931,24,0,person,0.5718111991882324,1174,479,1224,566,50,87
361,12.413793,1,2,car,0.8695645332336426,1522,394,1845,534,323,140
361,12.413793,3,2,car,0.8418530821800232,1715,383,1918,522,203,139
361,12.413793,9,0,person,0.8306858539581299,1152,539,1228,711,76,172
361,12.413793,14,0,person,0.8146218657493591,1260,498,1320,667,60,169
361,12.413793,23,0,person,0.7985287308692932,1007,516,1089,675,82,159
361,12.413793,2,2,car,0.7836365103721619,846,482,1050,658,204,176
361,12.413793,26,0,person,0.7333645224571228,1676,441,1740,592,64,151
361,12.413793,18,0,person,0.7204893231391907,1486,478,1539,637,53,159
361,12.413793,13,0,person,0.7120380401611328,1362,528,1423,693,61,165
361,12.413793,5,0,person,0.7072858214378357,877,517,953,707,76,190
361,12.413793,31,0,person,0.6978914737701416,1340,494,1393,654,53,160
361,12.413793,8,0,person,0.6900895833969116,1079,513,1131,690,52,177
361,12.413793,22,0,person,0.672198474407196,1627,424,1692,580,65,156
361,12.413793,29,0,person,0.585947573184967,1404,471,1449,614,45,143
361,12.413793,15,0,person,0.5672423839569092,1531,464,1577,612,46,148
361,12.413793,24,0,person,0.508983850479126,1173,480,1222,572,49,92
362,12.448276,1,2,car,0.8705893158912659,1523,393,1845,534,322,141
362,12.448276,3,2,car,0.8455469012260437,1714,384,1918,521,204,137
362,12.448276,14,0,person,0.8219829201698303,1260,500,1320,667,60,167
362,12.448276,9,0,person,0.8210916519165039,1151,536,1228,713,77,177
362,12.448276,2,2,car,0.8003406524658203,846,483,1045,657,199,174
362,12.448276,23,0,person,0.7816668748855591,1005,516,1097,681,92,165
362,12.448276,26,0,person,0.7428069114685059,1676,440,1740,593,64,153
362,12.448276,31,0,person,0.732742190361023,1335,495,1390,652,55,157
362,12.448276,13,0,person,0.7187509536743164,1361,529,1423,693,62,164
362,12.448276,18,0,person,0.7140107154846191,1476,478,1540,642,64,164
362,12.448276,5,0,person,0.7035588622093201,872,515,947,706,75,191
362,12.448276,8,0,person,0.6874579191207886,1073,512,1130,689,57,177
362,12.448276,22,0,person,0.6811736226081848,1627,425,1690,579,63,154
362,12.448276,29,0,person,0.6062483191490173,1404,471,1448,614,44,143
362,12.448276,15,0,person,0.5897424221038818,1530,464,1574,613,44,149
362,12.448276,24,0,person,0.46904781460762024,1171,480,1220,578,49,98
362,12.448276,30,2,car,0.2588903605937958,1853,375,1919,410,66,35
363,12.482759,1,2,car,0.8694614171981812,1523,393,1846,535,323,142
363,12.482759,3,2,car,0.843626081943512,1714,384,1918,521,204,137
363,12.482759,14,0,person,0.8136504292488098,1260,498,1322,666,62,168
363,12.482759,9,0,person,0.8111627697944641,1152,535,1224,712,72,177
363,12.482759,2,2,car,0.7845306396484375,846,483,1043,657,197,174
363,12.482759,23,0,person,0.7484520077705383,1003,516,1090,676,87,160
363,12.482759,31,0,person,0.7410725951194763,1331,497,1388,654,57,157
363,12.482759,13,0,person,0.7215571999549866,1361,529,1422,693,61,164
363,12.482759,26,0,person,0.7010912895202637,1675,443,1740,594,65,151
363,12.482759,8,0,person,0.6880999207496643,1064,512,1129,691,65,179
363,12.482759,18,0,person,0.6864377856254578,1468,477,1540,640,72,163
363,12.482759,22,0,person,0.6857768893241882,1626,420,1685,580,59,160
363,12.482759,5,0,person,0.6807752251625061,864,527,940,706,76,179
363,12.482759,29,0,person,0.5840672254562378,1404,471,1445,616,41,145
363,12.482759,15,0,person,0.5009517669677734,1530,467,1574,613,44,146
363,12.482759,24,0,person,0.4723733961582184,1170,480,1217,638,47,158
364,12.517241,1,2,car,0.872704267501831,1521,396,1846,534,325,138
364,12.517241,3,2,car,0.842280387878418,1714,384,1918,521,204,137
364,12.517241,14,0,person,0.8140477538108826,1259,498,1323,667,64,169
364,12.517241,9,0,person,0.8070583343505859,1153,533,1221,712,68,179
364,12.517241,8,0,person,0.7712433934211731,1058,514,1126,692,68,178
364,12.517241,23,0,person,0.7659599781036377,1002,515,1084,678,82,163
364,12.517241,18,0,person,0.7331735491752625,1466,478,1539,642,73,164
364,12.517241,26,0,person,0.729533851146698,1674,444,1739,594,65,150
364,12.517241,13,0,person,0.727157473564148,1360,529,1421,693,61,164
364,12.517241,31,0,person,0.7240955233573914,1327,498,1384,655,57,157
364,12.517241,2,2,car,0.706193208694458,845,483,1044,657,199,174
364,12.517241,22,0,person,0.6823627352714539,1623,419,1684,579,61,160
364,12.517241,5,0,person,0.6481153964996338,864,516,945,710,81,194
364,12.517241,29,0,person,0.5878016948699951,1400,470,1442,614,42,144
364,12.517241,24,0,person,0.5785707235336304,1168,481,1216,640,48,159
364,12.517241,15,0,person,0.41139698028564453,1529,470,1571,612,42,142
365,12.551724,1,2,car,0.870309591293335,1522,395,1846,538,324,143
365,12.551724,3,2,car,0.8428502678871155,1713,383,1918,521,205,138
365,12.551724,14,0,person,0.8085273504257202,1260,499,1324,668,64,169
365,12.551724,9,0,person,0.7980089783668518,1152,533,1215,712,63,179
365,12.551724,8,0,person,0.7893444299697876,1052,513,1122,693,70,180
365,12.551724,18,0,person,0.7429748177528381,1465,477,1533,644,68,167
365,12.551724,2,2,car,0.7325830459594727,845,483,1036,657,191,174
365,12.551724,23,0,person,0.7295079231262207,1003,513,1079,675,76,162
365,12.551724,13,0,person,0.7214703559875488,1359,529,1418,692,59,163
365,12.551724,26,0,person,0.711931049823761,1672,444,1739,595,67,151
365,12.551724,31,0,person,0.704675018787384,1325,499,1383,657,58,158
365,12.551724,22,0,person,0.6812341213226318,1620,420,1680,580,60,160
365,12.551724,5,0,person,0.6762798428535461,855,530,943,711,88,181
365,12.551724,24,0,person,0.620078980922699,1166,483,1216,636,50,153
365,12.551724,29,0,person,0.5810321569442749,1401,470,1438,615,37,145
365,12.551724,15,0,person,0.5222459435462952,1526,470,1570,610,44,140
366,12.586207,1,2,car,0.8684017658233643,1521,395,1846,536,325,141
366,12.586207,3,2,car,0.8441944122314453,1713,383,1918,521,205,138
366,12.586207,8,0,person,0.8266969323158264,1046,514,1120,691,74,177
366,12.586207,14,0,person,0.8083603382110596,1261,498,1326,666,65,168
366,12.586207,9,0,person,0.7904973030090332,1151,534,1209,713,58,179
366,12.586207,13,0,person,0.7410405278205872,1360,529,1416,694,56,165
366,12.586207,18,0,person,0.7345074415206909,1479,479,1534,645,55,166
366,12.586207,2,2,car,0.7274259328842163,844,483,1033,656,189,173
366,12.586207,23,0,person,0.7148540019989014,1003,513,1076,675,73,162
366,12.586207,31,0,person,0.7000668048858643,1330,498,1381,657,51,159
366,12.586207,26,0,person,0.6994882225990295,1672,442,1738,595,66,153
366,12.586207,5,0,person,0.6958221793174744,851,531,940,714,89,183
366,12.586207,24,0,person,0.6719962954521179,1164,483,1214,637,50,154
366,12.586207,22,0,person,0.663320779800415,1615,420,1673,581,58,161
366,12.586207,15,0,person,0.6449941396713257,1523,471,1568,612,45,141
366,12.586207,29,0,person,0.5755506157875061,1398,470,1437,616,39,146
366,12.586207,30,2,car,0.2738100290298462,1851,375,1919,408,68,33
367,12.62069,1,2,car,0.8557920455932617,1522,395,1846,536,324,141
367,12.62069,3,2,car,0.8427954912185669,1713,383,1918,521,205,138
367,12.62069,8,0,person,0.8420701622962952,1044,514,1119,692,75,178
367,12.62069,14,0,person,0.8069987893104553,1261,499,1328,666,67,167
367,12.62069,9,0,person,0.7798367738723755,1150,532,1202,713,52,181
367,12.62069,5,0,person,0.7330808043479919,850,535,935,712,85,177
367,12.62069,13,0,person,0.7280653715133667,1360,529,1416,694,56,165
367,12.62069,18,0,person,0.7222670912742615,1470,479,1532,646,62,167
367,12.62069,23,0,person,0.7213001847267151,1002,515,1071,676,69,161
367,12.62069,2,2,car,0.7208682298660278,844,483,1031,656,187,173
367,12.62069,26,0,person,0.6969295144081116,1671,439,1737,594,66,155
367,12.62069,22,0,person,0.6941322088241577,1611,420,1674,581,63,161
367,12.62069,31,0,person,0.674316942691803,1328,499,1378,658,50,159
367,12.62069,15,0,person,0.6629622578620911,1519,470,1567,613,48,143
367,12.62069,24,0,person,0.6400929093360901,1163,483,1213,639,50,156
367,12.62069,29,0,person,0.5407508611679077,1396,470,1434,615,38,145
368,12.655172,1,2,car,0.849841833114624,1523,396,1846,537,323,141
368,12.655172,3,2,car,0.8418053388595581,1713,383,1918,521,205,138
368,12.655172,8,0,person,0.8309717774391174,1040,515,1119,694,79,179
368,12.655172,14,0,person,0.7988651990890503,1261,500,1329,666,68,166
368,12.655172,9,0,person,0.772458553314209,1146,533,1197,712,51,179
368,12.655172,5,0,person,0.7380056381225586,849,537,926,714,77,177
368,12.655172,26,0,person,0.7159508466720581,1671,438,1735,594,64,156
368,12.655172,18,0,person,0.7148666381835938,1467,477,1530,643,63,166
368,12.655172,13,0,person,0.7106180787086487,1355,525,1412,689,57,164
368,12.655172,23,0,person,0.7036592960357666,1001,512,1061,677,60,165
368,12.655172,31,0,person,0.6671682000160217,1328,498,1376,658,48,160
368,12.655172,15,0,person,0.6544721722602844,1518,470,1566,614,48,144
368,12.655172,2,2,car,0.6493095755577087,844,483,1030,657,186,174
368,12.655172,22,0,person,0.6465489268302917,1608,420,1672,583,64,163
368,12.655172,24,0,person,0.6326507925987244,1159,483,1211,641,52,158
368,12.655172,29,0,person,0.520929753780365,1393,469,1432,614,39,145
369,12.689655,1,2,car,0.8585524559020996,1523,395,1846,536,323,141
369,12.689655,3,2,car,0.8406295776367188,1712,383,1918,521,206,138
369,12.689655,8,0,person,0.8355340361595154,1039,515,1118,696,79,181
369,12.689655,5,0,person,0.8060288429260254,841,542,920,713,79,171
369,12.689655,14,0,person,0.7913634181022644,1261,500,1328,667,67,167
369,12.689655,9,0,person,0.7594830989837646,1144,532,1195,713,51,181
369,12.689655,13,0,person,0.7327607274055481,1356,527,1411,690,55,163
369,12.689655,18,0,person,0.7310160398483276,1468,478,1527,644,59,166
369,12.689655,26,0,person,0.7262529730796814,1671,439,1735,593,64,154
369,12.689655,23,0,person,0.7144351005554199,1002,514,1057,676,55,162
369,12.689655,15,0,person,0.67557293176651,1512,470,1563,614,51,144
369,12.689655,22,0,person,0.6604573130607605,1610,421,1668,582,58,161
369,12.689655,31,0,person,0.6392264366149902,1325,498,1374,665,49,167
369,12.689655,2,2,car,0.6205984950065613,842,482,1032,657,190,175
369,12.689655,24,0,person,0.5853011608123779,1158,483,1208,637,50,154
369,12.689655,29,0,person,0.5587610602378845,1392,469,1430,617,38,148
370,12.724138,1,2,car,0.8517594337463379,1522,396,1846,536,324,140
370,12.724138,3,2,car,0.8405023217201233,1713,383,1918,520,205,137
370,12.724138,5,0,person,0.838542640209198,838,544,921,713,83,169
370,12.724138,8,0,person,0.803188145160675,1038,515,1116,695,78,180
370,12.724138,14,0,person,0.7978287935256958,1261,502,1330,668,69,166
370,12.724138,23,0,person,0.747326135635376,999,515,1057,678,58,163
370,12.724138,9,0,person,0.7355009913444519,1139,534,1189,713,50,179
370,12.724138,18,0,person,0.7354207038879395,1465,479,1523,646,58,167
370,12.724138,13,0,person,0.7054819464683533,1355,530,1408,690,53,160
370,12.724138,22,0,person,0.6993256211280823,1607,420,1666,585,59,165
370,12.724138,26,0,person,0.6835315227508545,1672,439,1730,593,58,154
370,12.724138,15,0,person,0.6666457653045654,1509,470,1563,614,54,144
370,12.724138,31,0,person,0.6585708260536194,1325,495,1372,661,47,166
370,12.724138,24,0,person,0.5864300727844238,1156,483,1207,638,51,155
370,12.724138,29,0,person,0.5774372220039368,1390,469,1429,617,39,148
370,12.724138,2,2,car,0.4904758334159851,841,482,1120,657,279,175
371,12.758621,1,2,car,0.847476601600647,1523,395,1846,538,323,143
371,12.758621,3,2,car,0.8349975943565369,1712,383,1918,520,206,137
371,12.758621,5,0,person,0.8324444890022278,832,543,918,712,86,169
371,12.758621,14,0,person,0.8072556853294373,1262,502,1337,668,75,166
371,12.758621,8,0,person,0.7779990434646606,1036,515,1113,695,77,180
371,12.758621,23,0,person,0.7446614503860474,995,514,1054,679,59,165
371,12.758621,9,0,person,0.7364307641983032,1135,535,1184,713,49,178
371,12.758621,18,0,person,0.7327834963798523,1463,478,1524,643,61,165
371,12.758621,22,0,person,0.7148932218551636,1600,421,1664,584,64,163
371,12.758621,13,0,person,0.6951032280921936,1350,525,1409,690,59,165
371,12.758621,2,2,car,0.691824197769165,840,483,1118,654,278,171
371,12.758621,26,0,person,0.6880831122398376,1672,445,1724,594,52,149
371,12.758621,31,0,person,0.6730983257293701,1325,495,1370,664,45,169
371,12.758621,15,0,person,0.6400715708732605,1506,471,1563,613,57,142
371,12.758621,29,0,person,0.5687388777732849,1388,470,1427,619,39,149
371,12.758621,24,0,person,0.5531444549560547,1152,483,1206,640,54,157
372,12.793103,1,2,car,0.8501048684120178,1522,397,1845,536,323,139
372,12.793103,5,0,person,0.839665949344635,828,543,916,712,88,169
372,12.793103,3,2,car,0.8304005265235901,1712,383,1918,520,206,137
372,12.793103,14,0,person,0.7758130431175232,1260,502,1337,670,77,168
372,12.793103,22,0,person,0.7636817693710327,1596,421,1662,584,66,163
372,12.793103,8,0,person,0.760259747505188,1035,516,1109,695,74,179
372,12.793103,23,0,person,0.7564018368721008,994,515,1047,678,53,163
372,12.793103,9,0,person,0.7468829154968262,1130,534,1183,712,53,178
372,12.793103,2,2,car,0.7312132120132446,845,482,1113,666,268,184
372,12.793103,18,0,person,0.7039216756820679,1463,478,1520,646,57,168
372,12.793103,13,0,person,0.6903294920921326,1351,525,1407,692,56,167
372,12.793103,31,0,person,0.6802348494529724,1323,497,1367,664,44,167
372,12.793103,26,0,person,0.6413214802742004,1673,446,1720,593,47,147
372,12.793103,29,0,person,0.6129433512687683,1386,471,1426,620,40,149
372,12.793103,24,0,person,0.6006850600242615,1150,483,1203,639,53,156
372,12.793103,15,0,person,0.5886402130126953,1503,472,1560,613,57,141
373,12.827586,1,2,car,0.851271390914917,1523,397,1845,535,322,138
373,12.827586,3,2,car,0.8326274752616882,1712,383,1918,520,206,137
373,12.827586,5,0,person,0.8048725128173828,826,543,913,712,87,169
373,12.827586,14,0,person,0.7879273891448975,1259,504,1324,670,65,166
373,12.827586,9,0,person,0.7758228778839111,1122,535,1181,711,59,176
373,12.827586,22,0,person,0.7421197891235352,1595,420,1660,583,65,163
373,12.827586,23,0,person,0.732950747013092,991,515,1042,679,51,164
373,12.827586,8,0,person,0.7273900508880615,1038,518,1103,694,65,176
373,12.827586,2,2,car,0.7133836150169373,847,482,1106,664,259,182
373,12.827586,18,0,person,0.6984779238700867,1456,479,1518,645,62,166
373,12.827586,31,0,person,0.6501302123069763,1319,497,1364,664,45,167
373,12.827586,13,0,person,0.6475064754486084,1349,524,1402,691,53,167
373,12.827586,26,0,person,0.6421105861663818,1672,443,1713,594,41,151
373,12.827586,29,0,person,0.624001145362854,1384,471,1425,621,41,150
373,12.827586,15,0,person,0.5538248419761658,1499,472,1561,615,62,143
373,12.827586,24,0,person,0.5486205816268921,1147,484,1202,640,55,156
374,12.862069,1,2,car,0.8523622751235962,1524,397,1845,536,321,139
374,12.862069,3,2,car,0.8313049077987671,1712,383,1918,520,206,137
374,12.862069,9,0,person,0.7909048199653625,1113,538,1181,713,68,175
374,12.862069,14,0,person,0.7792600393295288,1256,502,1321,670,65,168
374,12.862069,5,0,person,0.7739086747169495,821,542,909,713,88,171
374,12.862069,22,0,person,0.7188023924827576,1592,422,1655,582,63,160
374,12.862069,23,0,person,0.7022290229797363,987,516,1040,680,53,164
374,12.862069,8,0,person,0.6912204027175903,1038,517,1093,694,55,177
374,12.862069,18,0,person,0.683443009853363,1455,481,1515,645,60,164
374,12.862069,29,0,person,0.662345290184021,1381,472,1424,620,43,148
374,12.862069,13,0,person,0.6616056561470032,1342,524,1401,690,59,166
374,12.862069,2,2,car,0.6335504055023193,847,483,1098,668,251,185
374,12.862069,26,0,person,0.6191250085830688,1670,442,1711,594,41,152
374,12.862069,24,0,person,0.5936124920845032,1146,484,1201,646,55,162
374,12.862069,31,0,person,0.5702621936798096,1316,496,1362,659,46,163
374,12.862069,15,0,person,0.5247756838798523,1498,472,1558,614,60,142
375,12.896552,1,2,car,0.8577855229377747,1523,397,1845,537,322,140
375,12.896552,3,2,car,0.8258649706840515,1713,383,1918,520,205,137
375,12.896552,9,0,person,0.8134651780128479,1104,538,1180,714,76,176
375,12.896552,5,0,person,0.786564826965332,817,539,901,713,84,174
375,12.896552,14,0,person,0.7834295034408569,1253,504,1322,671,69,167
375,12.896552,23,0,person,0.753459095954895,983,516,1037,684,54,168
375,12.896552,22,0,person,0.7441511750221252,1591,421,1654,582,63,161
375,12.896552,13,0,person,0.6891241073608398,1340,523,1394,691,54,168
375,12.896552,18,0,person,0.687688410282135,1459,481,1513,645,54,164
375,12.896552,8,0,person,0.6810343861579895,1037,519,1085,695,48,176
375,12.896552,24,0,person,0.6756463050842285,1145,482,1199,641,54,159
375,12.896552,26,0,person,0.6293871402740479,1668,443,1709,593,41,150
375,12.896552,29,0,person,0.6242696046829224,1380,473,1423,621,43,148
375,12.896552,31,0,person,0.5987088680267334,1315,497,1360,657,45,160
375,12.896552,2,2,car,0.5650247931480408,849,483,1095,672,246,189
375,12.896552,15,0,person,0.5627977252006531,1497,473,1557,620,60,147
376,12.931034,1,2,car,0.8558673858642578,1523,396,1847,537,324,141
376,12.931034,3,2,car,0.8289176821708679,1712,383,1918,520,206,137
376,12.931034,9,0,person,0.808892548084259,1096,539,1179,715,83,176
376,12.931034,5,0,person,0.8075984716415405,816,540,897,712,81,172
376,12.931034,14,0,person,0.7792127728462219,1248,503,1322,671,74,168
376,12.931034,23,0,person,0.7680728435516357,983,516,1036,682,53,166
376,12.931034,22,0,person,0.7395311594009399,1590,425,1654,582,64,157
376,12.931034,8,0,person,0.7041682600975037,1035,519,1082,694,47,175
376,12.931034,18,0,person,0.6980971693992615,1460,482,1510,644,50,162
376,12.931034,13,0,person,0.6920367479324341,1333,525,1393,691,60,166
376,12.931034,24,0,person,0.6795019507408142,1144,483,1200,645,56,162
376,12.931034,26,0,person,0.6406769156455994,1664,442,1707,594,43,152
376,12.931034,29,0,person,0.6165140271186829,1379,475,1422,621,43,146
376,12.931034,15,0,person,0.611144483089447,1494,472,1554,615,60,143
376,12.931034,31,0,person,0.6082055568695068,1313,497,1359,662,46,165
376,12.931034,2,2,car,0.5673039555549622,851,483,1096,667,245,184
377,12.965517,1,2,car,0.8632878661155701,1522,396,1847,537,325,141
377,12.965517,3,2,car,0.8309969902038574,1711,383,1918,520,207,137
377,12.965517,5,0,person,0.8238732218742371,810,545,890,713,80,168
377,12.965517,9,0,person,0.8223277926445007,1090,540,1179,715,89,175
377,12.965517,14,0,person,0.7821241021156311,1245,503,1325,670,80,167
377,12.965517,23,0,person,0.7595298290252686,972,519,1034,683,62,164
377,12.965517,22,0,person,0.7335299849510193,1588,424,1655,584,67,160
377,12.965517,13,0,person,0.7177362442016602,1328,524,1391,691,63,167
377,12.965517,24,0,person,0.6950788497924805,1142,483,1199,650,57,167
377,12.965517,15,0,person,0.6898069977760315,1493,472,1550,617,57,145
377,12.965517,8,0,person,0.6857174634933472,1031,519,1080,693,49,174
377,12.965517,26,0,person,0.6553013324737549,1661,442,1704,594,43,152
377,12.965517,18,0,person,0.640139102935791,1462,481,1507,645,45,164
377,12.965517,29,0,person,0.6201369166374207,1374,475,1422,621,48,146
377,12.965517,31,0,person,0.5165674090385437,1310,499,1355,654,45,155
377,12.965517,2,2,car,0.47998756170272827,850,482,1100,670,250,188
378,13.0,1,2,car,0.862350344657898,1522,395,1847,537,325,142
378,13.0,3,2,car,0.839600145816803,1711,383,1918,519,207,136
378,13.0,9,0,person,0.8312515020370483,1087,538,1179,716,92,178
378,13.0,5,0,person,0.8000396490097046,807,542,883,713,76,171
378,13.0,13,0,person,0.7964323163032532,1319,527,1393,693,74,166
378,13.0,23,0,person,0.7936658263206482,968,519,1034,684,66,165
378,13.0,14,0,person,0.7924228310585022,1243,505,1322,671,79,166
378,13.0,22,0,person,0.7369111776351929,1588,429,1653,583,65,154
378,13.0,24,0,person,0.7066457271575928,1140,484,1199,652,59,168
378,13.0,15,0,person,0.6575039625167847,1492,471,1549,617,57,146
378,13.0,29,0,person,0.6544744968414307,1371,476,1422,621,51,145
378,13.0,8,0,person,0.6521431803703308,1030,518,1078,698,48,180
378,13.0,18,0,person,0.6305274367332458,1461,482,1502,646,41,164
378,13.0,26,0,person,0.6233885288238525,1658,441,1702,594,44,153
378,13.0,31,0,person,0.5768325328826904,1308,495,1355,651,47,156
378,13.0,2,2,car,0.45123156905174255,849,482,1122,656,273,174
379,13.034483,1,2,car,0.8625276684761047,1522,395,1847,537,325,142
379,13.034483,9,0,person,0.844851553440094,1086,539,1178,716,92,177
379,13.034483,3,2,car,0.8362858891487122,1711,383,1918,519,207,136
379,13.034483,5,0,person,0.8134407997131348,804,539,879,713,75,174
379,13.034483,13,0,person,0.803182065486908,1313,524,1391,691,78,167
379,13.034483,14,0,person,0.7818463444709778,1241,506,1320,671,79,165
379,13.034483,23,0,person,0.7758413553237915,959,523,1032,685,73,162
379,13.034483,24,0,person,0.7311118245124817,1139,486,1198,653,59,167
379,13.034483,22,0,person,0.730720579624176,1588,429,1651,583,63,154
379,13.034483,26,0,person,0.678996205329895,1651,441,1702,594,51,153
379,13.034483,29,0,person,0.6557449698448181,1370,477,1422,621,52,144
379,13.034483,15,0,person,0.6432035565376282,1490,470,1546,614,56,144
379,13.034483,18,0,person,0.6429633498191833,1461,482,1502,646,41,164
379,13.034483,8,0,person,0.6290872693061829,1028,520,1076,694,48,174
379,13.034483,31,0,person,0.5858147144317627,1306,496,1352,656,46,160
379,13.034483,2,2,car,0.4552038311958313,851,482,1054,651,203,169
380,13.068966,1,2,car,0.8607594966888428,1522,396,1847,538,325,142
380,13.068966,9,0,person,0.8514637351036072,1086,538,1178,718,92,180
380,13.068966,3,2,car,0.8367668986320496,1712,383,1918,520,206,137
380,13.068966,5,0,person,0.8070957660675049,802,539,875,712,73,173
380,13.068966,13,0,person,0.801562488079071,1311,524,1390,691,79,167
380,13.068966,14,0,person,0.7917512655258179,1241,505,1317,672,76,167
380,13.068966,23,0,person,0.7772310376167297,958,522,1033,687,75,165
380,13.068966,26,0,person,0.7467683553695679,1646,439,1701,594,55,155
380,13.068966,24,0,person,0.7369208335876465,1136,485,1197,658,61,173
380,13.068966,22,0,person,0.7289058566093445,1588,427,1649,585,61,158
380,13.068966,18,0,person,0.678553581237793,1459,484,1500,646,41,162
380,13.068966,15,0,person,0.661536693572998,1489,468,1540,617,51,149
380,13.068966,29,0,person,0.6583142876625061,1367,477,1420,623,53,146
380,13.068966,8,0,person,0.6485141515731812,1025,518,1074,697,49,179
380,13.068966,31,0,person,0.5578768253326416,1302,498,1350,660,48,162
380,13.068966,2,2,car,0.4183884561061859,851,482,1100,652,249,170
381,13.103448,1,2,car,0.8685417175292969,1522,396,1847,540,325,144
381,13.103448,9,0,person,0.8474471569061279,1086,538,1178,718,92,180
381,13.103448,3,2,car,0.8394891023635864,1713,383,1918,520,205,137
381,13.103448,13,0,person,0.8144091963768005,1311,525,1390,691,79,166
381,13.103448,14,0,person,0.8124330043792725,1244,504,1322,672,78,168
381,13.103448,5,0,person,0.8006853461265564,801,540,873,713,72,173
381,13.103448,23,0,person,0.7766140103340149,956,519,1033,688,77,169
381,13.103448,26,0,person,0.7592049837112427,1636,442,1701,596,65,154
381,13.103448,18,0,person,0.7367867827415466,1457,481,1499,646,42,165
381,13.103448,24,0,person,0.7367046475410461,1133,486,1194,659,61,173
381,13.103448,22,0,person,0.7338441014289856,1588,428,1646,585,58,157
381,13.103448,29,0,person,0.6949031352996826,1364,477,1419,622,55,145
381,13.103448,15,0,person,0.6749435663223267,1487,469,1539,616,52,147
381,13.103448,8,0,person,0.6737962961196899,1018,515,1071,695,53,180
381,13.103448,31,0,person,0.5106094479560852,1303,498,1348,655,45,157
381,13.103448,2,2,car,0.34857475757598877,852,482,1051,647,199,165
382,13.137931,1,2,car,0.867583155632019,1522,396,1847,540,325,144
382,13.137931,9,0,person,0.8474963903427124,1085,539,1178,718,93,179
382,13.137931,3,2,car,0.8445055484771729,1713,383,1918,520,205,137
382,13.137931,14,0,person,0.825416088104248,1242,507,1320,672,78,165
382,13.137931,13,0,person,0.8041865825653076,1310,524,1390,692,80,168
382,13.137931,5,0,person,0.7998440265655518,800,539,873,713,73,174
382,13.137931,26,0,person,0.7987131476402283,1632,440,1701,597,69,157
382,13.137931,23,0,person,0.791232705116272,954,519,1029,692,75,173
382,13.137931,8,0,person,0.7493137121200562,1009,518,1070,694,61,176
382,13.137931,18,0,person,0.7374592423439026,1453,482,1498,646,45,164
382,13.137931,24,0,person,0.730601966381073,1132,487,1192,655,60,168
382,13.137931,22,0,person,0.7203006148338318,1590,428,1638,586,48,158
382,13.137931,29,0,person,0.6562965512275696,1361,476,1419,620,58,144
382,13.137931,15,0,person,0.6401300430297852,1486,469,1538,613,52,144
382,13.137931,2,2,car,0.6039621829986572,850,482,1116,641,266,159
382,13.137931,31,0,person,0.5008809566497803,1300,496,1344,651,44,155
383,13.172414,1,2,car,0.8589513301849365,1523,396,1847,540,324,144
383,13.172414,3,2,car,0.8449646830558777,1712,383,1918,521,206,138
383,13.172414,9,0,person,0.8435156345367432,1085,541,1174,718,89,177
383,13.172414,5,0,person,0.8338306546211243,793,539,872,715,79,176
383,13.172414,14,0,person,0.8102541565895081,1243,506,1319,672,76,166
383,13.172414,13,0,person,0.7961357235908508,1307,526,1388,693,81,167
383,13.172414,26,0,person,0.779778778553009,1632,444,1700,596,68,152
383,13.172414,8,0,person,0.7553967237472534,999,518,1070,694,71,176
383,13.172414,24,0,person,0.753602147102356,1131,488,1190,651,59,163
383,13.172414,23,0,person,0.7458364963531494,952,520,1021,692,69,172
383,13.172414,18,0,person,0.7334335446357727,1452,481,1496,646,44,165
383,13.172414,22,0,person,0.7024568915367126,1588,427,1636,587,48,160
383,13.172414,15,0,person,0.6722298264503479,1485,469,1537,617,52,148
383,13.172414,29,0,person,0.6251513957977295,1359,475,1417,620,58,145
383,13.172414,2,2,car,0.614910364151001,848,482,1118,646,270,164
383,13.172414,31,0,person,0.5537682771682739,1296,496,1343,661,47,165
384,13.206897,1,2,car,0.8543022871017456,1523,396,1847,541,324,145
384,13.206897,5,0,person,0.8436856865882874,787,541,871,715,84,174
384,13.206897,3,2,car,0.8434666395187378,1713,383,1918,520,205,137
384,13.206897,9,0,person,0.8290778994560242,1085,542,1169,719,84,177
384,13.206897,14,0,person,0.7978730201721191,1243,505,1320,672,77,167
384,13.206897,13,0,person,0.7868187427520752,1306,527,1387,694,81,167
384,13.206897,26,0,person,0.7799510359764099,1629,442,1700,596,71,154
384,13.206897,24,0,person,0.7449442148208618,1131,490,1187,647,56,157
384,13.206897,18,0,person,0.7339882850646973,1448,481,1496,647,48,166
384,13.206897,8,0,person,0.7339880466461182,990,520,1068,695,78,175
384,13.206897,22,0,person,0.7108020186424255,1587,428,1632,587,45,159
384,13.206897,23,0,person,0.6865980625152588,951,519,1013,693,62,174
384,13.206897,15,0,person,0.6668521761894226,1483,471,1536,617,53,146
384,13.206897,2,2,car,0.640251100063324,845,483,1110,651,265,168
384,13.206897,29,0,person,0.6056455373764038,1356,477,1417,621,61,144
384,13.206897,31,0,person,0.5484328269958496,1292,501,1343,657,51,156
385,13.241379,1,2,car,0.864169716835022,1524,396,1847,542,323,146
385,13.241379,3,2,car,0.848316490650177,1713,383,1918,521,205,138
385,13.241379,5,0,person,0.8350521326065063,782,541,871,716,89,175
385,13.241379,9,0,person,0.822127640247345,1085,542,1165,719,80,177
385,13.241379,13,0,person,0.7930468320846558,1306,527,1386,694,80,167
385,13.241379,14,0,person,0.7747543454170227,1242,506,1320,672,78,166
385,13.241379,26,0,person,0.7739887237548828,1627,447,1700,597,73,150
385,13.241379,8,0,person,0.7518028020858765,981,520,1068,696,87,176
385,13.241379,24,0,person,0.7387031316757202,1130,491,1185,646,55,155
385,13.241379,18,0,person,0.7258793115615845,1444,482,1495,647,51,165
385,13.241379,22,0,person,0.6962512731552124,1585,430,1629,585,44,155
385,13.241379,23,0,person,0.6867396831512451,950,522,1010,693,60,171
385,13.241379,15,0,person,0.6826868057250977,1481,471,1534,618,53,147
385,13.241379,2,2,car,0.650342583656311,847,483,1103,655,256,172
385,13.241379,31,0,person,0.5894163846969604,1287,503,1339,659,52,156
385,13.241379,29,0,person,0.5763400793075562,1353,476,1415,619,62,143
386,13.275862,1,2,car,0.8703120350837708,1524,395,1847,542,323,147
386,13.275862,3,2,car,0.8451412916183472,1713,383,1918,521,205,138
386,13.275862,5,0,person,0.84019535779953,780,542,871,717,91,175
386,13.275862,9,0,person,0.8089934587478638,1086,542,1161,719,75,177
386,13.275862,13,0,person,0.7947895526885986,1305,529,1386,693,81,164
386,13.275862,26,0,person,0.7642292976379395,1628,446,1700,597,72,151
386,13.275862,8,0,person,0.7634249925613403,979,523,1068,696,89,173
386,13.275862,18,0,person,0.7428999543190002,1438,482,1495,647,57,165
386,13.275862,14,0,person,0.7363069653511047,1240,507,1319,673,79,166
386,13.275862,24,0,person,0.723854660987854,1129,492,1182,652,53,160
386,13.275862,22,0,person,0.7209402322769165,1581,427,1626,584,45,157
386,13.275862,15,0,person,0.7169176340103149,1481,470,1533,611,52,141
386,13.275862,2,2,car,0.7052090167999268,846,484,1099,648,253,164
386,13.275862,23,0,person,0.6627600193023682,950,521,1004,692,54,171
386,13.275862,29,0,person,0.608871579170227,1350,476,1411,620,61,144
386,13.275862,31,0,person,0.5377880930900574,1286,504,1336,660,50,156
387,13.310345,1,2,car,0.8671998381614685,1524,395,1847,542,323,147
387,13.310345,3,2,car,0.8420470952987671,1713,383,1918,521,205,138
387,13.310345,5,0,person,0.8379906415939331,779,542,870,718,91,176
387,13.310345,9,0,person,0.7968139052391052,1085,541,1156,719,71,178
387,13.310345,13,0,person,0.7881468534469604,1303,528,1385,693,82,165
387,13.310345,14,0,person,0.7743886709213257,1238,507,1310,673,72,166
387,13.310345,8,0,person,0.7645832896232605,973,519,1069,696,96,177
387,13.310345,18,0,person,0.7522245645523071,1429,487,1495,648,66,161
387,13.310345,26,0,person,0.7494120001792908,1627,447,1700,597,73,150
387,13.310345,22,0,person,0.7132173180580139,1578,428,1623,585,45,157
387,13.310345,15,0,person,0.6945702433586121,1479,472,1530,614,51,142
387,13.310345,24,0,person,0.6915526986122131,1128,493,1180,651,52,158
387,13.310345,2,2,car,0.6894704103469849,846,484,1097,646,251,162
387,13.310345,23,0,person,0.6473513245582581,950,527,1003,692,53,165
387,13.310345,29,0,person,0.6146508455276489,1349,476,1408,622,59,146
387,13.310345,31,0,person,0.5274767279624939,1286,504,1335,657,49,153
388,13.344828,1,2,car,0.8652588129043579,1524,395,1847,542,323,147
388,13.344828,3,2,car,0.8415037393569946,1714,383,1918,521,204,138
388,13.344828,5,0,person,0.8386248350143433,778,543,870,720,92,177
388,13.344828,13,0,person,0.7891938090324402,1302,528,1383,694,81,166
388,13.344828,18,0,person,0.7832885384559631,1422,488,1495,648,73,160
388,13.344828,9,0,person,0.7655796408653259,1083,540,1151,720,68,180
388,13.344828,26,0,person,0.7423213720321655,1627,448,1700,597,73,149
388,13.344828,22,0,person,0.7394652366638184,1574,427,1621,586,47,159
388,13.344828,14,0,person,0.7354074716567993,1233,507,1304,672,71,165
388,13.344828,8,0,person,0.7323552370071411,967,517,1069,697,102,180
388,13.344828,24,0,person,0.7026350498199463,1124,493,1178,655,54,162
388,13.344828,2,2,car,0.6824774146080017,847,484,1094,645,247,161
388,13.344828,15,0,person,0.6747689843177795,1479,473,1529,614,50,141
388,13.344828,29,0,person,0.6216073036193848,1346,476,1402,627,56,151
388,13.344828,23,0,person,0.5849860906600952,949,522,1000,692,51,170
388,13.344828,31,0,person,0.5771623253822327,1280,504,1329,664,49,160
389,13.37931,1,2,car,0.8750749826431274,1523,395,1847,542,324,147
389,13.37931,5,0,person,0.8488277196884155,777,545,868,720,91,175
389,13.37931,3,2,car,0.8393059968948364,1714,384,1918,522,204,138
389,13.37931,13,0,person,0.7941725254058838,1304,527,1380,694,76,167
389,13.37931,18,0,person,0.7868519425392151,1418,488,1494,648,76,160
389,13.37931,9,0,person,0.7599740624427795,1082,540,1142,720,60,180
389,13.37931,22,0,person,0.7458606958389282,1568,430,1619,586,51,156
389,13.37931,14,0,person,0.740253210067749,1231,506,1294,674,63,168
389,13.37931,8,0,person,0.7383981943130493,969,518,1067,697,98,179
389,13.37931,26,0,person,0.7295839190483093,1627,449,1699,598,72,149
389,13.37931,2,2,car,0.7035989761352539,845,485,1091,644,246,159
389,13.37931,24,0,person,0.6884416341781616,1123,493,1175,656,52,163
389,13.37931,29,0,person,0.6789665222167969,1345,476,1394,628,49,152
389,13.37931,15,0,person,0.667500376701355,1477,475,1527,614,50,139
389,13.37931,23,0,person,0.5957357883453369,948,526,997,694,49,168
389,13.37931,31,0,person,0.5425686240196228,1276,502,1327,669,51,167
389,13.37931,30,2,car,0.2895343005657196,1851,368,1919,406,68,38
390,13.413793,1,2,car,0.8850659132003784,1523,395,1847,542,324,147
390,13.413793,5,0,person,0.8381980657577515,775,546,865,722,90,176
390,13.413793,3,2,car,0.8368094563484192,1713,383,1918,522,205,139
390,13.413793,18,0,person,0.798414945602417,1417,491,1493,650,76,159
390,13.413793,13,0,person,0.7878398895263672,1300,527,1377,694,77,167
390,13.413793,8,0,person,0.7736707329750061,966,524,1067,698,101,174
390,13.413793,14,0,person,0.7524222731590271,1228,506,1292,674,64,168
390,13.413793,9,0,person,0.7504125237464905,1082,544,1134,721,52,177
390,13.413793,26,0,person,0.7458832859992981,1627,449,1697,599,70,150
390,13.413793,22,0,person,0.7444976568222046,1563,430,1617,586,54,156
390,13.413793,2,2,car,0.7286291122436523,845,484,1090,644,245,160
390,13.413793,29,0,person,0.6796969771385193,1342,476,1391,628,49,152
390,13.413793,24,0,person,0.663585901260376,1121,493,1175,655,54,162
390,13.413793,15,0,person,0.6434304118156433,1474,476,1523,614,49,138
390,13.413793,23,0,person,0.603797197341919,944,525,997,692,53,167
390,13.413793,31,0,person,0.5082451701164246,1275,502,1324,660,49,158
390,13.413793,30,2,car,0.30368056893348694,1851,368,1919,405,68,37
391,13.448276,1,2,car,0.8875055909156799,1523,395,1847,542,324,147
391,13.448276,3,2,car,0.8362129926681519,1713,384,1918,522,205,138
391,13.448276,5,0,person,0.8359305262565613,773,545,861,719,88,174
391,13.448276,18,0,person,0.8033660650253296,1417,489,1493,650,76,161
391,13.448276,13,0,person,0.7785097360610962,1298,527,1373,693,75,166
391,13.448276,2,2,car,0.7737248539924622,844,485,1088,642,244,157
391,13.448276,14,0,person,0.7705478668212891,1226,507,1285,676,59,169
391,13.448276,8,0,person,0.7680925130844116,970,525,1066,698,96,173
391,13.448276,9,0,person,0.7316784262657166,1078,545,1132,722,54,177
391,13.448276,26,0,person,0.7250309586524963,1626,449,1693,599,67,150
391,13.448276,22,0,person,0.7080758213996887,1557,430,1616,585,59,155
391,13.448276,24,0,person,0.679291307926178,1120,494,1172,659,52,165
391,13.448276,29,0,person,0.6589149236679077,1340,478,1388,629,48,151
391,13.448276,31,0,person,0.653834342956543,1273,501,1321,661,48,160
391,13.448276,15,0,person,0.6299116015434265,1473,475,1525,615,52,140
391,13.448276,23,0,person,0.615291953086853,942,525,992,693,50,168
391,13.448276,30,2,car,0.29238077998161316,1851,369,1919,407,68,38
392,13.482759,1,2,car,0.8914480209350586,1524,395,1847,542,323,147
392,13.482759,3,2,car,0.8333113789558411,1714,383,1918,522,204,139
392,13.482759,5,0,person,0.8247299790382385,770,546,857,720,87,174
392,13.482759,18,0,person,0.7928643822669983,1417,493,1492,649,75,156
392,13.482759,13,0,person,0.7787050604820251,1299,526,1368,693,69,167
392,13.482759,14,0,person,0.7725345492362976,1225,508,1280,678,55,170
392,13.482759,8,0,person,0.7539455890655518,964,526,1063,698,99,172
392,13.482759,22,0,person,0.7451119422912598,1551,430,1616,586,65,156
392,13.482759,26,0,person,0.7299142479896545,1626,450,1688,600,62,150
392,13.482759,2,2,car,0.7133319973945618,845,484,1091,643,246,159
392,13.482759,9,0,person,0.7128627300262451,1072,547,1129,726,57,179
392,13.482759,29,0,person,0.6903630495071411,1337,479,1387,633,50,154
392,13.482759,24,0,person,0.6707818508148193,1118,494,1171,660,53,166
392,13.482759,31,0,person,0.6541045904159546,1274,501,1319,657,45,156
392,13.482759,15,0,person,0.6374827027320862,1472,477,1522,614,50,137
392,13.482759,23,0,person,0.6274735927581787,936,521,988,690,52,169
392,13.482759,30,2,car,0.3312600255012512,1850,369,1919,405,69,36
393,13.517241,1,2,car,0.8908624649047852,1524,395,1847,542,323,147
393,13.517241,3,2,car,0.8333112001419067,1714,383,1918,522,204,139
393,13.517241,5,0,person,0.8158212900161743,772,545,847,721,75,176
393,13.517241,18,0,person,0.7873857021331787,1415,492,1491,649,76,157
393,13.517241,13,0,person,0.7739713788032532,1299,526,1362,694,63,168
393,13.517241,8,0,person,0.7591891288757324,962,525,1060,698,98,173
393,13.517241,22,0,person,0.7584006786346436,1546,430,1615,587,69,157
393,13.517241,23,0,person,0.7429971098899841,926,525,983,688,57,163
393,13.517241,14,0,person,0.7421040534973145,1222,507,1275,678,53,171
393,13.517241,26,0,person,0.729790449142456,1626,451,1684,601,58,150
393,13.517241,9,0,person,0.7119047045707703,1064,550,1132,727,68,177
393,13.517241,24,0,person,0.6933494806289673,1117,494,1170,663,53,169
393,13.517241,31,0,person,0.6680035591125488,1267,502,1316,657,49,155
393,13.517241,29,0,person,0.6581299901008606,1336,479,1385,633,49,154
393,13.517241,2,2,car,0.6527632474899292,845,483,1088,642,243,159
393,13.517241,15,0,person,0.6466751098632812,1469,478,1519,615,50,137
393,13.517241,30,2,car,0.3174847364425659,1850,369,1919,404,69,35
394,13.551724,1,2,car,0.8884853720664978,1524,395,1847,542,323,147
394,13.551724,3,2,car,0.831763505935669,1714,384,1918,522,204,138
394,13.551724,5,0,person,0.8036625385284424,771,545,843,722,72,177
394,13.551724,23,0,person,0.7944802641868591,918,523,982,691,64,168
394,13.551724,18,0,person,0.7935600280761719,1415,491,1490,649,75,158
394,13.551724,22,0,person,0.7900210618972778,1542,433,1615,586,73,153
394,13.551724,14,0,person,0.7770387530326843,1221,509,1274,681,53,172
394,13.551724,8,0,person,0.7448269128799438,962,526,1054,698,92,172
394,13.551724,26,0,person,0.7410377860069275,1624,448,1679,602,55,154
394,13.551724,9,0,person,0.7377936840057373,1060,550,1125,728,65,178
394,13.551724,13,0,person,0.7222906351089478,1299,529,1356,696,57,167
394,13.551724,24,0,person,0.7024666666984558,1116,495,1167,664,51,169
394,13.551724,29,0,person,0.6685779690742493,1335,480,1383,634,48,154
394,13.551724,31,0,person,0.661418616771698,1272,505,1314,659,42,154
394,13.551724,15,0,person,0.6141138076782227,1466,476,1518,615,52,139
394,13.551724,2,2,car,0.595765233039856,844,483,1085,631,241,148
394,13.551724,30,2,car,0.32330289483070374,1850,369,1919,404,69,35
395,13.586207,1,2,car,0.8898599147796631,1524,395,1847,542,323,147
395,13.586207,3,2,car,0.8320725560188293,1713,384,1918,522,205,138
395,13.586207,5,0,person,0.79184889793396,767,545,835,722,68,177
395,13.586207,22,0,person,0.7911537289619446,1540,435,1616,587,76,152
395,13.586207,23,0,person,0.7865902781486511,903,525,980,689,77,164
395,13.586207,18,0,person,0.7741960287094116,1415,490,1487,649,72,159
395,13.586207,14,0,person,0.7689523696899414,1217,510,1272,679,55,169
395,13.586207,8,0,person,0.7416477203369141,962,525,1050,697,88,172
395,13.586207,24,0,person,0.7350164651870728,1114,494,1165,665,51,171
395,13.586207,9,0,person,0.7348565459251404,1058,549,1120,730,62,181
395,13.586207,26,0,person,0.7313252687454224,1624,449,1675,601,51,152
395,13.586207,13,0,person,0.7087888717651367,1298,532,1350,696,52,164
395,13.586207,31,0,person,0.6974589824676514,1268,506,1312,658,44,152
395,13.586207,29,0,person,0.6259908676147461,1332,480,1381,634,49,154
395,13.586207,2,2,car,0.6256139278411865,845,484,1080,623,235,139
395,13.586207,15,0,person,0.621222972869873,1466,478,1515,615,49,137
395,13.586207,30,2,car,0.32643750309944153,1850,369,1919,404,69,35
396,13.62069,1,2,car,0.8837907910346985,1524,395,1847,542,323,147
396,13.62069,3,2,car,0.8367281556129456,1714,384,1918,522,204,138
396,13.62069,22,0,person,0.7929381132125854,1538,435,1615,588,77,153
396,13.62069,8,0,person,0.7783449292182922,961,526,1044,698,83,172
396,13.62069,18,0,person,0.7772290110588074,1413,489,1484,648,71,159
396,13.62069,14,0,person,0.7710207104682922,1214,511,1271,682,57,171
396,13.62069,23,0,person,0.7667991518974304,896,526,979,690,83,164
396,13.62069,5,0,person,0.7652426362037659,768,545,827,721,59,176
396,13.62069,9,0,person,0.7153505682945251,1049,546,1120,730,71,184
396,13.62069,26,0,person,0.7091222405433655,1621,447,1672,601,51,154
396,13.62069,13,0,person,0.7079137563705444,1296,530,1347,697,51,167
396,13.62069,24,0,person,0.7069913744926453,1112,495,1161,665,49,170
396,13.62069,15,0,person,0.6926060318946838,1463,478,1511,617,48,139
396,13.62069,31,0,person,0.6844720840454102,1268,506,1310,657,42,151
396,13.62069,2,2,car,0.6808974742889404,845,484,1072,623,227,139
396,13.62069,29,0,person,0.6387767791748047,1332,481,1379,634,47,153
396,13.62069,30,2,car,0.2941111922264099,1850,369,1919,404,69,35
397,13.655172,1,2,car,0.8785461187362671,1522,395,1846,542,324,147
397,13.655172,3,2,car,0.8379579782485962,1713,384,1918,522,205,138
397,13.655172,23,0,person,0.801498293876648,895,526,978,691,83,165
397,13.655172,14,0,person,0.7994496822357178,1207,511,1271,682,64,171
397,13.655172,22,0,person,0.7891921401023865,1540,434,1614,588,74,154
397,13.655172,5,0,person,0.7756063342094421,766,545,816,722,50,177
397,13.655172,8,0,person,0.7732840776443481,961,526,1040,698,79,172
397,13.655172,9,0,person,0.7696748971939087,1044,547,1122,729,78,182
397,13.655172,18,0,person,0.7439911961555481,1415,489,1482,649,67,160
397,13.655172,13,0,person,0.7206783294677734,1294,533,1346,699,52,166
397,13.655172,2,2,car,0.6999558806419373,845,484,1073,623,228,139
397,13.655172,26,0,person,0.6951321363449097,1617,447,1672,602,55,155
397,13.655172,24,0,person,0.690788209438324,1110,495,1158,665,48,170
397,13.655172,31,0,person,0.6512771248817444,1266,509,1308,660,42,151
397,13.655172,29,0,person,0.6032869815826416,1329,483,1376,635,47,152
397,13.655172,15,0,person,0.59373539686203,1461,478,1509,618,48,140
397,13.655172,30,2,car,0.3210096061229706,1850,369,1919,404,69,35
398,13.689655,1,2,car,0.8758830428123474,1522,395,1847,542,325,147
398,13.689655,3,2,car,0.8397821187973022,1713,384,1918,522,205,138
398,13.689655,23,0,person,0.7965534329414368,890,517,979,691,89,174
398,13.689655,9,0,person,0.7906751036643982,1041,548,1120,730,79,182
398,13.689655,14,0,person,0.7842645645141602,1202,512,1271,682,69,170
398,13.689655,22,0,person,0.7815895676612854,1540,434,1611,588,71,154
398,13.689655,5,0,person,0.7793527245521545,761,548,810,726,49,178
398,13.689655,8,0,person,0.7651775479316711,961,526,1031,698,70,172
398,13.689655,18,0,person,0.7596970200538635,1414,489,1479,649,65,160
398,13.689655,13,0,person,0.7259289622306824,1291,532,1346,700,55,168
398,13.689655,24,0,person,0.686718761920929,1106,496,1155,663,49,167
398,13.689655,26,0,person,0.6683799028396606,1610,447,1669,604,59,157
398,13.689655,2,2,car,0.6608566641807556,844,484,1072,629,228,145
398,13.689655,15,0,person,0.6533241868019104,1459,478,1507,619,48,141
398,13.689655,29,0,person,0.6100948452949524,1328,483,1375,632,47,149
398,13.689655,31,0,person,0.5794256925582886,1259,507,1305,659,46,152
398,13.689655,30,2,car,0.31029316782951355,1850,369,1919,404,69,35
399,13.724138,1,2,car,0.8735823035240173,1522,395,1846,542,324,147
399,13.724138,3,2,car,0.8370094895362854,1712,384,1918,522,206,138
399,13.724138,23,0,person,0.8288089036941528,889,517,978,696,89,179
399,13.724138,9,0,person,0.8118863105773926,1038,549,1119,730,81,181
399,13.724138,5,0,person,0.7927691340446472,756,548,808,728,52,180
399,13.724138,14,0,person,0.7645363807678223,1198,514,1272,683,74,169
399,13.724138,18,0,person,0.7580152153968811,1413,489,1471,649,58,160
399,13.724138,22,0,person,0.7434209585189819,1540,433,1608,588,68,155
399,13.724138,13,0,person,0.7416966557502747,1288,532,1344,700,56,168
399,13.724138,24,0,person,0.7282411456108093,1103,498,1153,663,50,165
399,13.724138,2,2,car,0.6946932077407837,845,484,1072,645,227,161
399,13.724138,15,0,person,0.681216299533844,1456,478,1504,620,48,142
399,13.724138,26,0,person,0.6797580122947693,1610,449,1668,606,58,157
399,13.724138,8,0,person,0.6724407076835632,961,527,1022,700,61,173
399,13.724138,29,0,person,0.5987004041671753,1326,483,1373,632,47,149
399,13.724138,31,0,person,0.5780153870582581,1260,502,1303,660,43,158
399,13.724138,30,2,car,0.3153088092803955,1850,369,1919,402,69,33
400,13.758621,1,2,car,0.8718985915184021,1522,395,1847,542,325,147
400,13.758621,3,2,car,0.8417240381240845,1715,383,1919,522,204,139
400,13.758621,9,0,person,0.8300706744194031,1036,550,1118,731,82,181
400,13.758621,23,0,person,0.8207866549491882,888,521,977,696,89,175
400,13.758621,5,0,person,0.8196737170219421,753,548,808,730,55,182
400,13.758621,14,0,person,0.7871779203414917,1195,515,1271,683,76,168
400,13.758621,18,0,person,0.7650827765464783,1412,491,1467,650,55,159
400,13.758621,13,0,person,0.738497257232666,1282,532,1342,702,60,170
400,13.758621,22,0,person,0.7339778542518616,1540,432,1608,588,68,156
400,13.758621,24,0,person,0.7227120399475098,1098,498,1153,665,55,167
400,13.758621,15,0,person,0.6948323249816895,1457,477,1503,621,46,144
400,13.758621,8,0,person,0.6924997568130493,966,522,1016,701,50,179
400,13.758621,26,0,person,0.6628397107124329,1610,450,1666,604,56,154
400,13.758621,29,0,person,0.6233186721801758,1325,484,1371,632,46,148
400,13.758621,2,2,car,0.6026570796966553,845,484,1079,647,234,163
400,13.758621,31,0,person,0.5438308119773865,1257,507,1302,660,45,153
400,13.758621,30,2,car,0.3091984689235687,1850,369,1919,402,69,33
401,13.793103,1,2,car,0.86567223072052,1522,395,1847,542,325,147
401,13.793103,3,2,car,0.8421710133552551,1716,383,1919,522,203,139
401,13.793103,5,0,person,0.8129189014434814,747,548,808,730,61,182
401,13.793103,9,0,person,0.811590313911438,1036,551,1117,732,81,181
401,13.793103,14,0,person,0.7976492643356323,1194,515,1271,684,77,169
401,13.793103,23,0,person,0.7771468162536621,886,522,980,697,94,175
401,13.793103,13,0,person,0.7542917728424072,1275,533,1339,702,64,169
401,13.793103,18,0,person,0.7325316071510315,1403,490,1460,651,57,161
401,13.793103,24,0,person,0.7207146883010864,1094,500,1151,666,57,166
401,13.793103,26,0,person,0.6985304951667786,1605,451,1664,605,59,154
401,13.793103,22,0,person,0.6962792873382568,1539,432,1604,587,65,155
401,13.793103,15,0,person,0.6590964794158936,1456,478,1501,621,45,143
401,13.793103,8,0,person,0.6468137502670288,963,522,1012,702,49,180
401,13.793103,2,2,car,0.6164590120315552,845,484,1102,642,257,158
401,13.793103,29,0,person,0.6109076142311096,1323,484,1369,634,46,150
401,13.793103,31,0,person,0.5778064727783203,1255,506,1299,661,44,155
401,13.793103,30,2,car,0.29923316836357117,1850,369,1919,402,69,33
402,13.827586,1,2,car,0.8634345531463623,1522,396,1846,542,324,146
402,13.827586,3,2,car,0.8401698470115662,1715,383,1919,522,204,139
402,13.827586,5,0,person,0.8346425294876099,736,550,809,729,73,179
402,13.827586,9,0,person,0.7999003529548645,1035,550,1114,733,79,183
402,13.827586,14,0,person,0.7883278727531433,1193,516,1263,683,70,167
402,13.827586,13,0,person,0.7553490996360779,1269,533,1337,702,68,169
402,13.827586,23,0,person,0.7453879117965698,884,517,981,700,97,183
402,13.827586,26,0,person,0.7305769920349121,1599,453,1660,605,61,152
402,13.827586,24,0,person,0.7078480124473572,1089,501,1150,667,61,166
402,13.827586,22,0,person,0.6889674067497253,1538,433,1597,589,59,156
402,13.827586,18,0,person,0.684977114200592,1401,491,1455,652,54,161
402,13.827586,8,0,person,0.6664774417877197,956,523,1011,705,55,182
402,13.827586,2,2,car,0.6615556478500366,845,484,1107,645,262,161
402,13.827586,15,0,person,0.6462972164154053,1453,478,1497,619,44,141
402,13.827586,29,0,person,0.6414442658424377,1322,484,1366,636,44,152
402,13.827586,31,0,person,0.6139700412750244,1250,508,1295,672,45,164
402,13.827586,30,2,car,0.301298588514328,1850,369,1919,401,69,32
403,13.862069,1,2,car,0.8543604612350464,1522,396,1846,542,324,146
403,13.862069,3,2,car,0.8386411666870117,1715,383,1919,522,204,139
403,13.862069,5,0,person,0.8311657309532166,730,551,807,730,77,179
403,13.862069,9,0,person,0.7750150561332703,1036,551,1111,733,75,182
403,13.862069,26,0,person,0.7628166675567627,1595,453,1658,605,63,152
403,13.862069,14,0,person,0.7475973963737488,1193,516,1258,683,65,167
403,13.862069,13,0,person,0.7465807199478149,1271,532,1335,703,64,171
403,13.862069,23,0,person,0.7324167490005493,885,520,973,694,88,174
403,13.862069,22,0,person,0.709783136844635,1535,433,1595,588,60,155
403,13.862069,24,0,person,0.7075428366661072,1085,501,1150,667,65,166
403,13.862069,2,2,car,0.7052788138389587,845,484,1109,650,264,166
403,13.862069,18,0,person,0.6873002648353577,1395,488,1455,654,60,166
403,13.862069,8,0,person,0.6829438805580139,955,525,1009,704,54,179
403,13.862069,31,0,person,0.6445394158363342,1242,507,1292,678,50,171
403,13.862069,15,0,person,0.6289544105529785,1449,478,1496,622,47,144
403,13.862069,29,0,person,0.6021235585212708,1318,485,1362,637,44,152
404,13.896552,1,2,car,0.8531261682510376,1523,395,1846,542,323,147
404,13.896552,3,2,car,0.8385811448097229,1715,383,1919,522,204,139
404,13.896552,5,0,person,0.8373345136642456,725,553,806,731,81,178
404,13.896552,8,0,person,0.774603009223938,945,528,1007,707,62,179
404,13.896552,26,0,person,0.7728379964828491,1593,454,1657,605,64,151
404,13.896552,9,0,person,0.7722565531730652,1036,550,1107,733,71,183
404,13.896552,13,0,person,0.7575474977493286,1271,531,1335,703,64,172
404,13.896552,14,0,person,0.7427952289581299,1192,515,1254,683,62,168
404,13.896552,23,0,person,0.7348015904426575,886,523,965,691,79,168
404,13.896552,22,0,person,0.7090000510215759,1533,433,1589,590,56,157
404,13.896552,24,0,person,0.7070478200912476,1082,500,1149,667,67,167
404,13.896552,18,0,person,0.7008422613143921,1391,488,1452,654,61,166
404,13.896552,2,2,car,0.6812560558319092,845,484,1108,651,263,167
404,13.896552,31,0,person,0.6572985053062439,1241,506,1289,677,48,171
404,13.896552,15,0,person,0.5991690754890442,1448,479,1494,622,46,143
404,13.896552,29,0,person,0.5786274671554565,1317,485,1360,638,43,153
404,13.896552,30,2,car,0.30891355872154236,1850,369,1919,403,69,34
405,13.931034,5,0,person,0.8525354862213135,724,552,804,731,80,179
405,13.931034,1,2,car,0.8503906726837158,1523,395,1846,542,323,147
405,13.931034,3,2,car,0.8393701314926147,1715,383,1919,522,204,139
405,13.931034,8,0,person,0.7741706371307373,931,528,1005,708,74,180
405,13.931034,26,0,person,0.7565292119979858,1592,455,1656,605,64,150
405,13.931034,24,0,person,0.7523434162139893,1078,501,1148,668,70,167
405,13.931034,23,0,person,0.7459002733230591,885,522,960,690,75,168
405,13.931034,9,0,person,0.7370345592498779,1036,551,1100,733,64,182
405,13.931034,13,0,person,0.7278957366943359,1266,531,1335,702,69,171
405,13.931034,14,0,person,0.7040938138961792,1190,516,1239,682,49,166
405,13.931034,22,0,person,0.6942174434661865,1529,435,1584,588,55,153
405,13.931034,18,0,person,0.6741657257080078,1388,488,1450,656,62,168
405,13.931034,15,0,person,0.6567423343658447,1441,479,1494,623,53,144
405,13.931034,31,0,person,0.6097558736801147,1232,507,1287,667,55,160
405,13.931034,29,0,person,0.5685777068138123,1316,485,1358,636,42,151
405,13.931034,2,2,car,0.5583775639533997,845,485,1105,647,260,162
405,13.931034,30,2,car,0.3236146867275238,1850,369,1919,403,69,34
406,13.965517,5,0,person,0.8642457127571106,721,553,802,734,81,181
406,13.965517,1,2,car,0.8467511534690857,1523,395,1846,542,323,147
406,13.965517,3,2,car,0.844487726688385,1717,383,1919,522,202,139
406,13.965517,24,0,person,0.7626041769981384,1078,503,1148,668,70,165
406,13.965517,8,0,person,0.7613924741744995,927,528,1005,707,78,179
406,13.965517,26,0,person,0.756804883480072,1591,454,1655,605,64,151
406,13.965517,23,0,person,0.740243673324585,885,520,954,691,69,171
406,13.965517,9,0,person,0.7381579279899597,1036,553,1096,733,60,180
406,13.965517,18,0,person,0.7290869355201721,1385,491,1449,658,64,167
406,13.965517,14,0,person,0.7279841303825378,1188,515,1236,681,48,166
406,13.965517,13,0,person,0.7039187550544739,1266,532,1335,700,69,168
406,13.965517,22,0,person,0.6788155436515808,1525,433,1585,590,60,157
406,13.965517,15,0,person,0.630324125289917,1438,479,1493,623,55,144
406,13.965517,31,0,person,0.6117011904716492,1225,509,1284,668,59,159
406,13.965517,2,2,car,0.5809339880943298,845,484,1085,646,240,162
406,13.965517,29,0,person,0.5599262714385986,1315,486,1357,636,42,150
406,13.965517,30,2,car,0.2911452054977417,1850,369,1919,401,69,32
407,14.0,5,0,person,0.8570952415466309,720,554,800,735,80,181
407,14.0,3,2,car,0.8534061908721924,1717,384,1918,521,201,137
407,14.0,1,2,car,0.8530558347702026,1522,395,1846,542,324,147
407,14.0,24,0,person,0.7849017977714539,1076,503,1148,668,72,165
407,14.0,8,0,person,0.7613508701324463,923,529,1001,707,78,178
407,14.0,18,0,person,0.7603296041488647,1382,489,1446,657,64,168
407,14.0,26,0,person,0.7542262077331543,1590,454,1655,604,65,150
407,14.0,23,0,person,0.7379496097564697,885,519,947,692,62,173
407,14.0,13,0,person,0.7273597717285156,1269,531,1335,702,66,171
407,14.0,9,0,person,0.70839524269104,1033,554,1089,732,56,178
407,14.0,14,0,person,0.7059734463691711,1186,515,1232,682,46,167
407,14.0,15,0,person,0.6859784126281738,1434,478,1494,623,60,145
407,14.0,22,0,person,0.6834442019462585,1524,433,1585,592,61,159
407,14.0,31,0,person,0.6194047331809998,1225,508,1281,668,56,160
407,14.0,29,0,person,0.5952414274215698,1315,485,1354,634,39,149
407,14.0,2,2,car,0.5618544220924377,845,484,1080,644,235,160
407,14.0,30,2,car,0.2869397699832916,1851,368,1919,412,68,44
408,14.034483,5,0,person,0.8627402186393738,718,553,799,735,81,182
408,14.034483,3,2,car,0.8527065515518188,1718,383,1919,521,201,138
408,14.034483,1,2,car,0.8496814370155334,1522,395,1846,542,324,147
408,14.034483,24,0,person,0.7863261699676514,1074,504,1148,669,74,165
408,14.034483,26,0,person,0.7689145803451538,1588,453,1653,605,65,152
408,14.034483,18,0,person,0.7673581838607788,1378,491,1446,657,68,166
408,14.034483,8,0,person,0.7466168999671936,919,530,1002,707,83,177
408,14.034483,9,0,person,0.7331787943840027,1030,553,1083,733,53,180
408,14.034483,23,0,person,0.7287662029266357,883,521,942,691,59,170
408,14.034483,31,0,person,0.7110064625740051,1226,509,1278,664,52,155
408,14.034483,14,0,person,0.6936841607093811,1180,514,1230,683,50,169
408,14.034483,13,0,person,0.6918063163757324,1269,534,1334,703,65,169
408,14.034483,22,0,person,0.6821233034133911,1524,434,1583,592,59,158
408,14.034483,15,0,person,0.6758370995521545,1432,478,1493,623,61,145
408,14.034483,29,0,person,0.6100016236305237,1313,483,1352,634,39,151
408,14.034483,2,2,car,0.5583495497703552,844,483,1081,646,237,163
408,14.034483,30,2,car,0.2954196631908417,1850,370,1919,408,69,38
409,14.068966,3,2,car,0.852423369884491,1719,383,1919,521,200,138
409,14.068966,1,2,car,0.8489053249359131,1522,395,1846,541,324,146
409,14.068966,5,0,person,0.8448803424835205,716,553,794,734,78,181
409,14.068966,26,0,person,0.7719268202781677,1587,454,1651,605,64,151
409,14.068966,18,0,person,0.7709417343139648,1376,496,1446,657,70,161
409,14.068966,24,0,person,0.7571475505828857,1072,504,1149,670,77,166
409,14.068966,9,0,person,0.7427494525909424,1027,551,1077,733,50,182
409,14.068966,31,0,person,0.7376785278320312,1225,510,1275,662,50,152
409,14.068966,8,0,person,0.7310859560966492,918,529,1002,707,84,178
409,14.068966,23,0,person,0.7221125364303589,881,522,931,691,50,169
409,14.068966,15,0,person,0.7218427658081055,1433,478,1495,623,62,145
409,14.068966,14,0,person,0.7165411710739136,1174,515,1229,680,55,165
409,14.068966,13,0,person,0.6761872172355652,1264,534,1330,702,66,168
409,14.068966,22,0,person,0.6719323992729187,1521,434,1582,594,61,160
409,14.068966,2,2,car,0.6203444600105286,846,484,1071,648,225,164
409,14.068966,29,0,person,0.601071834564209,1312,485,1350,635,38,150
409,14.068966,30,2,car,0.2907174825668335,1851,368,1919,409,68,41
410,14.103448,1,2,car,0.8540493249893188,1520,395,1846,542,326,147
410,14.103448,3,2,car,0.8520145416259766,1717,384,1918,521,201,137
410,14.103448,5,0,person,0.824508011341095,714,554,786,736,72,182
410,14.103448,8,0,person,0.7865638732910156,916,530,999,710,83,180
410,14.103448,18,0,person,0.7728555798530579,1375,495,1446,658,71,163
410,14.103448,9,0,person,0.750622034072876,1022,552,1071,732,49,180
410,14.103448,14,0,person,0.7497137188911438,1171,516,1225,683,54,167
410,14.103448,15,0,person,0.7454155683517456,1431,479,1492,623,61,144
410,14.103448,26,0,person,0.7447307109832764,1586,454,1647,606,61,152
410,14.103448,24,0,person,0.7135207056999207,1070,505,1144,671,74,166
410,14.103448,31,0,person,0.7043120861053467,1223,512,1272,664,49,152
410,14.103448,22,0,person,0.682963490486145,1517,435,1580,595,63,160
410,14.103448,23,0,person,0.682282567024231,881,524,929,694,48,170
410,14.103448,13,0,person,0.655636727809906,1261,534,1329,703,68,169
410,14.103448,29,0,person,0.6037593483924866,1310,483,1347,636,37,153
410,14.103448,2,2,car,0.5974296927452087,846,484,1070,650,224,166
410,14.103448,30,2,car,0.27992403507232666,1851,369,1919,409,68,40
411,14.137931,1,2,car,0.864464521408081,1520,395,1846,542,326,147
411,14.137931,3,2,car,0.8535078763961792,1717,384,1918,521,201,137
411,14.137931,8,0,person,0.8170666694641113,914,530,998,711,84,181
411,14.137931,9,0,person,0.7821634411811829,1018,553,1069,733,51,180
411,14.137931,14,0,person,0.7798668146133423,1165,515,1224,685,59,170
411,14.137931,18,0,person,0.7666676044464111,1374,495,1444,658,70,163
411,14.137931,5,0,person,0.7658954858779907,712,557,778,733,66,176
411,14.137931,31,0,person,0.7440420389175415,1221,511,1268,666,47,155
411,14.137931,26,0,person,0.7319456338882446,1586,453,1643,606,57,153
411,14.137931,15,0,person,0.7257352471351624,1428,480,1488,624,60,144
411,14.137931,24,0,person,0.7001953721046448,1066,504,1139,671,73,167
411,14.137931,23,0,person,0.6897367835044861,879,527,926,695,47,168
411,14.137931,22,0,person,0.6518309712409973,1517,435,1577,594,60,159
411,14.137931,29,0,person,0.6287679672241211,1309,485,1346,636,37,151
411,14.137931,13,0,person,0.565359890460968,1266,536,1326,704,60,168
411,14.137931,2,2,car,0.49892905354499817,847,483,1067,637,220,154
411,14.137931,30,2,car,0.2807222604751587,1851,369,1919,410,68,41
412,14.172414,1,2,car,0.8610577583312988,1521,394,1846,542,325,148
412,14.172414,3,2,car,0.8521719574928284,1719,383,1919,521,200,138
412,14.172414,8,0,person,0.8005092740058899,913,530,996,711,83,181
412,14.172414,14,0,person,0.7800295948982239,1156,513,1222,683,66,170
412,14.172414,9,0,person,0.761629581451416,1011,553,1068,734,57,181
412,14.172414,18,0,person,0.7599702477455139,1374,497,1442,658,68,161
412,14.172414,5,0,person,0.7540019750595093,709,557,771,733,62,176
412,14.172414,31,0,person,0.726214587688446,1220,510,1263,663,43,153
412,14.172414,15,0,person,0.7180380821228027,1427,478,1488,624,61,146
412,14.172414,24,0,person,0.6854016780853271,1067,504,1136,670,69,166
412,14.172414,23,0,person,0.6746940612792969,873,528,923,696,50,168
412,14.172414,26,0,person,0.6694473624229431,1585,453,1636,606,51,153
412,14.172414,22,0,person,0.6670805811882019,1515,435,1576,595,61,160
412,14.172414,29,0,person,0.6296610832214355,1306,485,1345,637,39,152
412,14.172414,13,0,person,0.5565335154533386,1271,535,1321,704,50,169
412,14.172414,2,2,car,0.5067597031593323,848,483,1067,643,219,160
412,14.172414,30,2,car,0.2779173254966736,1851,369,1919,411,68,42
413,14.206897,1,2,car,0.8715088963508606,1524,394,1846,542,322,148
413,14.206897,3,2,car,0.855130136013031,1719,383,1919,521,200,138
413,14.206897,14,0,person,0.7942805290222168,1145,514,1222,684,77,170
413,14.206897,5,0,person,0.7849085927009583,704,557,764,733,60,176
413,14.206897,8,0,person,0.7672568559646606,914,530,992,712,78,182
413,14.206897,18,0,person,0.7600007057189941,1372,498,1440,658,68,160
413,14.206897,9,0,person,0.7574406266212463,1003,553,1065,733,62,180
413,14.206897,15,0,person,0.711432695388794,1425,478,1487,624,62,146
413,14.206897,31,0,person,0.7107669711112976,1220,509,1262,663,42,154
413,14.206897,23,0,person,0.701251208782196,862,528,920,700,58,172
413,14.206897,26,0,person,0.6715583205223083,1584,451,1631,608,47,157
413,14.206897,22,0,person,0.6629852652549744,1504,436,1573,594,69,158
413,14.206897,24,0,person,0.623076856136322,1067,503,1133,670,66,167
413,14.206897,29,0,person,0.596099317073822,1306,485,1345,638,39,153
413,14.206897,13,0,person,0.5390867590904236,1272,535,1322,703,50,168
413,14.206897,2,2,car,0.49538126587867737,845,485,1063,643,218,158
413,14.206897,32,0,person,0.4691990911960602,1247,539,1282,688,35,149
413,14.206897,30,2,car,0.26448339223861694,1851,368,1919,412,68,44
414,14.241379,1,2,car,0.8755593299865723,1527,394,1846,542,319,148
414,14.241379,3,2,car,0.8553615808486938,1718,383,1919,521,201,138
414,14.241379,14,0,person,0.8309349417686462,1133,515,1221,684,88,169
414,14.241379,9,0,person,0.7920746803283691,994,554,1065,733,71,179
414,14.241379,5,0,person,0.7880713939666748,702,557,753,733,51,176
414,14.241379,23,0,person,0.7693402767181396,852,529,918,699,66,170
414,14.241379,8,0,person,0.769275426864624,914,532,986,712,72,180
414,14.241379,18,0,person,0.7474597096443176,1372,500,1438,658,66,158
414,14.241379,15,0,person,0.70872962474823,1425,479,1483,624,58,145
414,14.241379,31,0,person,0.6970998644828796,1216,510,1260,664,44,154
414,14.241379,26,0,person,0.6889417171478271,1583,453,1628,607,45,154
414,14.241379,22,0,person,0.6884925961494446,1503,436,1572,596,69,160
414,14.241379,24,0,person,0.6718430519104004,1066,503,1124,669,58,166
414,14.241379,29,0,person,0.6394049525260925,1302,486,1345,639,43,153
414,14.241379,13,0,person,0.5417256355285645,1271,534,1316,703,45,169
414,14.241379,2,2,car,0.42500433325767517,844,483,1078,653,234,170
414,14.241379,32,0,person,0.3937939405441284,1246,539,1280,694,34,155
414,14.241379,30,2,car,0.2642291188240051,1851,368,1919,413,68,45
415,14.275862,1,2,car,0.8722947239875793,1527,394,1846,542,319,148
415,14.275862,3,2,car,0.8574451804161072,1718,383,1919,521,201,138
415,14.275862,14,0,person,0.8409882187843323,1129,515,1220,684,91,169
415,14.275862,9,0,person,0.8268386721611023,984,553,1064,733,80,180
415,14.275862,5,0,person,0.7733231782913208,698,558,753,733,55,175
415,14.275862,23,0,person,0.7541779279708862,846,531,918,700,72,169
415,14.275862,8,0,person,0.7429566383361816,914,532,980,712,66,180
415,14.275862,24,0,person,0.7402979731559753,1065,503,1119,669,54,166
415,14.275862,31,0,person,0.7275000214576721,1212,510,1257,663,45,153
415,14.275862,22,0,person,0.714257001876831,1506,438,1569,598,63,160
415,14.275862,18,0,person,0.7081818580627441,1371,499,1434,658,63,159
415,14.275862,26,0,person,0.674549400806427,1580,453,1625,607,45,154
415,14.275862,15,0,person,0.6705741882324219,1425,478,1482,625,57,147
415,14.275862,29,0,person,0.6497839689254761,1298,487,1344,639,46,152
415,14.275862,32,0,person,0.5118750333786011,1246,539,1279,690,33,151
415,14.275862,13,0,person,0.5078015923500061,1270,533,1313,703,43,170
415,14.275862,2,2,car,0.4866357743740082,843,483,1096,659,253,176
415,14.275862,30,2,car,0.26638132333755493,1851,368,1919,417,68,49
416,14.310345,1,2,car,0.8700600862503052,1527,394,1846,542,319,148
416,14.310345,3,2,car,0.8578742146492004,1717,384,1918,521,201,137
416,14.310345,14,0,person,0.8414546847343445,1126,515,1220,684,94,169
416,14.310345,9,0,person,0.8329473733901978,978,554,1063,734,85,180
416,14.310345,5,0,person,0.7999272346496582,692,558,752,734,60,176
416,14.310345,23,0,person,0.778098464012146,841,532,917,699,76,167
416,14.310345,22,0,person,0.7453151345252991,1502,438,1570,598,68,160
416,14.310345,24,0,person,0.7229361534118652,1061,506,1116,675,55,169
416,14.310345,31,0,person,0.7186734676361084,1210,509,1255,663,45,154
416,14.310345,26,0,person,0.706676185131073,1576,453,1623,607,47,154
416,14.310345,8,0,person,0.7046331167221069,911,530,979,711,68,181
416,14.310345,18,0,person,0.6831555366516113,1370,499,1423,658,53,159
416,14.310345,15,0,person,0.6612539291381836,1420,477,1479,624,59,147
416,14.310345,29,0,person,0.6592830419540405,1295,487,1343,637,48,150
416,14.310345,2,2,car,0.6543481349945068,842,483,1114,663,272,180
416,14.310345,32,0,person,0.5433860421180725,1245,540,1277,692,32,152
416,14.310345,13,0,person,0.48367056250572205,1264,535,1313,704,49,169
417,14.344828,1,2,car,0.8677869439125061,1528,394,1846,543,318,149
417,14.344828,3,2,car,0.8577216863632202,1717,384,1919,522,202,138
417,14.344828,9,0,person,0.8382158875465393,971,556,1063,735,92,179
417,14.344828,14,0,person,0.8243996500968933,1128,515,1219,684,91,169
417,14.344828,5,0,person,0.7999577522277832,687,558,753,733,66,175
417,14.344828,23,0,person,0.7676576972007751,840,534,915,699,75,165
417,14.344828,22,0,person,0.7584256529808044,1498,439,1568,599,70,160
417,14.344828,24,0,person,0.7254776954650879,1057,508,1115,675,58,167
417,14.344828,26,0,person,0.7005940079689026,1575,453,1621,608,46,155
417,14.344828,18,0,person,0.6968559622764587,1368,498,1418,658,50,160
417,14.344828,31,0,person,0.6965420246124268,1207,510,1253,664,46,154
417,14.344828,15,0,person,0.6675236821174622,1418,476,1475,626,57,150
417,14.344828,8,0,person,0.6632001399993896,913,529,978,712,65,183
417,14.344828,29,0,person,0.6296678781509399,1294,489,1345,638,51,149
417,14.344828,32,0,person,0.6049469113349915,1242,539,1278,694,36,155
417,14.344828,2,2,car,0.5800086855888367,842,482,1115,661,273,179
417,14.344828,13,0,person,0.48973727226257324,1265,532,1310,705,45,173
417,14.344828,30,2,car,0.277038037776947,1851,369,1919,416,68,47
418,14.37931,1,2,car,0.8607279658317566,1527,394,1846,542,319,148
418,14.37931,3,2,car,0.8500394225120544,1715,383,1919,522,204,139
418,14.37931,9,0,person,0.8404914140701294,968,559,1063,735,95,176
418,14.37931,14,0,person,0.8204465508460999,1127,517,1220,684,93,167
418,14.37931,5,0,person,0.8194790482521057,679,559,752,734,73,175
418,14.37931,15,0,person,0.7665666937828064,1413,475,1472,624,59,149
418,14.37931,23,0,person,0.7648944854736328,838,537,915,701,77,164
418,14.37931,22,0,person,0.7344019412994385,1493,439,1566,599,73,160
418,14.37931,26,0,person,0.7239428162574768,1571,454,1619,609,48,155
418,14.37931,24,0,person,0.7105172872543335,1055,510,1112,674,57,164
418,14.37931,18,0,person,0.672359049320221,1367,501,1417,660,50,159
418,14.37931,29,0,person,0.6489360332489014,1291,487,1345,640,54,153
418,14.37931,8,0,person,0.6392938494682312,909,531,976,712,67,181
418,14.37931,31,0,person,0.6313597559928894,1205,511,1251,662,46,151
418,14.37931,32,0,person,0.5883417725563049,1237,539,1278,696,41,157
418,14.37931,2,2,car,0.5468220710754395,840,483,1112,660,272,177
418,14.37931,13,0,person,0.4859396517276764,1259,533,1307,705,48,172
418,14.37931,30,2,car,0.2820063531398773,1851,369,1919,417,68,48
419,14.413793,1,2,car,0.8655043840408325,1527,394,1846,542,319,148
419,14.413793,3,2,car,0.8508124947547913,1714,383,1919,522,205,139
419,14.413793,9,0,person,0.848395586013794,967,559,1063,736,96,177
419,14.413793,5,0,person,0.834371030330658,669,560,752,736,83,176
419,14.413793,14,0,person,0.8181900978088379,1127,517,1219,684,92,167
419,14.413793,15,0,person,0.758133590221405,1410,475,1469,626,59,151
419,14.413793,23,0,person,0.74299556016922,837,530,916,701,79,171
419,14.413793,26,0,person,0.7234746813774109,1564,454,1618,610,54,156
419,14.413793,18,0,person,0.7133748531341553,1364,501,1412,660,48,159
419,14.413793,22,0,person,0.7086538076400757,1497,439,1564,599,67,160
419,14.413793,24,0,person,0.7078701257705688,1051,510,1107,680,56,170
419,14.413793,29,0,person,0.669349193572998,1288,487,1344,640,56,153
419,14.413793,8,0,person,0.6502647399902344,906,530,964,712,58,182
419,14.413793,31,0,person,0.6095470786094666,1200,511,1248,660,48,149
419,14.413793,32,0,person,0.5839190483093262,1233,541,1276,694,43,153
419,14.413793,13,0,person,0.5362090468406677,1257,536,1307,705,50,169
419,14.413793,2,2,car,0.5291597843170166,840,483,1113,656,273,173
419,14.413793,30,2,car,0.28445661067962646,1850,370,1919,419,69,49
420,14.448276,1,2,car,0.8751378655433655,1527,394,1846,542,319,148
420,14.448276,5,0,person,0.8602338433265686,659,565,752,736,93,171
420,14.448276,3,2,car,0.8527353405952454,1714,383,1919,522,205,139
420,14.448276,9,0,person,0.8441784381866455,965,556,1064,737,99,181
420,14.448276,14,0,person,0.8136137127876282,1127,515,1218,684,91,169
420,14.448276,15,0,person,0.7611031532287598,1412,476,1465,626,53,150
420,14.448276,23,0,person,0.7437757253646851,836,531,918,701,82,170
420,14.448276,22,0,person,0.7390170693397522,1497,437,1561,599,64,162
420,14.448276,26,0,person,0.7324460744857788,1558,454,1617,610,59,156
420,14.448276,18,0,person,0.7243769764900208,1363,502,1410,659,47,157
420,14.448276,8,0,person,0.6922457218170166,900,526,956,712,56,186
420,14.448276,24,0,person,0.6799923181533813,1045,509,1106,682,61,173
420,14.448276,31,0,person,0.6746944189071655,1199,510,1246,660,47,150
420,14.448276,13,0,person,0.6523072123527527,1252,535,1306,705,54,170
420,14.448276,32,0,person,0.6387760639190674,1228,545,1274,694,46,149
420,14.448276,29,0,person,0.6164270639419556,1286,487,1343,639,57,152
420,14.448276,2,2,car,0.502223014831543,842,483,1110,658,268,175
420,14.448276,30,2,car,0.3013114631175995,1851,370,1919,417,68,47
421,14.482759,5,0,person,0.8805697560310364,656,561,751,737,95,176
421,14.482759,1,2,car,0.8766246438026428,1529,394,1846,542,317,148
421,14.482759,9,0,person,0.8578057885169983,965,556,1063,737,98,181
421,14.482759,3,2,car,0.8554094433784485,1717,383,1919,522,202,139
421,14.482759,14,0,person,0.7875596284866333,1127,515,1213,684,86,169
421,14.482759,23,0,person,0.7589052319526672,836,533,913,702,77,169
421,14.482759,8,0,person,0.752995491027832,893,526,951,712,58,186
421,14.482759,22,0,person,0.7449046969413757,1496,439,1557,599,61,160
421,14.482759,15,0,person,0.7368477582931519,1410,478,1463,626,53,148
421,14.482759,26,0,person,0.7152261137962341,1554,454,1615,610,61,156
421,14.482759,18,0,person,0.7136892676353455,1358,502,1406,659,48,157
421,14.482759,24,0,person,0.6666892170906067,1041,508,1105,681,64,173
421,14.482759,13,0,person,0.6313788294792175,1255,534,1304,704,49,170
421,14.482759,31,0,person,0.6283935904502869,1194,510,1243,659,49,149
421,14.482759,32,0,person,0.5941916704177856,1222,547,1269,696,47,149
421,14.482759,29,0,person,0.5518289804458618,1283,487,1343,639,60,152
421,14.482759,2,2,car,0.5201597809791565,842,482,1118,657,276,175
421,14.482759,30,2,car,0.2853272259235382,1851,369,1919,420,68,51
422,14.517241,5,0,person,0.8854243755340576,655,561,751,738,96,177
422,14.517241,1,2,car,0.8687816262245178,1529,394,1846,542,317,148
422,14.517241,9,0,person,0.8516054153442383,965,558,1061,737,96,179
422,14.517241,3,2,car,0.8513224720954895,1715,383,1919,522,204,139
422,14.517241,23,0,person,0.7880570292472839,837,531,910,703,73,172
422,14.517241,14,0,person,0.7754484415054321,1126,514,1208,683,82,169
422,14.517241,26,0,person,0.758543074131012,1546,454,1614,610,68,156
422,14.517241,22,0,person,0.7492669820785522,1497,439,1558,600,61,161
422,14.517241,15,0,person,0.7194498181343079,1411,479,1462,626,51,147
422,14.517241,13,0,person,0.7153505682945251,1241,535,1305,704,64,169
422,14.517241,18,0,person,0.710633397102356,1356,500,1405,659,49,159
422,14.517241,8,0,person,0.7101291418075562,889,527,951,711,62,184
422,14.517241,24,0,person,0.7016960978507996,1042,510,1103,680,61,170
422,14.517241,31,0,person,0.675266444683075,1190,510,1242,663,52,153
422,14.517241,32,0,person,0.6103101372718811,1222,542,1266,696,44,154
422,14.517241,29,0,person,0.593601405620575,1282,486,1344,639,62,153
422,14.517241,2,2,car,0.4007573425769806,843,484,1060,658,217,174
423,14.551724,5,0,person,0.8695775866508484,657,561,752,739,95,178
423,14.551724,1,2,car,0.8689113259315491,1530,394,1847,544,317,150
423,14.551724,3,2,car,0.8493173122406006,1715,383,1919,522,204,139
423,14.551724,9,0,person,0.8458872437477112,966,557,1060,737,94,180
423,14.551724,26,0,person,0.7888734936714172,1542,454,1614,610,72,156
423,14.551724,14,0,person,0.7769118547439575,1125,515,1204,684,79,169
423,14.551724,18,0,person,0.7707011699676514,1349,502,1404,659,55,157
423,14.551724,13,0,person,0.7423814535140991,1235,537,1305,705,70,168
423,14.551724,22,0,person,0.7378216981887817,1497,438,1557,599,60,161
423,14.551724,23,0,person,0.736100971698761,836,532,902,702,66,170
423,14.551724,8,0,person,0.7272899150848389,882,528,948,713,66,185
423,14.551724,15,0,person,0.7234815359115601,1410,480,1461,630,51,150
423,14.551724,24,0,person,0.7153927683830261,1038,511,1100,680,62,169
423,14.551724,31,0,person,0.6630285382270813,1184,509,1240,667,56,158
423,14.551724,32,0,person,0.5767033696174622,1216,546,1266,694,50,148
423,14.551724,29,0,person,0.5657001733779907,1281,486,1341,638,60,152
423,14.551724,2,2,car,0.49702122807502747,846,485,1058,659,212,174
424,14.586207,1,2,car,0.8759276270866394,1529,394,1847,544,318,150
424,14.586207,5,0,person,0.8673222661018372,656,561,750,740,94,179
424,14.586207,3,2,car,0.8512474894523621,1715,383,1919,522,204,139
424,14.586207,9,0,person,0.812710702419281,966,558,1056,737,90,179
424,14.586207,26,0,person,0.796959638595581,1540,455,1614,611,74,156
424,14.586207,18,0,person,0.7707335352897644,1340,500,1405,660,65,160
424,14.586207,13,0,person,0.7524169683456421,1232,534,1305,705,73,171
424,14.586207,22,0,person,0.7470607757568359,1496,439,1555,600,59,161
424,14.586207,14,0,person,0.7460801005363464,1123,514,1198,683,75,169
424,14.586207,8,0,person,0.7337178587913513,876,526,946,713,70,187
424,14.586207,24,0,person,0.7300171852111816,1041,515,1099,683,58,168
424,14.586207,15,0,person,0.726959764957428,1408,480,1460,630,52,150
424,14.586207,31,0,person,0.6967977285385132,1180,511,1238,672,58,161
424,14.586207,23,0,person,0.6919081807136536,834,533,894,703,60,170
424,14.586207,29,0,person,0.5890834927558899,1277,486,1340,638,63,152
424,14.586207,2,2,car,0.4125728905200958,850,484,1056,660,206,176
424,14.586207,32,0,person,0.3846816420555115,1213,545,1265,693,52,148
425,14.62069,1,2,car,0.8709880709648132,1530,394,1847,545,317,151
425,14.62069,5,0,person,0.8532652258872986,656,563,745,741,89,178
425,14.62069,3,2,car,0.8429772853851318,1714,383,1919,523,205,140
425,14.62069,26,0,person,0.7852806448936462,1541,457,1614,612,73,155
425,14.62069,9,0,person,0.7830554246902466,966,560,1053,738,87,178
425,14.62069,18,0,person,0.7748726606369019,1331,500,1404,659,73,159
425,14.62069,22,0,person,0.7685433626174927,1494,439,1550,600,56,161
425,14.62069,14,0,person,0.7484166026115417,1122,514,1193,683,71,169
425,14.62069,13,0,person,0.7385103702545166,1232,535,1305,704,73,169
425,14.62069,8,0,person,0.7345816493034363,868,527,945,713,77,186
425,14.62069,24,0,person,0.7314461469650269,1034,515,1097,684,63,169
425,14.62069,15,0,person,0.709890604019165,1409,481,1457,629,48,148
425,14.62069,23,0,person,0.6581390500068665,833,531,883,706,50,175
425,14.62069,31,0,person,0.6550418734550476,1179,513,1235,675,56,162
425,14.62069,32,0,person,0.5281111001968384,1211,543,1260,695,49,152
425,14.62069,29,0,person,0.5214385390281677,1275,487,1334,637,59,150
425,14.62069,2,2,car,0.4745158553123474,850,483,1103,660,253,177
426,14.655172,1,2,car,0.8771844506263733,1530,395,1847,545,317,150
426,14.655172,5,0,person,0.8415378928184509,655,563,742,741,87,178
426,14.655172,3,2,car,0.8347193598747253,1711,385,1919,523,208,138
426,14.655172,26,0,person,0.7877528071403503,1541,457,1614,612,73,155
426,14.655172,18,0,person,0.7773240804672241,1324,499,1404,660,80,161
426,14.655172,22,0,person,0.7618512511253357,1492,439,1548,599,56,160
426,14.655172,9,0,person,0.7568396925926208,966,558,1047,738,81,180
426,14.655172,13,0,person,0.7412531971931458,1231,536,1304,705,73,169
426,14.655172,24,0,person,0.7405721545219421,1032,515,1093,684,61,169
426,14.655172,8,0,person,0.7331552505493164,860,534,944,714,84,180
426,14.655172,15,0,person,0.7320513725280762,1404,480,1454,630,50,150
426,14.655172,14,0,person,0.7223055362701416,1120,515,1187,683,67,168
426,14.655172,31,0,person,0.6839861869812012,1177,513,1231,670,54,157
426,14.655172,23,0,person,0.6552428603172302,831,533,881,704,50,171
426,14.655172,32,0,person,0.5676632523536682,1211,542,1256,696,45,154
426,14.655172,29,0,person,0.5422133207321167,1271,487,1320,635,49,148
426,14.655172,2,2,car,0.4572981595993042,851,484,1059,662,208,178
427,14.689655,1,2,car,0.8693087100982666,1530,395,1847,546,317,151
427,14.689655,3,2,car,0.8349725604057312,1713,383,1919,523,206,140
427,14.689655,5,0,person,0.8175211548805237,655,564,742,741,87,177
427,14.689655,26,0,person,0.7808778285980225,1539,458,1612,612,73,154
427,14.689655,18,0,person,0.7737602591514587,1321,499,1403,661,82,162
427,14.689655,8,0,person,0.7736480236053467,857,535,945,713,88,178
427,14.689655,9,0,person,0.7670696973800659,966,560,1041,738,75,178
427,14.689655,13,0,person,0.7470892667770386,1228,534,1304,705,76,171
427,14.689655,22,0,person,0.743192732334137,1488,440,1548,599,60,159
427,14.689655,15,0,person,0.7246691584587097,1402,480,1454,629,52,149
427,14.689655,14,0,person,0.7083221077919006,1117,516,1181,685,64,169
427,14.689655,23,0,person,0.7055701613426208,828,532,877,704,49,172
427,14.689655,31,0,person,0.7047452330589294,1172,514,1228,665,56,151
427,14.689655,24,0,person,0.7015988826751709,1027,517,1092,684,65,167
427,14.689655,32,0,person,0.5931159257888794,1211,543,1254,696,43,153
427,14.689655,29,0,person,0.5896573066711426,1270,487,1318,637,48,150
427,14.689655,2,2,car,0.4500472843647003,852,484,1059,664,207,180
428,14.724138,1,2,car,0.874672532081604,1529,395,1847,546,318,151
428,14.724138,3,2,car,0.8333905935287476,1713,384,1919,523,206,139
428,14.724138,18,0,person,0.7894869446754456,1321,499,1404,661,83,162
428,14.724138,5,0,person,0.7869998812675476,656,563,735,741,79,178
428,14.724138,8,0,person,0.7774797081947327,854,535,945,715,91,180
428,14.724138,26,0,person,0.7762196660041809,1539,457,1610,612,71,155
428,14.724138,9,0,person,0.7544801235198975,963,557,1035,738,72,181
428,14.724138,13,0,person,0.7509587407112122,1226,533,1303,705,77,172
428,14.724138,22,0,person,0.7406001687049866,1481,441,1548,599,67,158
428,14.724138,15,0,person,0.729398787021637,1401,480,1452,628,51,148
428,14.724138,31,0,person,0.7040858268737793,1165,514,1226,669,61,155
428,14.724138,23,0,person,0.6879398822784424,821,531,878,706,57,175
428,14.724138,24,0,person,0.6873422861099243,1023,518,1086,685,63,167
428,14.724138,14,0,person,0.6744197607040405,1116,515,1176,686,60,171
428,14.724138,29,0,person,0.6207731366157532,1267,488,1317,637,50,149
428,14.724138,32,0,person,0.6004284024238586,1210,545,1252,694,42,149
428,14.724138,2,2,car,0.3407270312309265,852,484,1059,666,207,182
429,14.758621,1,2,car,0.8631689548492432,1528,395,1847,546,319,151
429,14.758621,3,2,car,0.8403638005256653,1713,383,1919,523,206,140
429,14.758621,18,0,person,0.7877925634384155,1320,499,1403,661,83,162
429,14.758621,26,0,person,0.7773138880729675,1540,456,1610,612,70,156
429,14.758621,8,0,person,0.7681725025177002,843,535,945,714,102,179
429,14.758621,5,0,person,0.765903890132904,654,564,719,741,65,177
429,14.758621,13,0,person,0.7628418803215027,1222,537,1302,705,80,168
429,14.758621,14,0,person,0.745634138584137,1113,516,1180,688,67,172
429,14.758621,9,0,person,0.7320990562438965,963,559,1029,737,66,178
429,14.758621,15,0,person,0.7315442562103271,1399,481,1450,628,51,147
429,14.758621,22,0,person,0.7196975946426392,1475,441,1544,602,69,161
429,14.758621,23,0,person,0.6997275352478027,818,531,869,703,51,172
429,14.758621,31,0,person,0.6935511827468872,1163,514,1223,670,60,156
429,14.758621,24,0,person,0.6886093616485596,1023,517,1081,686,58,169
429,14.758621,29,0,person,0.6243096590042114,1265,488,1314,638,49,150
429,14.758621,32,0,person,0.6232487559318542,1209,544,1248,695,39,151
429,14.758621,2,2,car,0.42749544978141785,845,483,1055,668,210,185
430,14.793103,1,2,car,0.8668044805526733,1526,396,1846,543,320,147
430,14.793103,3,2,car,0.8406332731246948,1713,384,1919,523,206,139
430,14.793103,18,0,person,0.8135501742362976,1318,501,1401,661,83,160
430,14.793103,8,0,person,0.7895659804344177,843,539,941,716,98,177
430,14.793103,31,0,person,0.7761222720146179,1159,511,1221,670,62,159
430,14.793103,13,0,person,0.7743254899978638,1220,537,1301,705,81,168
430,14.793103,26,0,person,0.7737408876419067,1539,455,1607,612,68,157
430,14.793103,5,0,person,0.7598162293434143,652,565,706,741,54,176
430,14.793103,14,0,person,0.7499106526374817,1110,516,1173,689,63,173
430,14.793103,9,0,person,0.7490366101264954,955,558,1022,738,67,180
430,14.793103,23,0,person,0.7410967350006104,810,530,866,703,56,173
430,14.793103,22,0,person,0.7396487593650818,1470,442,1539,601,69,159
430,14.793103,15,0,person,0.7211548686027527,1396,483,1448,630,52,147
430,14.793103,24,0,person,0.6854341626167297,1023,517,1078,687,55,170
430,14.793103,32,0,person,0.6306244730949402,1208,546,1248,692,40,146
430,14.793103,29,0,person,0.547543466091156,1263,488,1312,639,49,151
430,14.793103,2,2,car,0.43247389793395996,847,484,1051,664,204,180
431,14.827586,1,2,car,0.875039279460907,1526,395,1846,546,320,151
431,14.827586,3,2,car,0.8371742963790894,1712,384,1919,523,207,139
431,14.827586,8,0,person,0.8091683387756348,844,538,941,717,97,179
431,14.827586,18,0,person,0.8008461594581604,1318,502,1401,661,83,159
431,14.827586,23,0,person,0.7871482968330383,798,532,865,705,67,173
431,14.827586,5,0,person,0.7828662991523743,650,566,702,741,52,175
431,14.827586,9,0,person,0.7730238437652588,955,557,1015,741,60,184
431,14.827586,31,0,person,0.7601418495178223,1158,511,1219,670,61,159
431,14.827586,22,0,person,0.7573843598365784,1463,442,1537,601,74,159
431,14.827586,26,0,person,0.7570766806602478,1539,455,1605,612,66,157
431,14.827586,13,0,person,0.7397631406784058,1220,539,1301,705,81,166
431,14.827586,14,0,person,0.7151132822036743,1108,516,1173,692,65,176
431,14.827586,15,0,person,0.7030388116836548,1393,484,1447,630,54,146
431,14.827586,24,0,person,0.6383376121520996,1021,517,1075,687,54,170
431,14.827586,32,0,person,0.6235944628715515,1206,547,1245,692,39,145
431,14.827586,29,0,person,0.5592406988143921,1261,487,1310,641,49,154
431,14.827586,2,2,car,0.45952069759368896,845,483,1053,661,208,178
432,14.862069,1,2,car,0.8881838917732239,1526,395,1846,545,320,150
432,14.862069,3,2,car,0.8373922109603882,1713,384,1919,523,206,139
432,14.862069,23,0,person,0.8209103345870972,785,536,863,706,78,170
432,14.862069,8,0,person,0.7966315150260925,843,538,940,717,97,179
432,14.862069,9,0,person,0.7920567393302917,954,559,1008,743,54,184
432,14.862069,18,0,person,0.7745803594589233,1318,501,1398,661,80,160
432,14.862069,5,0,person,0.7699746489524841,645,566,692,743,47,177
432,14.862069,26,0,person,0.7614833116531372,1539,455,1600,613,61,158
432,14.862069,14,0,person,0.7601180672645569,1107,517,1174,694,67,177
432,14.862069,22,0,person,0.7410081624984741,1459,445,1537,601,78,156
432,14.862069,31,0,person,0.73246830701828,1158,510,1216,668,58,158
432,14.862069,13,0,person,0.7287748456001282,1218,534,1297,704,79,170
432,14.862069,15,0,person,0.6913034319877625,1392,486,1446,629,54,143
432,14.862069,24,0,person,0.6421215534210205,1016,516,1074,685,58,169
432,14.862069,32,0,person,0.638069212436676,1207,543,1243,693,36,150
432,14.862069,29,0,person,0.5292980670928955,1260,487,1308,645,48,158
432,14.862069,2,2,car,0.36727914214134216,847,483,1052,658,205,175
433,14.896552,1,2,car,0.8975950479507446,1525,395,1846,545,321,150
433,14.896552,3,2,car,0.8417986035346985,1713,384,1919,523,206,139
433,14.896552,23,0,person,0.8122262954711914,779,538,862,707,83,169
433,14.896552,8,0,person,0.8055888414382935,841,538,937,716,96,178
433,14.896552,5,0,person,0.7877881526947021,640,567,690,749,50,182
433,14.896552,9,0,person,0.7669723033905029,953,558,1006,745,53,187
433,14.896552,18,0,person,0.7663319110870361,1319,499,1393,661,74,162
433,14.896552,22,0,person,0.7611227631568909,1459,444,1537,601,78,157
433,14.896552,14,0,person,0.74277263879776,1103,519,1168,691,65,172
433,14.896552,13,0,person,0.7199913859367371,1219,535,1296,706,77,171
433,14.896552,15,0,person,0.7120527625083923,1389,486,1446,630,57,144
433,14.896552,31,0,person,0.7026873230934143,1157,512,1212,671,55,159
433,14.896552,26,0,person,0.7001150846481323,1539,456,1597,612,58,156
433,14.896552,24,0,person,0.683090090751648,1012,516,1071,684,59,168
433,14.896552,29,0,person,0.6286268830299377,1260,488,1306,642,46,154
433,14.896552,32,0,person,0.6078152656555176,1201,546,1241,697,40,151
433,14.896552,2,2,car,0.4624040722846985,848,482,1078,672,230,190
434,14.931034,1,2,car,0.8992282152175903,1525,395,1846,545,321,150
434,14.931034,3,2,car,0.8398675322532654,1713,384,1919,523,206,139
434,14.931034,23,0,person,0.8125227093696594,772,541,861,708,89,167
434,14.931034,5,0,person,0.8032893538475037,636,567,691,751,55,184
434,14.931034,8,0,person,0.7902290225028992,842,538,935,716,93,178
434,14.931034,22,0,person,0.7530753016471863,1457,446,1536,603,79,157
434,14.931034,14,0,person,0.735037088394165,1101,518,1165,694,64,176
434,14.931034,18,0,person,0.720597505569458,1319,499,1391,661,72,162
434,14.931034,13,0,person,0.7179940342903137,1219,536,1292,705,73,169
434,14.931034,9,0,person,0.7148964405059814,945,560,1003,746,58,186
434,14.931034,15,0,person,0.7045149803161621,1387,485,1444,629,57,144
434,14.931034,31,0,person,0.7008402347564697,1159,512,1209,672,50,160
434,14.931034,24,0,person,0.6950131058692932,1009,518,1070,684,61,166
434,14.931034,26,0,person,0.6825878024101257,1537,456,1595,612,58,156
434,14.931034,29,0,person,0.6579654216766357,1258,487,1305,645,47,158
434,14.931034,32,0,person,0.6228545904159546,1198,545,1238,694,40,149
434,14.931034,2,2,car,0.4128870368003845,846,483,1111,654,265,171
435,14.965517,1,2,car,0.9001336097717285,1524,395,1846,545,322,150
435,14.965517,3,2,car,0.8392662405967712,1714,384,1919,523,205,139
435,14.965517,5,0,person,0.8193188905715942,633,567,694,752,61,185
435,14.965517,23,0,person,0.8093048334121704,770,540,861,710,91,170
435,14.965517,14,0,person,0.7619495391845703,1100,519,1160,696,60,177
435,14.965517,9,0,person,0.760698676109314,939,559,1001,748,62,189
435,14.965517,22,0,person,0.7539772391319275,1456,445,1535,603,79,158
435,14.965517,8,0,person,0.7456439137458801,841,540,929,717,88,177
435,14.965517,18,0,person,0.7251262068748474,1318,498,1385,660,67,162
435,14.965517,31,0,person,0.7232252955436707,1160,513,1205,673,45,160
435,14.965517,13,0,person,0.7112650275230408,1221,535,1287,704,66,169
435,14.965517,15,0,person,0.6907655000686646,1388,485,1440,629,52,144
435,14.965517,32,0,person,0.6830781102180481,1191,543,1235,694,44,151
435,14.965517,29,0,person,0.6806955933570862,1255,487,1303,642,48,155
435,14.965517,24,0,person,0.664578378200531,1013,516,1067,683,54,167
435,14.965517,26,0,person,0.6341203451156616,1537,456,1586,612,49,156
435,14.965517,2,2,car,0.49520838260650635,848,484,1106,646,258,162
436,15.0,1,2,car,0.8982532024383545,1524,395,1846,545,322,150
436,15.0,3,2,car,0.8437576293945312,1713,383,1919,523,206,140
436,15.0,5,0,person,0.8265315294265747,624,567,694,753,70,186
436,15.0,23,0,person,0.8203750252723694,770,539,863,712,93,173
436,15.0,22,0,person,0.7918135523796082,1455,445,1536,603,81,158
436,15.0,9,0,person,0.7766614556312561,932,561,1002,747,70,186
436,15.0,14,0,person,0.7584562301635742,1099,521,1157,696,58,175
436,15.0,8,0,person,0.7344313859939575,842,539,925,717,83,178
436,15.0,31,0,person,0.7302374839782715,1157,512,1203,669,46,157
436,15.0,18,0,person,0.721983015537262,1317,497,1379,660,62,163
436,15.0,24,0,person,0.7000772953033447,1003,516,1062,682,59,166
436,15.0,13,0,person,0.6993246078491211,1219,535,1284,703,65,168
436,15.0,29,0,person,0.6982380151748657,1254,489,1302,643,48,154
436,15.0,32,0,person,0.6836544275283813,1185,543,1235,694,50,151
436,15.0,15,0,person,0.6809043288230896,1387,484,1439,627,52,143
436,15.0,26,0,person,0.6495959758758545,1537,456,1586,614,49,158
436,15.0,2,2,car,0.5184285640716553,847,485,1100,645,253,160
437,15.034483,1,2,car,0.9005400538444519,1524,394,1846,545,322,151
437,15.034483,3,2,car,0.8414106369018555,1712,384,1918,522,206,138
437,15.034483,5,0,person,0.8324324488639832,617,569,695,753,78,184
437,15.034483,23,0,person,0.8309611678123474,767,540,861,710,94,170
437,15.034483,9,0,person,0.7880839705467224,925,563,1001,748,76,185
437,15.034483,22,0,person,0.7717036008834839,1456,446,1535,603,79,157
437,15.034483,8,0,person,0.7634320855140686,844,541,922,716,78,175
437,15.034483,14,0,person,0.7547564506530762,1098,521,1155,695,57,174
437,15.034483,29,0,person,0.7411171197891235,1252,491,1301,643,49,152
437,15.034483,18,0,person,0.7395651340484619,1313,497,1371,658,58,161
437,15.034483,31,0,person,0.735369861125946,1155,513,1201,671,46,158
437,15.034483,24,0,person,0.7130463123321533,1002,516,1063,684,61,168
437,15.034483,32,0,person,0.6908543109893799,1174,542,1232,695,58,153
437,15.034483,13,0,person,0.6540210843086243,1218,534,1280,704,62,170
437,15.034483,26,0,person,0.6507607698440552,1534,457,1587,614,53,157
437,15.034483,15,0,person,0.6445330381393433,1387,484,1435,629,48,145
437,15.034483,2,2,car,0.570687472820282,847,485,1099,642,252,157
438,15.068966,1,2,car,0.9031062722206116,1524,394,1845,545,321,151
438,15.068966,5,0,person,0.8552163243293762,611,570,695,754,84,184
438,15.068966,3,2,car,0.8411316871643066,1715,383,1919,523,204,140
438,15.068966,23,0,person,0.8410863280296326,766,543,864,714,98,171
438,15.068966,9,0,person,0.7921583652496338,919,563,1001,747,82,184
438,15.068966,22,0,person,0.7731525301933289,1456,445,1529,603,73,158
438,15.068966,18,0,person,0.7427147030830383,1313,498,1366,660,53,162
438,15.068966,8,0,person,0.7306343913078308,846,541,913,716,67,175
438,15.068966,29,0,person,0.7196842432022095,1251,490,1298,640,47,150
438,15.068966,31,0,person,0.7019323706626892,1151,512,1198,680,47,168
438,15.068966,14,0,person,0.6898042559623718,1097,522,1152,695,55,173
438,15.068966,26,0,person,0.6876162886619568,1533,458,1586,616,53,158
438,15.068966,24,0,person,0.6779641509056091,1003,517,1064,684,61,167
438,15.068966,32,0,person,0.6632760763168335,1161,546,1237,694,76,148
438,15.068966,15,0,person,0.623077929019928,1384,483,1432,630,48,147
438,15.068966,2,2,car,0.5884111523628235,846,485,1099,641,253,156
438,15.068966,13,0,person,0.5555983781814575,1219,533,1276,705,57,172
439,15.103448,1,2,car,0.8989137411117554,1524,394,1845,545,321,151
439,15.103448,5,0,person,0.8529157638549805,608,573,694,754,86,181
439,15.103448,3,2,car,0.8403579592704773,1713,384,1918,522,205,138
439,15.103448,23,0,person,0.8176484107971191,765,541,860,710,95,169
439,15.103448,9,0,person,0.7908375263214111,918,565,999,747,81,182
439,15.103448,22,0,person,0.752608597278595,1456,444,1527,602,71,158
439,15.103448,24,0,person,0.7355201244354248,997,518,1061,686,64,168
439,15.103448,8,0,person,0.713699996471405,844,541,906,717,62,176
439,15.103448,29,0,person,0.7071545124053955,1250,491,1297,642,47,151
439,15.103448,14,0,person,0.7027639746665955,1095,522,1146,695,51,173
439,15.103448,26,0,person,0.6826462149620056,1530,458,1588,619,58,161
439,15.103448,31,0,person,0.6806647181510925,1150,512,1196,682,46,170
439,15.103448,32,0,person,0.6653680801391602,1159,547,1238,694,79,147
439,15.103448,18,0,person,0.6462563872337341,1308,498,1364,661,56,163
439,15.103448,2,2,car,0.6423706412315369,847,485,1099,641,252,156
439,15.103448,15,0,person,0.6204065084457397,1380,484,1429,627,49,143
439,15.103448,13,0,person,0.5498332381248474,1217,539,1267,705,50,166
440,15.137931,1,2,car,0.8946367502212524,1524,395,1845,545,321,150
440,15.137931,5,0,person,0.8511107563972473,607,575,692,754,85,179
440,15.137931,3,2,car,0.8420576453208923,1711,384,1918,522,207,138
440,15.137931,9,0,person,0.8092625737190247,915,570,999,750,84,180
440,15.137931,23,0,person,0.7980838418006897,765,541,858,709,93,168
440,15.137931,22,0,person,0.7664710283279419,1455,447,1523,603,68,156
440,15.137931,24,0,person,0.7206663489341736,991,520,1061,686,70,166
440,15.137931,29,0,person,0.7126743197441101,1249,491,1296,642,47,151
440,15.137931,32,0,person,0.699276864528656,1158,547,1236,696,78,149
440,15.137931,8,0,person,0.6921414732933044,843,540,897,717,54,177
440,15.137931,14,0,person,0.6856652498245239,1092,522,1142,695,50,173
440,15.137931,18,0,person,0.6826192736625671,1304,498,1363,663,59,165
440,15.137931,26,0,person,0.6793697476387024,1527,458,1584,619,57,161
440,15.137931,31,0,person,0.6501284837722778,1148,512,1194,671,46,159
440,15.137931,2,2,car,0.6392255425453186,849,485,1099,639,250,154
440,15.137931,15,0,person,0.6263723969459534,1379,485,1427,627,48,142
440,15.137931,13,0,person,0.5556700229644775,1216,539,1261,706,45,167
441,15.172414,1,2,car,0.8866299390792847,1523,394,1845,546,322,152
441,15.172414,5,0,person,0.8483486175537109,606,575,686,755,80,180
441,15.172414,3,2,car,0.8370373845100403,1714,383,1919,522,205,139
441,15.172414,9,0,person,0.8061927556991577,912,567,998,751,86,184
441,15.172414,23,0,person,0.7883175015449524,766,540,854,708,88,168
441,15.172414,22,0,person,0.7649679780006409,1452,447,1524,603,72,156
441,15.172414,18,0,person,0.7288584113121033,1308,499,1363,667,55,168
441,15.172414,32,0,person,0.7252889275550842,1154,548,1233,696,79,148
441,15.172414,29,0,person,0.7197794914245605,1248,492,1294,641,46,149
441,15.172414,26,0,person,0.7061545252799988,1522,459,1583,619,61,160
441,15.172414,24,0,person,0.6928297281265259,985,517,1061,687,76,170
441,15.172414,14,0,person,0.6883661150932312,1088,520,1140,696,52,176
441,15.172414,8,0,person,0.6798655390739441,841,536,895,717,54,181
441,15.172414,31,0,person,0.6728833317756653,1144,513,1191,681,47,168
441,15.172414,15,0,person,0.635568380355835,1380,485,1425,630,45,145
441,15.172414,13,0,person,0.6196449995040894,1217,535,1261,704,44,169
441,15.172414,2,2,car,0.5723481178283691,850,484,1099,643,249,159
442,15.206897,1,2,car,0.8828809857368469,1523,394,1845,545,322,151
442,15.206897,3,2,car,0.8389884233474731,1715,383,1919,522,204,139
442,15.206897,5,0,person,0.835804283618927,605,576,685,755,80,179
442,15.206897,9,0,person,0.8139111399650574,912,567,997,751,85,184
442,15.206897,23,0,person,0.8087497353553772,767,539,845,706,78,167
442,15.206897,22,0,person,0.7501572370529175,1451,446,1513,602,62,156
442,15.206897,32,0,person,0.7413409352302551,1154,550,1226,695,72,145
442,15.206897,24,0,person,0.7109004259109497,981,521,1060,687,79,166
442,15.206897,29,0,person,0.7034851908683777,1247,492,1293,640,46,148
442,15.206897,26,0,person,0.699696958065033,1520,460,1581,616,61,156
442,15.206897,18,0,person,0.6990606784820557,1302,498,1361,668,59,170
442,15.206897,8,0,person,0.6872304081916809,839,534,896,718,57,184
442,15.206897,13,0,person,0.686499297618866,1212,536,1259,705,47,169
442,15.206897,31,0,person,0.6766253113746643,1138,513,1189,680,51,167
442,15.206897,15,0,person,0.6552371382713318,1378,484,1424,630,46,146
442,15.206897,14,0,person,0.6400773525238037,1085,521,1139,695,54,174
442,15.206897,2,2,car,0.5881445407867432,852,485,1095,646,243,161
443,15.241379,1,2,car,0.893298864364624,1523,394,1845,544,322,150
443,15.241379,3,2,car,0.8413181900978088,1716,383,1919,522,203,139
443,15.241379,5,0,person,0.8327594995498657,602,576,680,753,78,177
443,15.241379,9,0,person,0.8130595684051514,911,567,998,751,87,184
443,15.241379,23,0,person,0.7856362462043762,766,540,837,706,71,166
443,15.241379,22,0,person,0.7376677989959717,1446,445,1509,602,63,157
443,15.241379,32,0,person,0.7245239615440369,1154,550,1223,696,69,146
443,15.241379,24,0,person,0.7220210433006287,978,524,1060,688,82,164
443,15.241379,18,0,person,0.7179840207099915,1294,498,1361,669,67,171
443,15.241379,26,0,person,0.7034456133842468,1516,459,1578,615,62,156
443,15.241379,8,0,person,0.669319212436676,834,542,895,723,61,181
443,15.241379,13,0,person,0.6680497527122498,1208,536,1257,705,49,169
443,15.241379,29,0,person,0.667009174823761,1246,491,1292,642,46,151
443,15.241379,31,0,person,0.6577774286270142,1134,512,1186,676,52,164
443,15.241379,15,0,person,0.6361180543899536,1375,484,1423,633,48,149
443,15.241379,14,0,person,0.5991223454475403,1083,523,1137,694,54,171
443,15.241379,2,2,car,0.5819041728973389,851,484,1094,656,243,172
444,15.275862,1,2,car,0.8957843780517578,1522,394,1845,544,323,150
444,15.275862,3,2,car,0.8471381068229675,1713,385,1919,523,206,138
444,15.275862,5,0,person,0.8329444527626038,604,577,672,756,68,179
444,15.275862,9,0,person,0.7915725708007812,911,563,995,751,84,188
444,15.275862,23,0,person,0.7873504161834717,766,541,828,706,62,165
444,15.275862,13,0,person,0.7408501505851746,1200,536,1257,705,57,169
444,15.275862,24,0,person,0.7344849705696106,976,526,1059,689,83,163
444,15.275862,22,0,person,0.7147044539451599,1444,445,1507,603,63,158
444,15.275862,18,0,person,0.7126659154891968,1288,499,1356,667,68,168
444,15.275862,8,0,person,0.7092689275741577,831,538,894,726,63,188
444,15.275862,32,0,person,0.7050257325172424,1154,547,1216,696,62,149
444,15.275862,26,0,person,0.7021151781082153,1514,460,1577,617,63,157
444,15.275862,14,0,person,0.6588619351387024,1075,521,1135,694,60,173
444,15.275862,15,0,person,0.6430776119232178,1372,485,1421,633,49,148
444,15.275862,31,0,person,0.6347556114196777,1133,515,1183,674,50,159
444,15.275862,29,0,person,0.6035793423652649,1245,492,1291,645,46,153
444,15.275862,2,2,car,0.5373977422714233,850,484,1086,661,236,177
445,15.310345,1,2,car,0.897881031036377,1522,394,1846,544,324,150
445,15.310345,3,2,car,0.8456062078475952,1716,383,1919,522,203,139
445,15.310345,5,0,person,0.7994369864463806,599,577,670,757,71,180
445,15.310345,9,0,person,0.7798254489898682,910,565,990,751,80,186
445,15.310345,23,0,person,0.7707126140594482,764,541,820,706,56,165
445,15.310345,8,0,person,0.7537140250205994,822,538,894,726,72,188
445,15.310345,18,0,person,0.7463772296905518,1286,499,1354,668,68,169
445,15.310345,24,0,person,0.7452613711357117,976,528,1058,688,82,160
445,15.310345,14,0,person,0.726658284664154,1074,523,1132,694,58,171
445,15.310345,13,0,person,0.716200053691864,1195,536,1255,704,60,168
445,15.310345,26,0,person,0.713596522808075,1510,461,1571,621,61,160
445,15.310345,22,0,person,0.6960765719413757,1442,445,1507,603,65,158
445,15.310345,32,0,person,0.6795331239700317,1154,547,1216,696,62,149
445,15.310345,15,0,person,0.6770185828208923,1362,485,1420,634,58,149
445,15.310345,29,0,person,0.6409610509872437,1243,492,1290,645,47,153
445,15.310345,31,0,person,0.6406582593917847,1130,516,1179,675,49,159
445,15.310345,2,2,car,0.6172533631324768,851,485,1086,649,235,164
446,15.344828,1,2,car,0.8992286324501038,1523,393,1846,544,323,151
446,15.344828,3,2,car,0.8514429926872253,1717,383,1919,522,202,139
446,15.344828,8,0,person,0.7839534282684326,813,539,891,726,78,187
446,15.344828,23,0,person,0.7817251086235046,758,539,813,708,55,169
446,15.344828,5,0,person,0.7769111394882202,595,577,657,757,62,180
446,15.344828,9,0,person,0.7668532133102417,911,569,984,751,73,182
446,15.344828,24,0,person,0.7600769996643066,972,526,1056,687,84,161
446,15.344828,18,0,person,0.7514481544494629,1280,499,1351,669,71,170
446,15.344828,22,0,person,0.7436662316322327,1439,444,1502,605,63,161
446,15.344828,14,0,person,0.7257367372512817,1068,523,1128,697,60,174
446,15.344828,13,0,person,0.7244687676429749,1190,533,1254,705,64,172
446,15.344828,26,0,person,0.7230884432792664,1507,461,1570,621,63,160
446,15.344828,15,0,person,0.7192767262458801,1355,484,1419,634,64,150
446,15.344828,31,0,person,0.68546462059021,1125,514,1179,678,54,164
446,15.344828,29,0,person,0.6399921774864197,1242,491,1289,647,47,156
446,15.344828,32,0,person,0.6357455849647522,1158,545,1207,695,49,150
446,15.344828,2,2,car,0.6131302714347839,851,484,1093,639,242,155
447,15.37931,1,2,car,0.8916990756988525,1522,393,1845,544,323,151
447,15.37931,3,2,car,0.8501699566841125,1717,383,1919,522,202,139
447,15.37931,8,0,person,0.8068652749061584,804,540,887,724,83,184
447,15.37931,9,0,person,0.782709538936615,911,567,978,751,67,184
447,15.37931,15,0,person,0.777295708656311,1352,483,1419,635,67,152
447,15.37931,23,0,person,0.7641206979751587,753,539,807,710,54,171
447,15.37931,18,0,person,0.7630802392959595,1277,500,1348,670,71,170
447,15.37931,5,0,person,0.7613952159881592,592,577,649,756,57,179
447,15.37931,22,0,person,0.7543481588363647,1436,444,1502,606,66,162
447,15.37931,14,0,person,0.7519346475601196,1062,524,1127,697,65,173
447,15.37931,24,0,person,0.7401503324508667,973,528,1054,687,81,159
447,15.37931,26,0,person,0.7329802513122559,1507,463,1567,622,60,159
447,15.37931,31,0,person,0.721916913986206,1122,514,1176,684,54,170
447,15.37931,13,0,person,0.7210796475410461,1186,532,1254,705,68,173
447,15.37931,32,0,person,0.6819057464599609,1155,547,1203,698,48,151
447,15.37931,29,0,person,0.5999658703804016,1242,489,1286,647,44,158
447,15.37931,2,2,car,0.5605540871620178,851,484,1100,640,249,156
448,15.413793,1,2,car,0.8830825090408325,1522,394,1846,542,324,148
448,15.413793,3,2,car,0.8408040404319763,1718,384,1919,522,201,138
448,15.413793,8,0,person,0.8171712756156921,798,541,886,725,88,184
448,15.413793,23,0,person,0.790812075138092,746,539,806,712,60,173
448,15.413793,22,0,person,0.7703855633735657,1438,445,1499,608,61,163
448,15.413793,18,0,person,0.7697865962982178,1278,502,1346,671,68,169
448,15.413793,5,0,person,0.765625,588,576,647,756,59,180
448,15.413793,9,0,person,0.7655666470527649,911,568,975,751,64,183
448,15.413793,14,0,person,0.7634684443473816,1054,526,1126,696,72,170
448,15.413793,15,0,person,0.761869490146637,1347,482,1417,635,70,153
448,15.413793,13,0,person,0.761114776134491,1184,535,1254,704,70,169
448,15.413793,26,0,person,0.7491416931152344,1506,463,1565,622,59,159
448,15.413793,24,0,person,0.7409721612930298,972,525,1050,688,78,163
448,15.413793,31,0,person,0.6796971559524536,1121,516,1171,684,50,168
448,15.413793,29,0,person,0.6718482971191406,1240,491,1284,649,44,158
448,15.413793,32,0,person,0.644856333732605,1156,546,1200,698,44,152
448,15.413793,2,2,car,0.47940677404403687,850,484,1095,631,245,147
449,15.448276,1,2,car,0.8879610300064087,1522,394,1846,542,324,148
449,15.448276,3,2,car,0.8433691263198853,1717,383,1919,522,202,139
449,15.448276,8,0,person,0.8029764890670776,794,542,880,724,86,182
449,15.448276,5,0,person,0.7957100868225098,585,577,639,757,54,180
449,15.448276,13,0,person,0.7829375863075256,1179,537,1255,703,76,166
449,15.448276,22,0,person,0.7759844660758972,1438,446,1499,609,61,163
449,15.448276,23,0,person,0.7732748985290527,741,540,803,716,62,176
449,15.448276,14,0,person,0.7703619003295898,1046,524,1125,696,79,172
449,15.448276,15,0,person,0.7470045685768127,1346,483,1417,634,71,151
449,15.448276,18,0,person,0.7455241680145264,1278,504,1345,670,67,166
449,15.448276,9,0,person,0.7212336659431458,907,569,963,750,56,181
449,15.448276,26,0,person,0.7137611508369446,1504,463,1563,622,59,159
449,15.448276,29,0,person,0.7136209011077881,1238,493,1284,649,46,156
449,15.448276,24,0,person,0.7068715691566467,970,525,1045,688,75,163
449,15.448276,32,0,person,0.6779351830482483,1156,544,1198,698,42,154
449,15.448276,31,0,person,0.6550394296646118,1119,517,1170,676,51,159
449,15.448276,2,2,car,0.4804944097995758,850,484,1115,634,265,150
450,15.482759,1,2,car,0.8818639516830444,1522,394,1846,542,324,148
450,15.482759,3,2,car,0.8455349206924438,1719,384,1919,522,200,138
450,15.482759,23,0,person,0.8205356001853943,735,541,801,715,66,174
450,15.482759,5,0,person,0.8067713379859924,581,577,637,756,56,179
450,15.482759,8,0,person,0.8061136603355408,790,542,878,727,88,185
450,15.482759,14,0,person,0.7962557673454285,1042,525,1124,698,82,173
450,15.482759,13,0,person,0.7924054265022278,1180,538,1255,704,75,166
450,15.482759,22,0,person,0.781345009803772,1435,447,1496,610,61,163
450,15.482759,15,0,person,0.7698480486869812,1346,483,1418,634,72,151
450,15.482759,9,0,person,0.7675589919090271,903,567,955,750,52,183
450,15.482759,26,0,person,0.7473545670509338,1503,464,1558,622,55,158
450,15.482759,18,0,person,0.7401633262634277,1276,503,1345,670,69,167
450,15.482759,29,0,person,0.7332735657691956,1236,493,1282,648,46,155
450,15.482759,24,0,person,0.7032713294029236,966,525,1040,689,74,164
450,15.482759,32,0,person,0.6941642165184021,1152,547,1197,695,45,148
450,15.482759,31,0,person,0.6665823459625244,1117,518,1168,675,51,157
450,15.482759,2,2,car,0.4563260078430176,849,484,1108,631,259,147
451,15.517241,1,2,car,0.8855739235877991,1523,394,1846,542,323,148
451,15.517241,3,2,car,0.84527587890625,1719,384,1919,522,200,138
451,15.517241,14,0,person,0.8285060524940491,1040,525,1125,700,85,175
451,15.517241,8,0,person,0.8167502880096436,786,546,877,729,91,183
451,15.517241,13,0,person,0.8025873303413391,1174,537,1255,704,81,167
451,15.517241,23,0,person,0.8009997010231018,730,543,799,715,69,172
451,15.517241,22,0,person,0.7875804305076599,1433,448,1494,609,61,161
451,15.517241,5,0,person,0.7869631052017212,576,577,637,757,61,180
451,15.517241,9,0,person,0.7834192514419556,899,567,948,751,49,184
451,15.517241,29,0,person,0.7351561188697815,1234,493,1281,646,47,153
451,15.517241,15,0,person,0.7204078435897827,1346,486,1416,633,70,147
451,15.517241,26,0,person,0.7187126278877258,1503,465,1556,622,53,157
451,15.517241,18,0,person,0.7157742977142334,1278,505,1344,671,66,166
451,15.517241,24,0,person,0.7150448560714722,964,524,1035,687,71,163
451,15.517241,32,0,person,0.6764696836471558,1148,547,1195,696,47,149
451,15.517241,31,0,person,0.6657541990280151,1114,515,1163,678,49,163
451,15.517241,2,2,car,0.39098528027534485,849,483,1113,642,264,159
452,15.551724,1,2,car,0.8869885206222534,1523,394,1847,542,324,148
452,15.551724,3,2,car,0.8454500436782837,1719,384,1919,522,200,138
452,15.551724,8,0,person,0.8239697813987732,786,543,877,729,91,186
452,15.551724,23,0,person,0.8233688473701477,723,546,799,713,76,167
452,15.551724,14,0,person,0.8101140856742859,1038,525,1125,700,87,175
452,15.551724,5,0,person,0.7961194515228271,574,578,636,757,62,179
452,15.551724,22,0,person,0.7752987742424011,1432,449,1490,610,58,161
452,15.551724,13,0,person,0.7681431770324707,1168,535,1254,705,86,170
452,15.551724,9,0,person,0.7599164843559265,894,570,944,751,50,181
452,15.551724,26,0,person,0.7103067636489868,1503,464,1553,622,50,158
452,15.551724,24,0,person,0.7101155519485474,964,524,1028,688,64,164
452,15.551724,29,0,person,0.7086194157600403,1232,492,1281,644,49,152
452,15.551724,31,0,person,0.6966865062713623,1113,516,1159,677,46,161
452,15.551724,18,0,person,0.6868816614151001,1278,505,1340,671,62,166
452,15.551724,15,0,person,0.6840927004814148,1345,485,1416,633,71,148
452,15.551724,32,0,person,0.6782563924789429,1143,547,1193,694,50,147
452,15.551724,2,2,car,0.39580607414245605,847,482,1107,651,260,169
453,15.586207,1,2,car,0.8896358609199524,1524,394,1846,542,322,148
453,15.586207,23,0,person,0.851067841053009,720,546,799,713,79,167
453,15.586207,3,2,car,0.8437598347663879,1716,384,1919,522,203,138
453,15.586207,5,0,person,0.8370733261108398,565,579,636,759,71,180
453,15.586207,8,0,person,0.8275468945503235,786,543,874,730,88,187
453,15.586207,14,0,person,0.7914270162582397,1039,526,1125,701,86,175
453,15.586207,22,0,person,0.7859322428703308,1430,450,1488,612,58,162
453,15.586207,13,0,person,0.785809338092804,1177,534,1251,704,74,170
453,15.586207,9,0,person,0.7698410153388977,888,570,943,752,55,182
453,15.586207,26,0,person,0.7296599745750427,1502,464,1551,621,49,157
453,15.586207,29,0,person,0.7225220203399658,1231,493,1280,644,49,151
453,15.586207,15,0,person,0.7081336975097656,1343,487,1415,634,72,147
453,15.586207,18,0,person,0.6982422471046448,1277,507,1336,671,59,164
453,15.586207,31,0,person,0.6636340618133545,1112,517,1155,677,43,160
453,15.586207,32,0,person,0.6625874042510986,1142,545,1191,703,49,158
453,15.586207,24,0,person,0.6525904536247253,964,525,1021,689,57,164
453,15.586207,2,2,car,0.3694841265678406,845,483,1074,652,229,169
454,15.62069,1,2,car,0.8853371143341064,1523,394,1847,542,324,148
454,15.62069,5,0,person,0.8493415117263794,558,580,636,761,78,181
454,15.62069,3,2,car,0.844372034072876,1719,384,1919,522,200,138
454,15.62069,23,0,person,0.835118293762207,717,546,799,715,82,169
454,15.62069,8,0,person,0.8189963698387146,786,544,871,730,85,186
454,15.62069,9,0,person,0.7976922988891602,880,569,942,751,62,182
454,15.62069,14,0,person,0.7879610657691956,1038,527,1125,701,87,174
454,15.62069,13,0,person,0.7867351770401001,1175,533,1251,705,76,172
454,15.62069,22,0,person,0.7784746885299683,1426,450,1488,608,62,158
454,15.62069,26,0,person,0.7221565246582031,1501,463,1548,622,47,159
454,15.62069,29,0,person,0.7198417782783508,1230,494,1279,643,49,149
454,15.62069,32,0,person,0.6990490555763245,1137,546,1188,700,51,154
454,15.62069,18,0,person,0.6947073340415955,1279,506,1331,672,52,166
454,15.62069,15,0,person,0.6904629468917847,1342,487,1412,634,70,147
454,15.62069,31,0,person,0.6059757471084595,1111,516,1155,676,44,160
454,15.62069,24,0,person,0.5578620433807373,964,523,1016,689,52,166
454,15.62069,2,2,car,0.4617951214313507,846,483,1083,651,237,168
455,15.655172,1,2,car,0.884193480014801,1524,394,1847,542,323,148
455,15.655172,5,0,person,0.8604322075843811,551,581,636,763,85,182
455,15.655172,9,0,person,0.8439826965332031,867,569,941,753,74,184
455,15.655172,3,2,car,0.8421837091445923,1719,384,1919,523,200,139
455,15.655172,23,0,person,0.8272021412849426,715,545,797,715,82,170
455,15.655172,14,0,person,0.7903483510017395,1038,526,1120,701,82,175
455,15.655172,8,0,person,0.7819956541061401,786,544,868,730,82,186
455,15.655172,13,0,person,0.7761051654815674,1177,535,1250,705,73,170
455,15.655172,22,0,person,0.7647857666015625,1426,451,1486,615,60,164
455,15.655172,32,0,person,0.7141622304916382,1129,548,1186,699,57,151
455,15.655172,26,0,person,0.7002248167991638,1500,464,1545,622,45,158
455,15.655172,29,0,person,0.6983081102371216,1227,494,1279,643,52,149
455,15.655172,15,0,person,0.6695858836174011,1341,486,1411,634,70,148
455,15.655172,18,0,person,0.6641955375671387,1277,507,1326,672,49,165
455,15.655172,31,0,person,0.6000640988349915,1106,513,1151,673,45,160
455,15.655172,24,0,person,0.5600451827049255,960,523,1015,690,55,167
455,15.655172,2,2,car,0.48351287841796875,845,483,1077,647,232,164
456,15.689655,1,2,car,0.8868715167045593,1524,394,1847,542,323,148
456,15.689655,9,0,person,0.8594914078712463,858,575,941,752,83,177
456,15.689655,5,0,person,0.8524388074874878,547,583,636,765,89,182
456,15.689655,3,2,car,0.8450500965118408,1717,384,1919,523,202,139
456,15.689655,23,0,person,0.8263784646987915,712,546,797,718,85,172
456,15.689655,8,0,person,0.7987076640129089,786,544,859,731,73,187
456,15.689655,14,0,person,0.7823249697685242,1038,527,1121,701,83,174
456,15.689655,22,0,person,0.7812002301216125,1424,450,1487,612,63,162
456,15.689655,13,0,person,0.7715083956718445,1177,534,1250,705,73,171
456,15.689655,26,0,person,0.7043910026550293,1494,463,1544,622,50,159
456,15.689655,29,0,person,0.6985823512077332,1223,494,1278,646,55,152
456,15.689655,32,0,person,0.6947091817855835,1125,547,1184,703,59,156
456,15.689655,24,0,person,0.664548397064209,956,528,1010,694,54,166
456,15.689655,18,0,person,0.662216067314148,1276,506,1322,671,46,165
456,15.689655,15,0,person,0.6503585577011108,1338,486,1408,634,70,148
456,15.689655,2,2,car,0.6007111668586731,846,483,1070,646,224,163
456,15.689655,31,0,person,0.5936720967292786,1102,515,1147,680,45,165
457,15.724138,1,2,car,0.8879704475402832,1525,395,1847,542,322,147
457,15.724138,5,0,person,0.8527204990386963,548,583,635,765,87,182
457,15.724138,9,0,person,0.8430878520011902,850,577,941,753,91,176
457,15.724138,3,2,car,0.8378362655639648,1716,384,1919,523,203,139
457,15.724138,23,0,person,0.8076305389404297,710,545,797,718,87,173
457,15.724138,22,0,person,0.7907367944717407,1423,451,1484,613,61,162
457,15.724138,14,0,person,0.7876143455505371,1038,527,1116,701,78,174
457,15.724138,8,0,person,0.7749204039573669,786,545,853,731,67,186
457,15.724138,13,0,person,0.7738785743713379,1175,532,1247,705,72,173
457,15.724138,29,0,person,0.7219629883766174,1218,496,1276,646,58,150
457,15.724138,15,0,person,0.7098662853240967,1340,487,1404,632,64,145
457,15.724138,26,0,person,0.708038330078125,1492,463,1542,622,50,159
457,15.724138,32,0,person,0.6920215487480164,1120,546,1182,701,62,155
457,15.724138,18,0,person,0.6773279309272766,1274,505,1317,672,43,167
457,15.724138,24,0,person,0.6598716974258423,953,528,1007,694,54,166
457,15.724138,2,2,car,0.5705124735832214,846,483,1066,646,220,163
457,15.724138,31,0,person,0.5595579743385315,1099,516,1144,678,45,162
458,15.758621,1,2,car,0.8864043354988098,1525,395,1847,542,322,147
458,15.758621,5,0,person,0.8564224243164062,547,584,634,766,87,182
458,15.758621,9,0,person,0.8468832969665527,844,576,941,754,97,178
458,15.758621,3,2,car,0.8367461562156677,1717,383,1919,523,202,140
458,15.758621,23,0,person,0.7948106527328491,709,546,790,717,81,171
458,15.758621,13,0,person,0.7783442139625549,1173,532,1246,705,73,173
458,15.758621,22,0,person,0.7667024731636047,1423,452,1481,613,58,161
458,15.758621,14,0,person,0.7642142176628113,1039,528,1112,700,73,172
458,15.758621,8,0,person,0.7484119534492493,785,545,844,730,59,185
458,15.758621,32,0,person,0.7337929010391235,1112,549,1182,699,70,150
458,15.758621,26,0,person,0.7218659520149231,1491,465,1538,623,47,158
458,15.758621,29,0,person,0.721357524394989,1215,495,1275,647,60,152
458,15.758621,15,0,person,0.7081900835037231,1339,487,1401,631,62,144
458,15.758621,24,0,person,0.703515887260437,947,527,1005,696,58,169
458,15.758621,18,0,person,0.6971031427383423,1271,504,1314,670,43,166
458,15.758621,31,0,person,0.5576251149177551,1093,516,1142,679,49,163
458,15.758621,2,2,car,0.4770882725715637,844,484,1066,646,222,162
459,15.793103,1,2,car,0.8849425911903381,1525,395,1847,542,322,147
459,15.793103,9,0,person,0.8671078085899353,843,576,941,755,98,179
459,15.793103,5,0,person,0.8546599745750427,545,584,631,767,86,183
459,15.793103,3,2,car,0.8383890986442566,1718,383,1919,523,201,140
459,15.793103,23,0,person,0.7922403216362,706,545,786,717,80,172
459,15.793103,22,0,person,0.7630512118339539,1423,452,1479,614,56,162
459,15.793103,14,0,person,0.7361325025558472,1039,528,1109,701,70,173
459,15.793103,24,0,person,0.7313241958618164,940,528,1005,696,65,168
459,15.793103,8,0,person,0.7309526205062866,783,546,836,731,53,185
459,15.793103,13,0,person,0.7240840792655945,1173,533,1243,706,70,173
459,15.793103,32,0,person,0.7160365581512451,1115,552,1184,703,69,151
459,15.793103,18,0,person,0.7149431705474854,1268,506,1314,671,46,165
459,15.793103,29,0,person,0.7114121317863464,1214,496,1274,648,60,152
459,15.793103,26,0,person,0.7112716436386108,1486,463,1539,623,53,160
459,15.793103,15,0,person,0.6739680767059326,1339,487,1396,632,57,145
459,15.793103,31,0,person,0.655811071395874,1090,517,1141,676,51,159
459,15.793103,2,2,car,0.46122148633003235,844,483,1065,648,221,165
460,15.827586,1,2,car,0.8899199366569519,1525,395,1847,542,322,147
460,15.827586,9,0,person,0.8705207705497742,840,576,942,756,102,180
460,15.827586,5,0,person,0.8426227569580078,545,584,627,768,82,184
460,15.827586,3,2,car,0.8365173935890198,1716,384,1919,523,203,139
460,15.827586,8,0,person,0.7787210941314697,780,546,831,731,51,185
460,15.827586,23,0,person,0.7634288668632507,707,546,780,718,73,172
460,15.827586,24,0,person,0.7512093782424927,936,529,1005,699,69,170
460,15.827586,32,0,person,0.7488656044006348,1113,553,1182,703,69,150
460,15.827586,22,0,person,0.7431164979934692,1424,453,1476,613,52,160
460,15.827586,29,0,person,0.7348095774650574,1212,496,1273,648,61,152
460,15.827586,26,0,person,0.7192673683166504,1478,463,1537,623,59,160
460,15.827586,14,0,person,0.7089133262634277,1038,528,1100,701,62,173
460,15.827586,18,0,person,0.704566240310669,1265,505,1312,671,47,166
460,15.827586,13,0,person,0.6785032153129578,1173,533,1239,706,66,173
460,15.827586,15,0,person,0.6340515613555908,1336,487,1394,633,58,146
460,15.827586,31,0,person,0.582703709602356,1088,517,1138,680,50,163
460,15.827586,2,2,car,0.4724876582622528,844,483,1066,650,222,167
461,15.862069,1,2,car,0.8878928422927856,1525,395,1847,542,322,147
461,15.862069,9,0,person,0.8654909133911133,839,577,941,756,102,179
461,15.862069,3,2,car,0.8375121355056763,1716,384,1919,523,203,139
461,15.862069,5,0,person,0.8271483182907104,545,585,624,768,79,183
461,15.862069,8,0,person,0.7615275979042053,776,546,827,730,51,184
461,15.862069,24,0,person,0.7494014501571655,933,530,1003,700,70,170
461,15.862069,32,0,person,0.7444633841514587,1112,552,1180,703,68,151
461,15.862069,22,0,person,0.7435370087623596,1424,452,1474,614,50,162
461,15.862069,29,0,person,0.7365886569023132,1212,497,1271,648,59,151
461,15.862069,26,0,person,0.7254655957221985,1472,464,1535,624,63,160
461,15.862069,23,0,person,0.7229300737380981,703,547,775,717,72,170
461,15.862069,13,0,person,0.6996327638626099,1173,538,1236,706,63,168
461,15.862069,14,0,person,0.6912750005722046,1036,530,1092,702,56,172
461,15.862069,18,0,person,0.6910156011581421,1258,506,1310,672,52,166
461,15.862069,15,0,person,0.6520382761955261,1333,486,1390,632,57,146
461,15.862069,31,0,person,0.5466189980506897,1083,518,1133,679,50,161
461,15.862069,2,2,car,0.48493415117263794,844,483,1063,649,219,166
462,15.896552,1,2,car,0.888934850692749,1525,395,1847,542,322,147
462,15.896552,9,0,person,0.8605710864067078,839,577,941,755,102,178
462,15.896552,3,2,car,0.8424162864685059,1717,384,1919,523,202,139
462,15.896552,5,0,person,0.8105586171150208,544,585,619,768,75,183
462,15.896552,26,0,person,0.76906818151474,1468,465,1534,625,66,160
462,15.896552,8,0,person,0.7633645534515381,770,546,825,730,55,184
462,15.896552,24,0,person,0.7511240243911743,930,529,1003,700,73,171
462,15.896552,18,0,person,0.7491251826286316,1247,506,1310,672,63,166
462,15.896552,29,0,person,0.7376350164413452,1210,499,1269,645,59,146
462,15.896552,23,0,person,0.7370572686195374,705,546,758,719,53,173
462,15.896552,22,0,person,0.7354617118835449,1423,452,1473,614,50,162
462,15.896552,32,0,person,0.7328146696090698,1112,551,1179,703,67,152
462,15.896552,15,0,person,0.6991013288497925,1322,486,1388,633,66,147
462,15.896552,13,0,person,0.6767263412475586,1173,538,1232,706,59,168
462,15.896552,14,0,person,0.6661524772644043,1031,530,1084,702,53,172
462,15.896552,31,0,person,0.6071794629096985,1073,514,1132,677,59,163
462,15.896552,2,2,car,0.48561424016952515,845,483,1058,647,213,164
463,15.931034,1,2,car,0.8913317918777466,1524,396,1847,543,323,147
463,15.931034,9,0,person,0.8382667303085327,840,577,938,755,98,178
463,15.931034,3,2,car,0.8326882719993591,1716,384,1919,523,203,139
463,15.931034,5,0,person,0.8216648101806641,541,584,617,768,76,184
463,15.931034,8,0,person,0.8015501499176025,766,545,823,730,57,185
463,15.931034,26,0,person,0.7848131060600281,1465,467,1534,624,69,157
463,15.931034,18,0,person,0.7831419706344604,1242,507,1311,671,69,164
463,15.931034,23,0,person,0.7725476026535034,703,545,756,718,53,173
463,15.931034,24,0,person,0.7470739483833313,930,530,1002,701,72,171
463,15.931034,22,0,person,0.7404797673225403,1421,452,1471,614,50,162
463,15.931034,15,0,person,0.7323804497718811,1327,487,1386,635,59,148
463,15.931034,29,0,person,0.726265013217926,1210,500,1267,647,57,147
463,15.931034,32,0,person,0.7185456156730652,1112,550,1177,703,65,153
463,15.931034,31,0,person,0.6594974994659424,1068,513,1129,679,61,166
463,15.931034,14,0,person,0.6563436388969421,1025,529,1079,707,54,178
463,15.931034,13,0,person,0.6414798498153687,1174,538,1228,706,54,168
463,15.931034,2,2,car,0.48317277431488037,845,483,1079,647,234,164
464,15.965517,1,2,car,0.8924172520637512,1524,396,1847,543,323,147
464,15.965517,9,0,person,0.8533786535263062,838,572,935,756,97,184
464,15.965517,3,2,car,0.8368918299674988,1714,384,1919,523,205,139
464,15.965517,8,0,person,0.8076433539390564,760,548,820,731,60,183
464,15.965517,5,0,person,0.8054279685020447,538,585,614,768,76,183
464,15.965517,18,0,person,0.8001765012741089,1232,509,1310,672,78,163
464,15.965517,26,0,person,0.7950668334960938,1460,467,1532,625,72,158
464,15.965517,23,0,person,0.7910309433937073,700,545,750,720,50,175
464,15.965517,29,0,person,0.7492630481719971,1209,497,1267,648,58,151
464,15.965517,22,0,person,0.748227059841156,1417,452,1468,615,51,163
464,15.965517,24,0,person,0.7222674489021301,930,533,1002,701,72,168
464,15.965517,15,0,person,0.7063309550285339,1329,487,1382,636,53,149
464,15.965517,31,0,person,0.7053114771842957,1064,515,1128,681,64,166
464,15.965517,14,0,person,0.6851739883422852,1023,532,1078,707,55,175
464,15.965517,32,0,person,0.6742350459098816,1112,550,1170,703,58,153
464,15.965517,13,0,person,0.6515805125236511,1173,537,1224,706,51,169
464,15.965517,2,2,car,0.4952482581138611,845,483,1075,651,230,168
465,16.0,1,2,car,0.8924949169158936,1524,396,1847,543,323,147
465,16.0,9,0,person,0.872002363204956,837,570,932,756,95,186
465,16.0,3,2,car,0.8313808441162109,1715,384,1919,523,204,139
465,16.0,8,0,person,0.8129023313522339,750,547,818,732,68,185
465,16.0,26,0,person,0.7984126806259155,1460,466,1532,626,72,160
465,16.0,18,0,person,0.797612726688385,1228,509,1309,672,81,163
465,16.0,5,0,person,0.7826707363128662,535,584,596,769,61,185
465,16.0,23,0,person,0.7808936834335327,697,546,746,718,49,172
465,16.0,29,0,person,0.7395254969596863,1208,498,1264,649,56,151
465,16.0,22,0,person,0.733188271522522,1415,453,1465,615,50,162
465,16.0,15,0,person,0.7127335071563721,1326,489,1382,638,56,149
465,16.0,24,0,person,0.7024756669998169,928,530,1000,702,72,172
465,16.0,13,0,person,0.665432870388031,1171,536,1216,706,45,170
465,16.0,31,0,person,0.6510574221611023,1062,518,1129,684,67,166
465,16.0,14,0,person,0.6277918815612793,1018,532,1079,709,61,177
465,16.0,32,0,person,0.4831656515598297,1110,549,1150,704,40,155
465,16.0,2,2,car,0.4571719467639923,845,483,1074,647,229,164
466,16.034483,1,2,car,0.8949315547943115,1524,395,1847,543,323,148
466,16.034483,9,0,person,0.8571730852127075,837,565,926,756,89,191
466,16.034483,3,2,car,0.8319247364997864,1715,384,1919,523,204,139
466,16.034483,8,0,person,0.8250110745429993,738,549,818,732,80,183
466,16.034483,26,0,person,0.8025904297828674,1459,466,1532,626,73,160
466,16.034483,18,0,person,0.8025799989700317,1226,510,1309,673,83,163
466,16.034483,5,0,person,0.800635814666748,530,584,591,769,61,185
466,16.034483,23,0,person,0.781420886516571,694,545,745,718,51,173
466,16.034483,29,0,person,0.7579385638237,1207,496,1261,647,54,151
466,16.034483,22,0,person,0.74199378490448,1410,453,1464,614,54,161
466,16.034483,31,0,person,0.7148368954658508,1063,518,1123,681,60,163
466,16.034483,24,0,person,0.7063115239143372,927,530,994,702,67,172
466,16.034483,14,0,person,0.6830911040306091,1015,532,1074,709,59,177
466,16.034483,15,0,person,0.6813471913337708,1326,490,1378,637,52,147
466,16.034483,13,0,person,0.6676620841026306,1169,535,1212,706,43,171
466,16.034483,32,0,person,0.6052235960960388,1108,549,1147,704,39,155
466,16.034483,2,2,car,0.38039901852607727,846,484,1056,628,210,144
467,16.068966,1,2,car,0.8915793299674988,1524,395,1847,542,323,147
467,16.068966,8,0,person,0.8405132293701172,725,551,818,732,93,181
467,16.068966,3,2,car,0.831034779548645,1716,384,1919,523,203,139
467,16.068966,9,0,person,0.8254836797714233,838,564,921,755,83,191
467,16.068966,18,0,person,0.8226786851882935,1223,510,1309,673,86,163
467,16.068966,23,0,person,0.8115481734275818,686,546,743,717,57,171
467,16.068966,26,0,person,0.8037394881248474,1457,468,1532,628,75,160
467,16.068966,5,0,person,0.7791922688484192,526,585,586,771,60,186
467,16.068966,29,0,person,0.7679727673530579,1204,494,1259,650,55,156
467,16.068966,22,0,person,0.7521898746490479,1406,453,1461,613,55,160
467,16.068966,14,0,person,0.7321808338165283,1009,531,1072,710,63,179
467,16.068966,15,0,person,0.7190073132514954,1323,491,1377,633,54,142
467,16.068966,24,0,person,0.6951802372932434,923,530,991,702,68,172
467,16.068966,13,0,person,0.6630057692527771,1167,533,1210,706,43,173
467,16.068966,31,0,person,0.6571932435035706,1062,519,1124,681,62,162
467,16.068966,32,0,person,0.615205705165863,1109,550,1147,705,38,155
467,16.068966,2,2,car,0.3504897654056549,846,484,1054,630,208,146
468,16.103448,1,2,car,0.8925583362579346,1524,395,1847,543,323,148
468,16.103448,8,0,person,0.8396747708320618,723,551,818,732,95,181
468,16.103448,3,2,car,0.8340687155723572,1716,384,1919,523,203,139
468,16.103448,18,0,person,0.8281106948852539,1223,508,1309,673,86,165
468,16.103448,23,0,person,0.8250256776809692,675,547,744,720,69,173
468,16.103448,9,0,person,0.8207401037216187,837,565,914,756,77,191
468,16.103448,26,0,person,0.8079040050506592,1457,467,1532,628,75,161
468,16.103448,5,0,person,0.7590436935424805,520,585,577,775,57,190
468,16.103448,14,0,person,0.7540633678436279,1005,532,1072,710,67,178
468,16.103448,22,0,person,0.7417960166931152,1399,454,1461,615,62,161
468,16.103448,29,0,person,0.7394115924835205,1203,494,1257,650,54,156
468,16.103448,15,0,person,0.7079746127128601,1320,491,1376,636,56,145
468,16.103448,13,0,person,0.6947858333587646,1164,534,1209,706,45,172
468,16.103448,24,0,person,0.6642895936965942,921,528,986,701,65,173
468,16.103448,31,0,person,0.6054877042770386,1061,518,1123,680,62,162
468,16.103448,32,0,person,0.5968701243400574,1108,551,1144,704,36,153
468,16.103448,2,2,car,0.3520214259624481,847,484,1054,631,207,147
469,16.137931,1,2,car,0.8931773900985718,1524,396,1847,543,323,147
469,16.137931,3,2,car,0.8342899680137634,1716,384,1919,523,203,139
469,16.137931,23,0,person,0.8278852105140686,663,550,743,727,80,177
469,16.137931,8,0,person,0.8263289332389832,722,551,817,732,95,181
469,16.137931,18,0,person,0.8231704831123352,1222,506,1309,673,87,167
469,16.137931,9,0,person,0.8095322847366333,838,565,907,756,69,191
469,16.137931,26,0,person,0.784360945224762,1457,467,1531,628,74,161
469,16.137931,5,0,person,0.7678093910217285,518,586,577,776,59,190
469,16.137931,14,0,person,0.7670313119888306,1000,535,1072,711,72,176
469,16.137931,13,0,person,0.7490249872207642,1163,535,1209,706,46,171
469,16.137931,22,0,person,0.7453790307044983,1393,455,1459,615,66,160
469,16.137931,29,0,person,0.7393873333930969,1200,493,1254,650,54,157
469,16.137931,15,0,person,0.710537314414978,1317,491,1374,637,57,146
469,16.137931,24,0,person,0.6865309476852417,923,531,981,701,58,170
469,16.137931,32,0,person,0.6303385496139526,1103,549,1143,704,40,155
469,16.137931,31,0,person,0.546122670173645,1057,520,1115,681,58,161
469,16.137931,2,2,car,0.4654093086719513,847,483,1058,643,211,160
470,16.172414,1,2,car,0.8922147154808044,1524,395,1847,543,323,148
470,16.172414,3,2,car,0.8363580703735352,1715,384,1919,523,204,139
470,16.172414,23,0,person,0.8175665140151978,654,550,741,727,87,177
470,16.172414,18,0,person,0.8159317374229431,1222,506,1306,673,84,167
470,16.172414,8,0,person,0.810444176197052,719,552,815,734,96,182
470,16.172414,9,0,person,0.8015350103378296,836,567,901,757,65,190
470,16.172414,5,0,person,0.7784857153892517,514,588,576,775,62,187
470,16.172414,26,0,person,0.7643476724624634,1457,467,1530,628,73,161
470,16.172414,22,0,person,0.7619225978851318,1387,455,1457,615,70,160
470,16.172414,14,0,person,0.741122305393219,998,537,1071,711,73,174
470,16.172414,15,0,person,0.726426362991333,1314,492,1373,639,59,147
470,16.172414,13,0,person,0.7186173796653748,1156,535,1208,706,52,171
470,16.172414,29,0,person,0.7051724791526794,1198,493,1251,649,53,156
470,16.172414,32,0,person,0.6648274660110474,1098,549,1140,704,42,155
470,16.172414,24,0,person,0.6339552998542786,921,529,979,701,58,172
470,16.172414,31,0,person,0.5372685194015503,1058,516,1109,684,51,168
470,16.172414,2,2,car,0.5355949401855469,846,484,1059,665,213,181
471,16.206897,1,2,car,0.8931564092636108,1524,396,1847,543,323,147
471,16.206897,3,2,car,0.8399849534034729,1715,384,1919,523,204,139
471,16.206897,8,0,person,0.8215439915657043,716,552,814,735,98,183
471,16.206897,23,0,person,0.8194884061813354,651,550,741,724,90,174
471,16.206897,18,0,person,0.8098397254943848,1222,510,1302,673,80,163
471,16.206897,5,0,person,0.8008959889411926,512,592,578,778,66,186
471,16.206897,9,0,person,0.7963145971298218,830,566,894,758,64,192
471,16.206897,26,0,person,0.7808659076690674,1457,467,1528,628,71,161
471,16.206897,22,0,person,0.7662193775177002,1384,456,1455,614,71,158
471,16.206897,14,0,person,0.7500246167182922,993,539,1068,711,75,172
471,16.206897,15,0,person,0.74884033203125,1314,493,1373,637,59,144
471,16.206897,29,0,person,0.7192698121070862,1196,493,1249,648,53,155
471,16.206897,13,0,person,0.6959775686264038,1150,535,1208,706,58,171
471,16.206897,32,0,person,0.6863105297088623,1091,550,1139,704,48,154
471,16.206897,24,0,person,0.6641807556152344,918,527,978,701,60,174
471,16.206897,31,0,person,0.5722702145576477,1056,514,1106,686,50,172
471,16.206897,2,2,car,0.5539869666099548,846,484,1063,664,217,180
472,16.241379,1,2,car,0.8934605121612549,1524,396,1847,543,323,147
472,16.241379,3,2,car,0.8395363688468933,1716,384,1919,523,203,139
472,16.241379,8,0,person,0.8257136940956116,715,553,813,735,98,182
472,16.241379,23,0,person,0.8180012106895447,645,549,740,722,95,173
472,16.241379,5,0,person,0.8149294853210449,503,593,577,776,74,183
472,16.241379,26,0,person,0.7944251298904419,1456,468,1525,628,69,160
472,16.241379,9,0,person,0.7909464240074158,824,574,884,760,60,186
472,16.241379,14,0,person,0.7688518166542053,991,540,1067,712,76,172
472,16.241379,22,0,person,0.7651993632316589,1382,456,1454,615,72,159
472,16.241379,32,0,person,0.7635881304740906,1081,551,1139,706,58,155
472,16.241379,18,0,person,0.754301130771637,1221,512,1298,673,77,161
472,16.241379,15,0,person,0.7528388500213623,1313,494,1371,638,58,144
472,16.241379,13,0,person,0.7444049119949341,1142,535,1207,706,65,171
472,16.241379,29,0,person,0.7175889611244202,1194,495,1247,648,53,153
472,16.241379,24,0,person,0.7155758142471313,914,528,974,701,60,173
472,16.241379,2,2,car,0.5868167877197266,846,484,1058,659,212,175
472,16.241379,31,0,person,0.5477374196052551,1055,515,1102,676,47,161
473,16.275862,1,2,car,0.8916170597076416,1524,395,1847,543,323,148
473,16.275862,3,2,car,0.8421776294708252,1716,384,1919,523,203,139
473,16.275862,8,0,person,0.8320507407188416,712,552,813,736,101,184
473,16.275862,23,0,person,0.8257375955581665,648,552,740,723,92,171
473,16.275862,5,0,person,0.8089722394943237,498,591,578,777,80,186
473,16.275862,32,0,person,0.7929809093475342,1074,551,1139,706,65,155
473,16.275862,9,0,person,0.7919257283210754,820,577,880,763,60,186
473,16.275862,26,0,person,0.7911369204521179,1456,468,1522,628,66,160
473,16.275862,22,0,person,0.7767868041992188,1383,457,1453,616,70,159
473,16.275862,13,0,person,0.7720782160758972,1139,535,1207,705,68,170
473,16.275862,15,0,person,0.765944242477417,1312,494,1369,638,57,144
473,16.275862,18,0,person,0.7619552612304688,1221,511,1294,673,73,162
473,16.275862,24,0,person,0.7553752064704895,910,530,978,702,68,172
473,16.275862,14,0,person,0.7550567984580994,991,541,1065,712,74,171
473,16.275862,29,0,person,0.6896041035652161,1193,496,1243,652,50,156
473,16.275862,31,0,person,0.5506262183189392,1050,516,1097,680,47,164
473,16.275862,2,2,car,0.5395187735557556,846,484,1055,661,209,177
474,16.310345,1,2,car,0.8903151154518127,1524,395,1847,543,323,148
474,16.310345,3,2,car,0.845951497554779,1715,383,1919,523,204,140
474,16.310345,8,0,person,0.844670295715332,712,552,812,737,100,185
474,16.310345,5,0,person,0.8312073945999146,495,591,579,779,84,188
474,16.310345,23,0,person,0.8295376896858215,647,553,738,722,91,169
474,16.310345,22,0,person,0.7989470958709717,1382,459,1453,616,71,157
474,16.310345,13,0,person,0.7934567332267761,1136,537,1206,707,70,170
474,16.310345,9,0,person,0.7792391777038574,815,578,879,765,64,187
474,16.310345,32,0,person,0.7763599157333374,1071,552,1138,706,67,154
474,16.310345,26,0,person,0.7746313214302063,1456,468,1519,627,63,159
474,16.310345,15,0,person,0.7575444579124451,1309,494,1369,637,60,143
474,16.310345,14,0,person,0.7564229369163513,993,539,1062,712,69,173
474,16.310345,24,0,person,0.7529447674751282,908,531,976,702,68,171
474,16.310345,18,0,person,0.7504247426986694,1220,511,1288,673,68,162
474,16.310345,29,0,person,0.6652525663375854,1193,495,1239,654,46,159
474,16.310345,2,2,car,0.5849552750587463,846,484,1053,659,207,175
474,16.310345,31,0,person,0.536260724067688,1048,517,1096,680,48,163
475,16.344828,1,2,car,0.8907811641693115,1524,394,1847,543,323,149
475,16.344828,3,2,car,0.8486621975898743,1716,383,1919,522,203,139
475,16.344828,23,0,person,0.8427705764770508,644,554,737,723,93,169
475,16.344828,5,0,person,0.8347159624099731,491,594,577,780,86,186
475,16.344828,8,0,person,0.8138013482093811,713,552,808,736,95,184
475,16.344828,13,0,person,0.8049238324165344,1135,535,1206,706,71,171
475,16.344828,22,0,person,0.7870484590530396,1383,458,1453,617,70,159
475,16.344828,9,0,person,0.7755177021026611,810,578,877,766,67,188
475,16.344828,32,0,person,0.7719718813896179,1069,553,1137,706,68,153
475,16.344828,18,0,person,0.7582709789276123,1220,511,1284,674,64,163
475,16.344828,24,0,person,0.7478012442588806,904,529,973,702,69,173
475,16.344828,15,0,person,0.7353876233100891,1308,493,1362,637,54,144
475,16.344828,14,0,person,0.7334850430488586,990,536,1059,712,69,176
475,16.344828,26,0,person,0.7293577194213867,1456,469,1515,627,59,158
475,16.344828,29,0,person,0.6801359057426453,1192,496,1238,652,46,156
475,16.344828,2,2,car,0.6738937497138977,846,484,1055,658,209,174
475,16.344828,31,0,person,0.542148232460022,1049,518,1094,681,45,163
476,16.37931,1,2,car,0.888189971446991,1524,394,1846,543,322,149
476,16.37931,3,2,car,0.8469482064247131,1716,383,1919,522,203,139
476,16.37931,23,0,person,0.8407486081123352,645,554,735,723,90,169
476,16.37931,5,0,person,0.8169901371002197,489,595,576,780,87,185
476,16.37931,9,0,person,0.814346194267273,807,578,876,765,69,187
476,16.37931,8,0,person,0.8074286580085754,711,552,805,738,94,186
476,16.37931,22,0,person,0.8011056780815125,1382,458,1452,617,70,159
476,16.37931,13,0,person,0.8008996844291687,1133,537,1204,706,71,169
476,16.37931,24,0,person,0.7789757251739502,894,528,964,703,70,175
476,16.37931,32,0,person,0.7510347366333008,1068,554,1137,706,69,152
476,16.37931,18,0,person,0.7358111143112183,1219,511,1277,674,58,163
476,16.37931,26,0,person,0.7204973697662354,1453,468,1510,627,57,159
476,16.37931,15,0,person,0.7194775938987732,1307,494,1362,637,55,143
476,16.37931,14,0,person,0.7138885855674744,992,538,1053,712,61,174
476,16.37931,29,0,person,0.6774248480796814,1190,495,1235,652,45,157
476,16.37931,2,2,car,0.6421065926551819,846,484,1056,659,210,175
476,16.37931,31,0,person,0.5572423338890076,1044,519,1091,681,47,162
477,16.413793,1,2,car,0.8884164690971375,1524,394,1847,543,323,149
477,16.413793,3,2,car,0.8459679484367371,1716,383,1919,522,203,139
477,16.413793,23,0,person,0.835434079170227,645,556,734,724,89,168
477,16.413793,8,0,person,0.8258204460144043,713,552,800,737,87,185
477,16.413793,24,0,person,0.8257231116294861,885,527,961,703,76,176
477,16.413793,9,0,person,0.8253647089004517,800,578,874,764,74,186
477,16.413793,5,0,person,0.81874680519104,493,595,575,781,82,186
477,16.413793,22,0,person,0.8066319823265076,1382,457,1452,617,70,160
477,16.413793,13,0,person,0.8047281503677368,1130,538,1204,706,74,168
477,16.413793,32,0,person,0.7570464611053467,1065,554,1136,707,71,153
477,16.413793,15,0,person,0.7376047372817993,1304,494,1358,637,54,143
477,16.413793,18,0,person,0.7365587949752808,1214,511,1271,675,57,164
477,16.413793,14,0,person,0.7235233783721924,991,538,1051,713,60,175
477,16.413793,26,0,person,0.7013846635818481,1449,467,1507,627,58,160
477,16.413793,2,2,car,0.6907334923744202,846,484,1055,658,209,174
477,16.413793,31,0,person,0.6198790073394775,1042,518,1087,678,45,160
477,16.413793,29,0,person,0.6102491617202759,1188,495,1232,650,44,155
478,16.448276,1,2,car,0.8927680850028992,1524,394,1847,543,323,149
478,16.448276,3,2,car,0.8469516634941101,1717,383,1919,522,202,139
478,16.448276,8,0,person,0.8281048536300659,713,552,796,737,83,185
478,16.448276,9,0,person,0.8276402950286865,798,579,874,763,76,184
478,16.448276,23,0,person,0.8150359988212585,644,553,730,724,86,171
478,16.448276,22,0,person,0.8086441159248352,1382,457,1452,617,70,160
478,16.448276,13,0,person,0.8026878833770752,1130,536,1204,706,74,170
478,16.448276,5,0,person,0.787667989730835,493,597,569,781,76,184
478,16.448276,24,0,person,0.7872657775878906,878,530,962,704,84,174
478,16.448276,32,0,person,0.7510455250740051,1066,552,1134,706,68,154
478,16.448276,15,0,person,0.7366637587547302,1303,494,1355,636,52,142
478,16.448276,26,0,person,0.7049515843391418,1450,467,1506,628,56,161
478,16.448276,18,0,person,0.6928325891494751,1212,511,1264,676,52,165
478,16.448276,14,0,person,0.6850845217704773,991,537,1043,714,52,177
478,16.448276,2,2,car,0.6811098456382751,846,484,1054,657,208,173
478,16.448276,31,0,person,0.6100247502326965,1037,517,1083,679,46,162
478,16.448276,29,0,person,0.562095046043396,1187,496,1229,650,42,154
479,16.482759,1,2,car,0.8904318809509277,1524,394,1847,543,323,149
479,16.482759,3,2,car,0.8449820876121521,1717,383,1919,522,202,139
479,16.482759,23,0,person,0.8258666396141052,643,552,723,724,80,172
479,16.482759,8,0,person,0.8192130923271179,713,551,791,736,78,185
479,16.482759,9,0,person,0.8154470324516296,794,581,874,767,80,186
479,16.482759,22,0,person,0.8059423565864563,1381,456,1451,617,70,161
479,16.482759,5,0,person,0.7906703948974609,490,597,562,781,72,184
479,16.482759,32,0,person,0.7842554450035095,1064,552,1133,707,69,155
479,16.482759,13,0,person,0.780993640422821,1127,533,1203,706,76,173
479,16.482759,24,0,person,0.7746232748031616,871,533,964,703,93,170
479,16.482759,15,0,person,0.7431483268737793,1300,494,1352,636,52,142
479,16.482759,26,0,person,0.7305206656455994,1452,467,1506,631,54,164
479,16.482759,18,0,person,0.6981397867202759,1211,510,1261,679,50,169
479,16.482759,2,2,car,0.6851295828819275,847,484,1051,658,204,174
479,16.482759,14,0,person,0.6501818895339966,988,538,1038,711,50,173
479,16.482759,31,0,person,0.5481383204460144,1034,517,1080,671,46,154
479,16.482759,29,0,person,0.5249007940292358,1186,495,1227,652,41,157
480,16.517241,1,2,car,0.8909491896629333,1523,395,1846,543,323,148
480,16.517241,3,2,car,0.8441082835197449,1715,384,1919,522,204,138
480,16.517241,9,0,person,0.8362100124359131,792,582,874,766,82,184
480,16.517241,23,0,person,0.819048285484314,643,553,719,724,76,171
480,16.517241,8,0,person,0.8074103593826294,714,552,782,737,68,185
480,16.517241,22,0,person,0.8046974539756775,1381,456,1449,617,68,161
480,16.517241,32,0,person,0.7980790138244629,1064,552,1130,707,66,155
480,16.517241,5,0,person,0.7974536418914795,488,595,558,781,70,186
480,16.517241,13,0,person,0.7823027968406677,1127,532,1202,706,75,174
480,16.517241,24,0,person,0.7790719270706177,868,534,959,703,91,169
480,16.517241,15,0,person,0.7488570213317871,1299,494,1350,637,51,143
480,16.517241,26,0,person,0.7332291603088379,1443,467,1505,632,62,165
480,16.517241,18,0,person,0.7208126187324524,1205,512,1259,679,54,167
480,16.517241,2,2,car,0.6936247944831848,847,484,1050,657,203,173
480,16.517241,31,0,person,0.6410298943519592,1029,516,1078,678,49,162
480,16.517241,14,0,person,0.6365744471549988,986,536,1033,714,47,178
480,16.517241,29,0,person,0.45023271441459656,1187,497,1225,649,38,152
481,16.551724,1,2,car,0.8932209014892578,1524,395,1847,543,323,148
481,16.551724,3,2,car,0.8461956977844238,1715,384,1919,522,204,138
481,16.551724,9,0,person,0.8345946073532104,787,579,873,766,86,187
481,16.551724,22,0,person,0.8069126009941101,1380,456,1445,617,65,161
481,16.551724,8,0,person,0.7981581091880798,712,552,774,737,62,185
481,16.551724,24,0,person,0.7975550889968872,867,533,961,703,94,170
481,16.551724,5,0,person,0.789365828037262,486,594,550,782,64,188
481,16.551724,13,0,person,0.7761595249176025,1128,531,1200,706,72,175
481,16.551724,23,0,person,0.7649070620536804,643,552,709,722,66,170
481,16.551724,15,0,person,0.7634009122848511,1296,493,1348,639,52,146
481,16.551724,32,0,person,0.7554229497909546,1063,551,1127,707,64,156
481,16.551724,26,0,person,0.7477843165397644,1438,468,1505,633,67,165
481,16.551724,18,0,person,0.7295750975608826,1200,514,1258,680,58,166
481,16.551724,31,0,person,0.6824340224266052,1025,515,1077,678,52,163
481,16.551724,2,2,car,0.6771084070205688,847,484,1050,657,203,173
481,16.551724,14,0,person,0.6553539037704468,984,538,1032,711,48,173
481,16.551724,29,0,person,0.40257787704467773,1187,498,1225,647,38,149
482,16.586207,1,2,car,0.8943589925765991,1524,395,1847,543,323,148
482,16.586207,9,0,person,0.8519152998924255,786,581,872,769,86,188
482,16.586207,3,2,car,0.8494547009468079,1715,384,1919,522,204,138
482,16.586207,8,0,person,0.8209584951400757,703,551,768,740,65,189
482,16.586207,22,0,person,0.8071182370185852,1379,456,1441,618,62,162
482,16.586207,24,0,person,0.7987754344940186,867,533,957,703,90,170
482,16.586207,13,0,person,0.7796986699104309,1121,532,1197,706,76,174
482,16.586207,5,0,person,0.7750418186187744,483,596,543,781,60,185
482,16.586207,15,0,person,0.7616169452667236,1293,493,1347,638,54,145
482,16.586207,23,0,person,0.7594209909439087,640,552,692,722,52,170
482,16.586207,32,0,person,0.7368625998497009,1064,552,1122,706,58,154
482,16.586207,26,0,person,0.7268339991569519,1432,469,1503,634,71,165
482,16.586207,18,0,person,0.7228471636772156,1201,512,1254,682,53,170
482,16.586207,31,0,person,0.6934623718261719,1023,516,1074,681,51,165
482,16.586207,14,0,person,0.6725949048995972,979,538,1032,711,53,173
482,16.586207,2,2,car,0.6326555013656616,847,485,1048,660,201,175
482,16.586207,29,0,person,0.39518123865127563,1186,499,1224,646,38,147
483,16.62069,1,2,car,0.8949685096740723,1524,395,1847,543,323,148
483,16.62069,9,0,person,0.8536930084228516,786,583,872,769,86,186
483,16.62069,3,2,car,0.8496137857437134,1715,384,1919,522,204,138
483,16.62069,8,0,person,0.8386003971099854,696,552,767,740,71,188
483,16.62069,5,0,person,0.7883034944534302,474,599,536,781,62,182
483,16.62069,13,0,person,0.7874104380607605,1121,531,1195,706,74,175
483,16.62069,24,0,person,0.7858196496963501,864,532,956,704,92,172
483,16.62069,23,0,person,0.7852359414100647,636,553,686,726,50,173
483,16.62069,22,0,person,0.7590858936309814,1376,456,1437,617,61,161
483,16.62069,15,0,person,0.7407511472702026,1292,493,1345,637,53,144
483,16.62069,18,0,person,0.7355444431304932,1196,513,1253,681,57,168
483,16.62069,26,0,person,0.7257118821144104,1432,470,1500,632,68,162
483,16.62069,32,0,person,0.7129765152931213,1064,552,1117,707,53,155
483,16.62069,14,0,person,0.6655265092849731,971,538,1029,710,58,172
483,16.62069,31,0,person,0.6361187100410461,1024,516,1072,677,48,161
483,16.62069,2,2,car,0.5362180471420288,847,484,1047,662,200,178
484,16.655172,1,2,car,0.8940023183822632,1524,395,1847,543,323,148
484,16.655172,3,2,car,0.8480702638626099,1715,384,1919,522,204,138
484,16.655172,9,0,person,0.8421010375022888,786,584,871,768,85,184
484,16.655172,8,0,person,0.8397419452667236,692,552,767,743,75,191
484,16.655172,5,0,person,0.7942604422569275,467,598,529,782,62,184
484,16.655172,23,0,person,0.7883284687995911,629,553,682,727,53,174
484,16.655172,13,0,person,0.7689494490623474,1122,530,1190,706,68,176
484,16.655172,24,0,person,0.7679333090782166,864,536,958,704,94,168
484,16.655172,15,0,person,0.7607187032699585,1287,492,1344,637,57,145
484,16.655172,22,0,person,0.7477170825004578,1374,456,1433,617,59,161
484,16.655172,18,0,person,0.7450617551803589,1192,512,1252,681,60,169
484,16.655172,32,0,person,0.7109618782997131,1062,555,1109,708,47,153
484,16.655172,26,0,person,0.7093517780303955,1430,470,1499,634,69,164
484,16.655172,14,0,person,0.6461759209632874,960,535,1028,712,68,177
484,16.655172,31,0,person,0.6338196396827698,1019,515,1072,674,53,159
484,16.655172,2,2,car,0.4845489263534546,847,482,1093,661,246,179
484,16.655172,29,0,person,0.36157748103141785,1185,498,1222,602,37,104
485,16.689655,1,2,car,0.8948206305503845,1524,395,1847,543,323,148
485,16.689655,8,0,person,0.8372969031333923,687,552,765,743,78,191
485,16.689655,3,2,car,0.8363532423973083,1715,384,1919,523,204,139
485,16.689655,9,0,person,0.8180204033851624,786,584,868,769,82,185
485,16.689655,5,0,person,0.7987949252128601,462,600,527,782,65,182
485,16.689655,23,0,person,0.7849536538124084,626,551,679,729,53,178
485,16.689655,15,0,person,0.7762120366096497,1282,493,1342,638,60,145
485,16.689655,18,0,person,0.7708228230476379,1189,520,1251,681,62,161
485,16.689655,14,0,person,0.7707313299179077,955,534,1027,711,72,177
485,16.689655,24,0,person,0.7574576139450073,866,533,950,705,84,172
485,16.689655,22,0,person,0.7462416291236877,1374,457,1428,617,54,160
485,16.689655,26,0,person,0.7397938370704651,1419,471,1497,635,78,164
485,16.689655,13,0,person,0.7316473126411438,1120,531,1183,705,63,174
485,16.689655,32,0,person,0.7114899158477783,1058,555,1105,708,47,153
485,16.689655,31,0,person,0.6234424710273743,1016,517,1070,665,54,148
485,16.689655,2,2,car,0.47742021083831787,848,482,1107,659,259,177
485,16.689655,29,0,person,0.34874042868614197,1185,499,1228,603,43,104
486,16.724138,1,2,car,0.893676221370697,1524,395,1847,543,323,148
486,16.724138,5,0,person,0.8454941511154175,454,599,525,782,71,183
486,16.724138,3,2,car,0.8341251611709595,1714,384,1919,523,205,139
486,16.724138,8,0,person,0.8162415027618408,679,552,764,748,85,196
486,16.724138,9,0,person,0.8092854022979736,785,584,862,770,77,186
486,16.724138,23,0,person,0.794929027557373,619,552,677,731,58,179
486,16.724138,15,0,person,0.7756904363632202,1275,493,1340,640,65,147
486,16.724138,18,0,person,0.7634794116020203,1182,518,1251,681,69,163
486,16.724138,24,0,person,0.7547881007194519,866,533,947,705,81,172
486,16.724138,14,0,person,0.7544060945510864,946,539,1026,711,80,172
486,16.724138,26,0,person,0.7424067258834839,1417,471,1494,634,77,163
486,16.724138,22,0,person,0.7229911684989929,1371,458,1424,618,53,160
486,16.724138,13,0,person,0.6851832270622253,1120,531,1178,705,58,174
486,16.724138,32,0,person,0.6753222942352295,1054,557,1103,710,49,153
486,16.724138,31,0,person,0.5753725171089172,1013,515,1069,668,56,153
486,16.724138,2,2,car,0.48236793279647827,848,483,1129,664,281,181
486,16.724138,29,0,person,0.3066844642162323,1183,499,1225,600,42,101
487,16.758621,1,2,car,0.895926296710968,1524,396,1847,543,323,147
487,16.758621,5,0,person,0.8464083671569824,448,599,525,782,77,183
487,16.758621,3,2,car,0.8283446431159973,1713,384,1919,523,206,139
487,16.758621,23,0,person,0.8045254945755005,610,554,677,730,67,176
487,16.758621,8,0,person,0.7945220470428467,680,556,761,746,81,190
487,16.758621,15,0,person,0.7897500395774841,1269,492,1339,639,70,147
487,16.758621,9,0,person,0.7844765186309814,786,583,855,771,69,188
487,16.758621,18,0,person,0.7653413414955139,1181,512,1250,682,69,170
487,16.758621,26,0,person,0.765257716178894,1422,473,1493,633,71,160
487,16.758621,22,0,person,0.7646459341049194,1367,458,1423,619,56,161
487,16.758621,14,0,person,0.7421923875808716,943,541,1027,712,84,171
487,16.758621,24,0,person,0.7295188307762146,865,537,940,704,75,167
487,16.758621,13,0,person,0.6673884391784668,1119,531,1171,704,52,173
487,16.758621,32,0,person,0.6398117542266846,1051,557,1099,712,48,155
487,16.758621,2,2,car,0.5394511818885803,849,484,1116,658,267,174
487,16.758621,31,0,person,0.5318370461463928,1010,517,1067,668,57,151
488,16.793103,1,2,car,0.8945623636245728,1524,396,1847,543,323,147
488,16.793103,5,0,person,0.848720133304596,441,602,526,783,85,181
488,16.793103,23,0,person,0.8359695076942444,600,557,678,728,78,171
488,16.793103,3,2,car,0.8252984285354614,1715,384,1919,523,204,139
488,16.793103,8,0,person,0.8190798759460449,670,555,757,743,87,188
488,16.793103,15,0,person,0.7931801080703735,1266,493,1340,640,74,147
488,16.793103,22,0,person,0.7853132486343384,1364,459,1421,620,57,161
488,16.793103,9,0,person,0.7729324698448181,787,584,849,771,62,187
488,16.793103,14,0,person,0.7719791531562805,940,540,1026,714,86,174
488,16.793103,26,0,person,0.7413930892944336,1423,474,1490,635,67,161
488,16.793103,18,0,person,0.7268341779708862,1179,508,1254,685,75,177
488,16.793103,24,0,person,0.7243145704269409,865,539,934,704,69,165
488,16.793103,13,0,person,0.6898596882820129,1117,530,1166,704,49,174
488,16.793103,32,0,person,0.6809922456741333,1047,559,1098,714,51,155
488,16.793103,31,0,person,0.5279266834259033,1009,514,1062,671,53,157
488,16.793103,2,2,car,0.5076566934585571,848,485,1117,651,269,166
489,16.827586,1,2,car,0.8945446014404297,1524,396,1847,543,323,147
489,16.827586,5,0,person,0.8613279461860657,433,602,527,784,94,182
489,16.827586,23,0,person,0.8477992415428162,595,558,677,728,82,170
489,16.827586,3,2,car,0.8251165747642517,1714,384,1919,523,205,139
489,16.827586,8,0,person,0.8211075663566589,666,559,753,743,87,184
489,16.827586,15,0,person,0.7904126048088074,1265,494,1340,641,75,147
489,16.827586,9,0,person,0.7903552651405334,784,584,843,771,59,187
489,16.827586,22,0,person,0.7700291872024536,1357,460,1416,623,59,163
489,16.827586,14,0,person,0.7684515714645386,937,541,1026,715,89,174
489,16.827586,26,0,person,0.7426133751869202,1419,475,1487,637,68,162
489,16.827586,18,0,person,0.7336218357086182,1178,515,1249,684,71,169
489,16.827586,24,0,person,0.7051408290863037,864,540,928,704,64,164
489,16.827586,13,0,person,0.704522967338562,1116,534,1160,703,44,169
489,16.827586,32,0,person,0.6611840724945068,1034,555,1096,714,62,159
489,16.827586,31,0,person,0.5722587704658508,1004,515,1060,677,56,162
489,16.827586,2,2,car,0.5633289217948914,847,485,1113,644,266,159
490,16.862069,1,2,car,0.8924669027328491,1524,396,1847,543,323,147
490,16.862069,5,0,person,0.8629661798477173,431,602,527,785,96,183
490,16.862069,23,0,person,0.8328121900558472,593,559,679,728,86,169
490,16.862069,8,0,person,0.829138994216919,664,559,750,744,86,185
490,16.862069,3,2,car,0.8217277526855469,1711,385,1918,523,207,138
490,16.862069,15,0,person,0.8026660084724426,1265,493,1339,641,74,148
490,16.862069,9,0,person,0.7729271054267883,781,585,834,771,53,186
490,16.862069,14,0,person,0.7722525000572205,939,540,1025,714,86,174
490,16.862069,26,0,person,0.7716999053955078,1415,475,1487,637,72,162
490,16.862069,18,0,person,0.7577962875366211,1177,509,1248,684,71,175
490,16.862069,22,0,person,0.7443426847457886,1356,461,1417,624,61,163
490,16.862069,32,0,person,0.731124758720398,1035,555,1095,716,60,161
490,16.862069,24,0,person,0.7145377993583679,859,535,919,706,60,171
490,16.862069,13,0,person,0.6879690885543823,1114,532,1158,703,44,171
490,16.862069,2,2,car,0.5062682032585144,845,485,1104,640,259,155
490,16.862069,31,0,person,0.5054562091827393,1001,517,1057,678,56,161
491,16.896552,1,2,car,0.8928214311599731,1525,396,1847,543,322,147
491,16.896552,5,0,person,0.8671994805335999,429,603,526,786,97,183
491,16.896552,3,2,car,0.8351976275444031,1713,384,1919,523,206,139
491,16.896552,8,0,person,0.8338263034820557,660,560,748,744,88,184
491,16.896552,23,0,person,0.8217675685882568,591,560,679,729,88,169
491,16.896552,15,0,person,0.8085004687309265,1266,495,1338,641,72,146
491,16.896552,9,0,person,0.8033803701400757,777,585,829,770,52,185
491,16.896552,26,0,person,0.8004794716835022,1417,475,1485,637,68,162
491,16.896552,14,0,person,0.7981830835342407,936,539,1026,716,90,177
491,16.896552,18,0,person,0.7718352675437927,1176,521,1246,684,70,163
491,16.896552,22,0,person,0.7483270168304443,1355,463,1414,622,59,159
491,16.896552,32,0,person,0.7181776762008667,1031,557,1095,715,64,158
491,16.896552,13,0,person,0.7070851922035217,1110,532,1156,702,46,170
491,16.896552,24,0,person,0.6990771293640137,856,536,911,706,55,170
491,16.896552,2,2,car,0.6285345554351807,844,485,1113,639,269,154
491,16.896552,31,0,person,0.522761344909668,998,520,1057,673,59,153
492,16.931034,1,2,car,0.8903812170028687,1524,396,1846,544,322,148
492,16.931034,5,0,person,0.8554302453994751,429,602,525,786,96,184
492,16.931034,8,0,person,0.8387122750282288,659,560,749,746,90,186
492,16.931034,3,2,car,0.8236954212188721,1713,384,1919,524,206,140
492,16.931034,23,0,person,0.8148838877677917,588,559,678,731,90,172
492,16.931034,15,0,person,0.8082836866378784,1265,495,1336,642,71,147
492,16.931034,9,0,person,0.8007957935333252,772,585,822,771,50,186
492,16.931034,14,0,person,0.7969102263450623,937,539,1024,715,87,176
492,16.931034,26,0,person,0.7886877655982971,1409,478,1482,639,73,161
492,16.931034,18,0,person,0.7744073271751404,1177,522,1241,684,64,162
492,16.931034,32,0,person,0.7691299915313721,1027,561,1095,716,68,155
492,16.931034,22,0,person,0.7600172162055969,1352,464,1413,623,61,159
492,16.931034,13,0,person,0.7370166182518005,1102,534,1155,703,53,169
492,16.931034,24,0,person,0.7101000547409058,857,540,903,706,46,166
492,16.931034,2,2,car,0.615093469619751,845,486,1113,640,268,154
492,16.931034,31,0,person,0.5495613217353821,997,520,1047,675,50,155
493,16.965517,1,2,car,0.8911575675010681,1525,396,1847,544,322,148
493,16.965517,8,0,person,0.8588120341300964,657,561,747,749,90,188
493,16.965517,5,0,person,0.837345540523529,430,605,523,789,93,184
493,16.965517,3,2,car,0.8284924626350403,1714,384,1919,524,205,140
493,16.965517,23,0,person,0.809990644454956,589,560,677,732,88,172
493,16.965517,15,0,person,0.8070390820503235,1264,496,1336,642,72,146
493,16.965517,9,0,person,0.8042238354682922,768,585,820,771,52,186
493,16.965517,14,0,person,0.8005228638648987,937,542,1022,718,85,176
493,16.965517,22,0,person,0.7767901420593262,1350,465,1412,624,62,159
493,16.965517,32,0,person,0.7749220728874207,1026,562,1094,718,68,156
493,16.965517,26,0,person,0.773387610912323,1409,477,1480,639,71,162
493,16.965517,13,0,person,0.7375672459602356,1094,534,1153,704,59,170
493,16.965517,24,0,person,0.7162883877754211,855,541,899,708,44,167
493,16.965517,18,0,person,0.6867832541465759,1178,528,1235,683,57,155
493,16.965517,2,2,car,0.6208090782165527,845,485,1113,637,268,152
493,16.965517,31,0,person,0.5586075186729431,991,518,1034,678,43,160
494,17.0,1,2,car,0.8960955739021301,1525,396,1847,545,322,149
494,17.0,8,0,person,0.8498291969299316,656,562,745,750,89,188
494,17.0,3,2,car,0.8324466347694397,1714,384,1919,524,205,140
494,17.0,9,0,person,0.8200667500495911,760,586,820,771,60,185
494,17.0,15,0,person,0.8185561299324036,1264,495,1332,642,68,147
494,17.0,5,0,person,0.8004934787750244,430,603,520,788,90,185
494,17.0,23,0,person,0.7988431453704834,589,561,676,732,87,171
494,17.0,14,0,person,0.7770537734031677,937,539,1020,718,83,179
494,17.0,13,0,person,0.7768685817718506,1092,536,1154,703,62,167
494,17.0,22,0,person,0.7736898064613342,1348,464,1410,623,62,159
494,17.0,32,0,person,0.7670094966888428,1027,563,1092,719,65,156
494,17.0,24,0,person,0.7605374455451965,851,537,898,710,47,173
494,17.0,26,0,person,0.756650447845459,1413,478,1477,640,64,162
494,17.0,18,0,person,0.699700117111206,1176,520,1232,684,56,164
494,17.0,2,2,car,0.6656965017318726,845,485,1108,638,263,153
494,17.0,31,0,person,0.5487244725227356,986,518,1030,679,44,161
495,17.034483,1,2,car,0.8978396058082581,1525,396,1846,545,321,149
495,17.034483,3,2,car,0.8381493091583252,1714,384,1919,524,205,140
495,17.034483,8,0,person,0.83693927526474,656,563,742,750,86,187
495,17.034483,9,0,person,0.8309639692306519,750,587,819,771,69,184
495,17.034483,5,0,person,0.8240290880203247,430,604,512,789,82,185
495,17.034483,23,0,person,0.804189920425415,589,561,668,732,79,171
495,17.034483,13,0,person,0.7915565371513367,1085,533,1155,705,70,172
495,17.034483,15,0,person,0.780516505241394,1262,497,1328,644,66,147
495,17.034483,14,0,person,0.7683482766151428,936,539,1017,717,81,178
495,17.034483,22,0,person,0.7677316665649414,1347,467,1408,623,61,156
495,17.034483,24,0,person,0.7386434674263,845,534,898,711,53,177
495,17.034483,26,0,person,0.7367547750473022,1413,478,1475,641,62,163
495,17.034483,2,2,car,0.7195869088172913,848,486,1105,643,257,157
495,17.034483,32,0,person,0.7150126099586487,1026,564,1089,719,63,155
495,17.034483,18,0,person,0.632371723651886,1176,520,1228,684,52,164
495,17.034483,31,0,person,0.5733641982078552,986,516,1028,679,42,163
496,17.068966,1,2,car,0.8962258100509644,1525,396,1846,545,321,149
496,17.068966,9,0,person,0.84403395652771,745,588,818,771,73,183
496,17.068966,3,2,car,0.8341037631034851,1714,384,1919,524,205,140
496,17.068966,8,0,person,0.826337993144989,656,563,740,750,84,187
496,17.068966,5,0,person,0.8077651262283325,430,604,507,790,77,186
496,17.068966,23,0,person,0.7907474040985107,587,560,663,732,76,172
496,17.068966,13,0,person,0.7846039533615112,1077,535,1156,706,79,171
496,17.068966,15,0,person,0.7671246528625488,1263,495,1324,642,61,147
496,17.068966,14,0,person,0.7655336260795593,937,540,1012,717,75,177
496,17.068966,22,0,person,0.7630277276039124,1348,466,1408,623,60,157
496,17.068966,24,0,person,0.7544384598731995,834,535,897,713,63,178
496,17.068966,26,0,person,0.7538709044456482,1414,477,1473,641,59,164
496,17.068966,32,0,person,0.7033098936080933,1013,563,1086,718,73,155
496,17.068966,2,2,car,0.6989332437515259,848,487,1104,650,256,163
496,17.068966,18,0,person,0.6519801020622253,1174,517,1224,684,50,167
496,17.068966,31,0,person,0.5097820162773132,986,517,1027,684,41,167
497,17.103448,1,2,car,0.8966478705406189,1525,396,1846,545,321,149
497,17.103448,9,0,person,0.8371783494949341,733,588,817,773,84,185
497,17.103448,3,2,car,0.8311999440193176,1714,384,1919,524,205,140
497,17.103448,13,0,person,0.8092581629753113,1074,534,1155,706,81,172
497,17.103448,5,0,person,0.8024571537971497,428,605,501,791,73,186
497,17.103448,8,0,person,0.7981083989143372,654,563,736,749,82,186
497,17.103448,24,0,person,0.7846107482910156,825,537,898,713,73,176
497,17.103448,15,0,person,0.7817912101745605,1261,495,1319,642,58,147
497,17.103448,23,0,person,0.771993100643158,587,561,658,731,71,170
497,17.103448,26,0,person,0.7699896693229675,1415,478,1470,639,55,161
497,17.103448,22,0,person,0.7619044184684753,1344,466,1408,625,64,159
497,17.103448,14,0,person,0.747966468334198,937,541,1008,717,71,176
497,17.103448,32,0,person,0.7252436876296997,1015,563,1084,719,69,156
497,17.103448,18,0,person,0.6803777813911438,1171,512,1222,684,51,172
497,17.103448,2,2,car,0.6394038796424866,848,486,1102,648,254,162
497,17.103448,31,0,person,0.4812489449977875,981,519,1024,682,43,163
498,17.137931,1,2,car,0.8941164612770081,1524,396,1846,545,322,149
498,17.137931,9,0,person,0.8412012457847595,725,589,817,774,92,185
498,17.137931,3,2,car,0.8217414617538452,1714,385,1919,524,205,139
498,17.137931,13,0,person,0.8024887442588806,1074,534,1154,706,80,172
498,17.137931,24,0,person,0.8000109791755676,819,543,897,713,78,170
498,17.137931,26,0,person,0.7802460193634033,1414,477,1468,641,54,164
498,17.137931,5,0,person,0.776618480682373,429,606,494,789,65,183
498,17.137931,15,0,person,0.7726765871047974,1259,495,1316,642,57,147
498,17.137931,8,0,person,0.7485332489013672,655,563,727,751,72,188
498,17.137931,14,0,person,0.747765064239502,937,539,1001,717,64,178
498,17.137931,22,0,person,0.7421785593032837,1345,465,1408,625,63,160
498,17.137931,23,0,person,0.7329535484313965,585,560,634,732,49,172
498,17.137931,18,0,person,0.7247312068939209,1169,511,1220,685,51,174
498,17.137931,32,0,person,0.7038761377334595,1014,566,1080,719,66,153
498,17.137931,2,2,car,0.6775650978088379,849,486,1102,645,253,159
498,17.137931,31,0,person,0.4102455675601959,981,518,1021,678,40,160
499,17.172414,1,2,car,0.8935059905052185,1525,396,1846,545,321,149
499,17.172414,9,0,person,0.8544350862503052,722,590,818,775,96,185
499,17.172414,3,2,car,0.8248452544212341,1715,385,1919,524,204,139
499,17.172414,24,0,person,0.807142436504364,815,545,897,713,82,168
499,17.172414,5,0,person,0.7809730768203735,424,606,491,790,67,184
499,17.172414,26,0,person,0.772519588470459,1414,477,1467,640,53,163
499,17.172414,8,0,person,0.7595813870429993,656,563,710,750,54,187
499,17.172414,13,0,person,0.7569063305854797,1075,535,1153,706,78,171
499,17.172414,15,0,person,0.74018394947052,1258,494,1314,643,56,149
499,17.172414,23,0,person,0.7378416657447815,582,561,631,733,49,172
499,17.172414,14,0,person,0.7360433340072632,935,546,993,717,58,171
499,17.172414,22,0,person,0.721142590045929,1345,465,1404,628,59,163
499,17.172414,2,2,car,0.7129220366477966,852,487,1102,649,250,162
499,17.172414,18,0,person,0.6954169869422913,1165,516,1216,685,51,169
499,17.172414,32,0,person,0.6680560111999512,1024,568,1074,719,50,151
499,17.172414,31,0,person,0.48272401094436646,975,517,1021,678,46,161
500,17.206897,1,2,car,0.892837643623352,1525,395,1846,545,321,150
500,17.206897,9,0,person,0.8693869113922119,721,592,818,777,97,185
500,17.206897,3,2,car,0.8244802951812744,1714,385,1918,523,204,138
500,17.206897,24,0,person,0.8193708062171936,816,544,896,714,80,170
500,17.206897,26,0,person,0.7816503047943115,1413,478,1465,638,52,160
500,17.206897,8,0,person,0.7790980339050293,654,563,703,750,49,187
500,17.206897,23,0,person,0.7646998167037964,578,559,631,733,53,174
500,17.206897,13,0,person,0.7574740648269653,1073,538,1151,706,78,168
500,17.206897,15,0,person,0.7504432797431946,1257,495,1311,642,54,147
500,17.206897,5,0,person,0.7411527037620544,421,606,479,791,58,185
500,17.206897,22,0,person,0.729017972946167,1342,468,1401,627,59,159
500,17.206897,32,0,person,0.7127108573913574,1024,567,1070,720,46,153
500,17.206897,14,0,person,0.6886927485466003,927,542,989,717,62,175
500,17.206897,2,2,car,0.6688699126243591,852,487,1099,649,247,162
500,17.206897,18,0,person,0.6489743590354919,1162,518,1212,685,50,167
500,17.206897,31,0,person,0.5831375122070312,971,519,1018,680,47,161
501,17.241379,1,2,car,0.891566276550293,1525,395,1846,545,321,150
501,17.241379,9,0,person,0.8465696573257446,717,592,816,777,99,185
501,17.241379,3,2,car,0.8217910528182983,1715,385,1919,524,204,139
501,17.241379,24,0,person,0.8188701868057251,813,540,895,714,82,174
501,17.241379,8,0,person,0.7945012450218201,650,562,698,749,48,187
501,17.241379,5,0,person,0.7828125357627869,417,607,466,793,49,186
501,17.241379,23,0,person,0.7730589509010315,575,561,624,734,49,173
501,17.241379,13,0,person,0.7694416046142578,1072,538,1149,706,77,168
501,17.241379,15,0,person,0.7630214095115662,1255,495,1309,644,54,149
501,17.241379,26,0,person,0.7538991570472717,1408,478,1461,639,53,161
501,17.241379,22,0,person,0.7325794696807861,1345,467,1398,628,53,161
501,17.241379,32,0,person,0.7162039875984192,1022,566,1066,718,44,152
501,17.241379,18,0,person,0.680877149105072,1157,520,1211,686,54,166
501,17.241379,14,0,person,0.673607587814331,924,546,981,718,57,172
501,17.241379,31,0,person,0.6632388234138489,971,520,1016,680,45,160
501,17.241379,2,2,car,0.5471864342689514,850,487,1096,651,246,164
502,17.275862,1,2,car,0.8900945782661438,1525,395,1846,545,321,150
502,17.275862,9,0,person,0.8591688871383667,717,593,816,778,99,185
502,17.275862,24,0,person,0.8319085240364075,812,540,893,715,81,175
502,17.275862,3,2,car,0.8252044916152954,1715,384,1919,524,204,140
502,17.275862,5,0,person,0.7759609222412109,413,608,463,796,50,188
502,17.275862,8,0,person,0.7755126357078552,644,564,694,750,50,186
502,17.275862,13,0,person,0.7749478220939636,1072,537,1145,706,73,169
502,17.275862,23,0,person,0.7593659162521362,573,560,622,735,49,175
502,17.275862,15,0,person,0.7537444829940796,1255,495,1308,645,53,150
502,17.275862,32,0,person,0.7443363666534424,1021,566,1064,719,43,153
502,17.275862,22,0,person,0.7389284372329712,1345,466,1393,628,48,162
502,17.275862,26,0,person,0.7388091087341309,1404,478,1459,638,55,160
502,17.275862,18,0,person,0.7223106622695923,1148,520,1209,685,61,165
502,17.275862,14,0,person,0.6812864542007446,922,544,976,719,54,175
502,17.275862,31,0,person,0.6090489625930786,968,518,1015,681,47,163
502,17.275862,2,2,car,0.5857760906219482,850,488,1093,645,243,157
502,17.275862,34,0,person,0.39343589544296265,1184,507,1220,667,36,160
503,17.310345,1,2,car,0.8922297954559326,1525,395,1846,545,321,150
503,17.310345,9,0,person,0.8618188500404358,716,595,815,778,99,183
503,17.310345,24,0,person,0.8312214612960815,811,539,890,715,79,176
503,17.310345,3,2,car,0.8298158645629883,1715,384,1919,524,204,140
503,17.310345,23,0,person,0.7938265204429626,567,560,619,734,52,174
503,17.310345,13,0,person,0.7914837002754211,1070,537,1142,706,72,169
503,17.310345,5,0,person,0.7825281620025635,408,609,463,798,55,189
503,17.310345,26,0,person,0.7811670303344727,1397,479,1456,640,59,161
503,17.310345,8,0,person,0.7760794758796692,638,563,693,751,55,188
503,17.310345,15,0,person,0.7626333832740784,1250,494,1305,647,55,153
503,17.310345,32,0,person,0.7498558759689331,1018,564,1062,720,44,156
503,17.310345,22,0,person,0.7364183664321899,1343,466,1389,628,46,162
503,17.310345,14,0,person,0.7236140966415405,913,548,976,722,63,174
503,17.310345,18,0,person,0.7233688235282898,1141,519,1206,683,65,164
503,17.310345,31,0,person,0.5999270081520081,963,518,1016,683,53,165
503,17.310345,2,2,car,0.5414988398551941,848,487,1086,637,238,150
503,17.310345,34,0,person,0.46245846152305603,1184,509,1218,672,34,163
504,17.344828,1,2,car,0.8906813263893127,1525,396,1846,545,321,149
504,17.344828,9,0,person,0.8642910122871399,714,597,817,778,103,181
504,17.344828,3,2,car,0.8283665776252747,1715,385,1919,524,204,139
504,17.344828,8,0,person,0.8178058862686157,635,564,689,749,54,185
504,17.344828,23,0,person,0.8128942251205444,558,560,618,734,60,174
504,17.344828,5,0,person,0.8102751970291138,396,608,463,799,67,191
504,17.344828,26,0,person,0.8054796457290649,1391,480,1455,641,64,161
504,17.344828,24,0,person,0.7915291786193848,812,539,884,715,72,176
504,17.344828,32,0,person,0.7541287541389465,1012,564,1061,720,49,156
504,17.344828,15,0,person,0.7388786673545837,1250,495,1304,647,54,152
504,17.344828,18,0,person,0.7332838177680969,1139,520,1205,684,66,164
504,17.344828,22,0,person,0.7106096744537354,1339,465,1387,629,48,164
504,17.344828,13,0,person,0.7093513607978821,1069,534,1136,706,67,172
504,17.344828,14,0,person,0.7085626721382141,913,547,975,724,62,177
504,17.344828,2,2,car,0.6198964715003967,849,487,1074,629,225,142
504,17.344828,31,0,person,0.5558314919471741,961,519,1014,682,53,163
504,17.344828,34,0,person,0.4330703914165497,1182,510,1218,669,36,159
505,17.37931,1,2,car,0.8919844627380371,1525,395,1846,545,321,150
505,17.37931,9,0,person,0.8592422008514404,713,597,814,779,101,182
505,17.37931,3,2,car,0.8312276601791382,1714,384,1919,524,205,140
505,17.37931,8,0,person,0.828797459602356,630,566,688,751,58,185
505,17.37931,5,0,person,0.8252174258232117,382,606,464,797,82,191
505,17.37931,26,0,person,0.8222469687461853,1381,480,1453,642,72,162
505,17.37931,23,0,person,0.8115096688270569,544,560,619,735,75,175
505,17.37931,24,0,person,0.767673134803772,808,539,880,715,72,176
505,17.37931,32,0,person,0.7538239359855652,1004,563,1059,719,55,156
505,17.37931,15,0,person,0.7525567412376404,1248,496,1303,646,55,150
505,17.37931,18,0,person,0.7398701906204224,1134,522,1205,684,71,162
505,17.37931,22,0,person,0.7251155376434326,1335,464,1382,628,47,164
505,17.37931,14,0,person,0.7205745577812195,908,545,975,722,67,177
505,17.37931,13,0,person,0.6952248811721802,1069,538,1130,705,61,167
505,17.37931,2,2,car,0.5536563396453857,847,487,1072,630,225,143
505,17.37931,31,0,person,0.5062312483787537,959,520,1013,681,54,161
505,17.37931,34,0,person,0.45500075817108154,1179,508,1217,675,38,167
506,17.413793,1,2,car,0.8945272564888,1525,396,1846,545,321,149
506,17.413793,9,0,person,0.8633171319961548,714,594,808,779,94,185
506,17.413793,5,0,person,0.8493235111236572,373,606,463,796,90,190
506,17.413793,23,0,person,0.8377108573913574,532,562,617,733,85,171
506,17.413793,8,0,person,0.8337863683700562,617,564,687,750,70,186
506,17.413793,3,2,car,0.8308262825012207,1714,384,1919,524,205,140
506,17.413793,26,0,person,0.8214412927627563,1377,481,1452,642,75,161
506,17.413793,24,0,person,0.7742421627044678,810,539,874,715,64,176
506,17.413793,15,0,person,0.7595524191856384,1245,496,1301,646,56,150
506,17.413793,18,0,person,0.753973126411438,1125,521,1206,685,81,164
506,17.413793,22,0,person,0.7351105213165283,1333,464,1381,629,48,165
506,17.413793,14,0,person,0.7244479060173035,902,547,973,725,71,178
506,17.413793,32,0,person,0.704287052154541,995,563,1057,720,62,157
506,17.413793,13,0,person,0.6851629614830017,1068,536,1116,707,48,171
506,17.413793,31,0,person,0.5273804664611816,948,518,1011,680,63,162
506,17.413793,2,2,car,0.501370906829834,847,485,1075,628,228,143
506,17.413793,34,0,person,0.4393872022628784,1178,508,1215,674,37,166
507,17.448276,1,2,car,0.8934129476547241,1525,396,1846,545,321,149
507,17.448276,5,0,person,0.8626648187637329,368,609,462,799,94,190
507,17.448276,9,0,person,0.8539923429489136,716,592,802,779,86,187
507,17.448276,23,0,person,0.8425783514976501,526,563,617,734,91,171
507,17.448276,3,2,car,0.8400029540061951,1713,384,1919,523,206,139
507,17.448276,8,0,person,0.8392672538757324,607,565,687,752,80,187
507,17.448276,26,0,person,0.8222832679748535,1375,481,1452,642,77,161
507,17.448276,24,0,person,0.7795818448066711,802,539,868,714,66,175
507,17.448276,18,0,person,0.7640741467475891,1120,523,1206,685,86,162
507,17.448276,32,0,person,0.7566933035850525,988,568,1056,722,68,154
507,17.448276,15,0,person,0.7563705444335938,1243,495,1300,648,57,153
507,17.448276,22,0,person,0.7413104176521301,1328,465,1378,629,50,164
507,17.448276,14,0,person,0.7241684198379517,897,551,974,724,77,173
507,17.448276,13,0,person,0.6882398128509521,1067,536,1114,706,47,170
507,17.448276,31,0,person,0.505174458026886,949,518,1009,678,60,160
507,17.448276,2,2,car,0.4911794364452362,847,485,1080,632,233,147
507,17.448276,34,0,person,0.459469735622406,1175,509,1216,671,41,162
508,17.482759,1,2,car,0.8928568363189697,1525,395,1846,545,321,150
508,17.482759,8,0,person,0.8710343837738037,591,566,687,752,96,186
508,17.482759,5,0,person,0.8572829365730286,366,611,462,801,96,190
508,17.482759,23,0,person,0.8544502258300781,523,564,618,735,95,171
508,17.482759,9,0,person,0.841011106967926,715,593,796,780,81,187
508,17.482759,3,2,car,0.8308154344558716,1714,385,1919,524,205,139
508,17.482759,26,0,person,0.8287359476089478,1375,481,1452,643,77,162
508,17.482759,32,0,person,0.7843527793884277,982,570,1056,722,74,152
508,17.482759,18,0,person,0.772063136100769,1121,521,1205,686,84,165
508,17.482759,14,0,person,0.7696515321731567,894,548,972,724,78,176
508,17.482759,15,0,person,0.7594378590583801,1241,496,1297,649,56,153
508,17.482759,24,0,person,0.7548373341560364,801,541,860,715,59,174
508,17.482759,22,0,person,0.7307162284851074,1326,464,1378,628,52,164
508,17.482759,13,0,person,0.6434025764465332,1064,533,1107,705,43,172
508,17.482759,2,2,car,0.525963544845581,847,486,1103,642,256,156
508,17.482759,31,0,person,0.5170072317123413,944,519,1009,669,65,150
508,17.482759,34,0,person,0.471510112285614,1173,509,1216,673,43,164
509,17.517241,1,2,car,0.8924596309661865,1524,396,1846,545,322,149
509,17.517241,8,0,person,0.8703030943870544,589,567,688,752,99,185
509,17.517241,23,0,person,0.8653789758682251,522,566,615,736,93,170
509,17.517241,5,0,person,0.8571488261222839,366,612,462,801,96,189
509,17.517241,9,0,person,0.8357911705970764,715,592,789,780,74,188
509,17.517241,3,2,car,0.8336127996444702,1713,384,1919,524,206,140
509,17.517241,26,0,person,0.8298897743225098,1374,481,1452,644,78,163
509,17.517241,32,0,person,0.7933177947998047,980,572,1056,722,76,150
509,17.517241,18,0,person,0.784528374671936,1119,520,1204,687,85,167
509,17.517241,24,0,person,0.7840209007263184,801,540,852,714,51,174
509,17.517241,14,0,person,0.7765288352966309,892,548,970,725,78,177
509,17.517241,15,0,person,0.7467976212501526,1237,497,1294,649,57,152
509,17.517241,22,0,person,0.7327089905738831,1319,465,1375,627,56,162
509,17.517241,13,0,person,0.6140998005867004,1057,536,1104,707,47,171
509,17.517241,31,0,person,0.549638032913208,941,516,1004,680,63,164
509,17.517241,34,0,person,0.5318930149078369,1171,510,1215,674,44,164
509,17.517241,2,2,car,0.49048131704330444,846,486,1106,639,260,153
510,17.551724,1,2,car,0.8908519744873047,1524,396,1847,544,323,148
510,17.551724,8,0,person,0.8732672929763794,586,568,688,751,102,183
510,17.551724,23,0,person,0.8518173098564148,522,567,613,738,91,171
510,17.551724,5,0,person,0.8516430854797363,365,612,457,803,92,191
510,17.551724,3,2,car,0.8317422270774841,1713,384,1919,524,206,140
510,17.551724,9,0,person,0.822085976600647,715,594,783,779,68,185
510,17.551724,26,0,person,0.8191547989845276,1375,481,1453,643,78,162
510,17.551724,32,0,person,0.7864289283752441,981,571,1056,725,75,154
510,17.551724,24,0,person,0.7631794810295105,796,539,847,714,51,175
510,17.551724,14,0,person,0.7611265778541565,892,548,969,725,77,177
510,17.551724,15,0,person,0.7280898690223694,1236,498,1293,648,57,150
510,17.551724,22,0,person,0.7261245250701904,1313,466,1375,627,62,161
510,17.551724,18,0,person,0.6865801811218262,1119,522,1202,688,83,166
510,17.551724,13,0,person,0.6398023962974548,1053,536,1104,708,51,172
510,17.551724,2,2,car,0.514327883720398,847,486,1114,641,267,155
510,17.551724,31,0,person,0.5098375678062439,939,516,1004,678,65,162
510,17.551724,34,0,person,0.5021755695343018,1170,511,1213,677,43,166
511,17.586207,1,2,car,0.8945706486701965,1524,396,1847,545,323,149
511,17.586207,5,0,person,0.8590796589851379,366,613,454,803,88,190
511,17.586207,8,0,person,0.8580450415611267,581,568,688,754,107,186
511,17.586207,23,0,person,0.8509117364883423,519,566,612,737,93,171
511,17.586207,3,2,car,0.8327436447143555,1714,384,1919,524,205,140
511,17.586207,9,0,person,0.8211543560028076,710,594,775,781,65,187
511,17.586207,26,0,person,0.8085092306137085,1375,481,1452,643,77,162
511,17.586207,32,0,person,0.7733913660049438,981,569,1055,726,74,157
511,17.586207,24,0,person,0.7584794759750366,792,540,842,715,50,175
511,17.586207,22,0,person,0.7460438013076782,1304,468,1374,627,70,159
511,17.586207,15,0,person,0.7334827780723572,1236,498,1295,649,59,151
511,17.586207,14,0,person,0.7259775400161743,892,544,968,726,76,182
511,17.586207,2,2,car,0.7045338749885559,845,486,1121,666,276,180
511,17.586207,18,0,person,0.6918341517448425,1119,523,1203,688,84,165
511,17.586207,13,0,person,0.6870551705360413,1050,537,1105,708,55,171
511,17.586207,34,0,person,0.5724177360534668,1166,512,1212,673,46,161
511,17.586207,31,0,person,0.4191949665546417,937,512,990,674,53,162
512,17.62069,1,2,car,0.8907866477966309,1524,396,1847,544,323,148
512,17.62069,8,0,person,0.8576533794403076,582,570,688,755,106,185
512,17.62069,5,0,person,0.8541742563247681,360,613,448,803,88,190
512,17.62069,23,0,person,0.8423452377319336,519,566,609,739,90,173
512,17.62069,3,2,car,0.8309568762779236,1714,384,1919,524,205,140
512,17.62069,26,0,person,0.819326639175415,1374,482,1451,644,77,162
512,17.62069,9,0,person,0.8066960573196411,704,593,768,782,64,189
512,17.62069,22,0,person,0.7775292992591858,1299,469,1374,626,75,157
512,17.62069,24,0,person,0.7755857110023499,789,542,842,715,53,173
512,17.62069,32,0,person,0.7580407857894897,982,570,1054,727,72,157
512,17.62069,15,0,person,0.7243791222572327,1234,498,1291,649,57,151
512,17.62069,13,0,person,0.7172957062721252,1047,537,1103,708,56,171
512,17.62069,14,0,person,0.7137153148651123,892,546,968,726,76,180
512,17.62069,2,2,car,0.6903035044670105,846,486,1121,674,275,188
512,17.62069,34,0,person,0.6467605233192444,1164,512,1211,677,47,165
512,17.62069,18,0,person,0.6345838308334351,1120,524,1197,688,77,164
512,17.62069,31,0,person,0.42856571078300476,936,513,980,668,44,155
513,17.655172,1,2,car,0.8905759453773499,1524,395,1846,545,322,150
513,17.655172,8,0,person,0.8510603308677673,583,570,688,755,105,185
513,17.655172,3,2,car,0.835757315158844,1715,384,1919,524,204,140
513,17.655172,23,0,person,0.824761688709259,518,565,608,740,90,175
513,17.655172,26,0,person,0.8126348257064819,1373,482,1449,643,76,161
513,17.655172,5,0,person,0.807495653629303,361,614,440,803,79,189
513,17.655172,9,0,person,0.803095817565918,700,593,760,783,60,190
513,17.655172,24,0,person,0.8025348782539368,782,544,842,716,60,172
513,17.655172,22,0,person,0.769670307636261,1296,469,1374,626,78,157
513,17.655172,13,0,person,0.7671560049057007,1038,538,1103,707,65,169
513,17.655172,32,0,person,0.7303097248077393,981,571,1054,727,73,156
513,17.655172,2,2,car,0.7243309020996094,846,486,1113,667,267,181
513,17.655172,15,0,person,0.707695484161377,1233,500,1288,648,55,148
513,17.655172,14,0,person,0.7012047171592712,891,550,965,725,74,175
513,17.655172,18,0,person,0.6905112266540527,1120,524,1199,689,79,165
513,17.655172,34,0,person,0.6017462611198425,1163,511,1211,666,48,155
513,17.655172,31,0,person,0.37922167778015137,932,514,971,669,39,155
514,17.689655,1,2,car,0.8925846815109253,1524,395,1846,545,322,150
514,17.689655,8,0,person,0.8526252508163452,582,570,685,756,103,186
514,17.689655,3,2,car,0.8351171612739563,1714,384,1919,524,205,140
514,17.689655,9,0,person,0.8172999620437622,697,593,758,787,61,194
514,17.689655,24,0,person,0.8110085129737854,772,543,841,717,69,174
514,17.689655,23,0,person,0.8098453879356384,519,566,604,740,85,174
514,17.689655,26,0,person,0.8050605058670044,1374,482,1447,644,73,162
514,17.689655,22,0,person,0.7844695448875427,1291,471,1374,626,83,155
514,17.689655,13,0,person,0.7646371722221375,1034,540,1101,708,67,168
514,17.689655,5,0,person,0.7482475638389587,350,614,432,804,82,190
514,17.689655,18,0,person,0.7386572957038879,1120,522,1198,689,78,167
514,17.689655,15,0,person,0.7323213815689087,1233,501,1286,649,53,148
514,17.689655,32,0,person,0.7299243807792664,981,569,1050,727,69,158
514,17.689655,14,0,person,0.7089657187461853,891,546,960,725,69,179
514,17.689655,34,0,person,0.6109068989753723,1161,512,1210,663,49,151
514,17.689655,2,2,car,0.5704671144485474,846,487,1111,671,265,184
514,17.689655,31,0,person,0.4122433364391327,930,515,969,675,39,160
515,17.724138,1,2,car,0.8929651975631714,1524,395,1846,545,322,150
515,17.724138,8,0,person,0.8437479734420776,582,571,682,755,100,184
515,17.724138,3,2,car,0.8376280069351196,1714,384,1919,524,205,140
515,17.724138,9,0,person,0.8267794251441956,691,595,757,788,66,193
515,17.724138,24,0,person,0.8178271055221558,760,542,841,717,81,175
515,17.724138,26,0,person,0.8129119873046875,1373,481,1444,644,71,163
515,17.724138,23,0,person,0.8124813437461853,519,567,600,739,81,172
515,17.724138,22,0,person,0.8028078079223633,1290,470,1374,626,84,156
515,17.724138,5,0,person,0.7801169157028198,342,614,424,804,82,190
515,17.724138,13,0,person,0.7581096887588501,1029,538,1101,708,72,170
515,17.724138,18,0,person,0.742272138595581,1120,524,1195,688,75,164
515,17.724138,15,0,person,0.7294582724571228,1231,501,1283,649,52,148
515,17.724138,14,0,person,0.7125629782676697,891,550,955,726,64,176
515,17.724138,32,0,person,0.6837220788002014,981,569,1048,727,67,158
515,17.724138,34,0,person,0.6535632014274597,1159,513,1212,665,53,152
515,17.724138,2,2,car,0.578830897808075,846,488,1102,678,256,190
515,17.724138,31,0,person,0.5250133275985718,927,515,967,679,40,164
516,17.758621,1,2,car,0.8933209776878357,1524,395,1846,545,322,150
516,17.758621,8,0,person,0.8378175497055054,581,571,680,754,99,183
516,17.758621,3,2,car,0.834461510181427,1715,384,1919,524,204,140
516,17.758621,24,0,person,0.8253629207611084,752,542,841,716,89,174
516,17.758621,9,0,person,0.8172739148139954,688,596,755,789,67,193
516,17.758621,22,0,person,0.8124975562095642,1288,471,1374,626,86,155
516,17.758621,23,0,person,0.8003568053245544,518,566,594,738,76,172
516,17.758621,26,0,person,0.7971987128257751,1372,481,1440,644,68,163
516,17.758621,5,0,person,0.7720412611961365,335,614,413,804,78,190
516,17.758621,13,0,person,0.75592440366745,1022,537,1101,707,79,170
516,17.758621,18,0,person,0.7491316795349121,1118,524,1193,689,75,165
516,17.758621,15,0,person,0.7397212982177734,1228,500,1282,649,54,149
516,17.758621,14,0,person,0.6999853253364563,891,547,950,726,59,179
516,17.758621,34,0,person,0.6565516591072083,1155,514,1211,666,56,152
516,17.758621,32,0,person,0.6152641773223877,982,568,1043,727,61,159
516,17.758621,31,0,person,0.6096340417861938,923,515,965,678,42,163
516,17.758621,2,2,car,0.41159120202064514,845,487,1113,679,268,192
517,17.793103,1,2,car,0.8930244445800781,1524,395,1846,545,322,150
517,17.793103,8,0,person,0.8415970802307129,582,572,674,754,92,182
517,17.793103,3,2,car,0.8324117064476013,1714,385,1919,524,205,139
517,17.793103,24,0,person,0.8322138786315918,751,543,841,717,90,174
517,17.793103,9,0,person,0.824760377407074,681,598,752,789,71,191
517,17.793103,23,0,person,0.8188523650169373,517,566,587,739,70,173
517,17.793103,22,0,person,0.8126477003097534,1289,470,1373,626,84,156
517,17.793103,5,0,person,0.7883086204528809,331,616,405,803,74,187
517,17.793103,26,0,person,0.770361065864563,1373,481,1435,643,62,162
517,17.793103,18,0,person,0.7364938855171204,1118,524,1186,688,68,164
517,17.793103,15,0,person,0.7331454157829285,1227,500,1279,649,52,149
517,17.793103,13,0,person,0.720547080039978,1022,535,1100,711,78,176
517,17.793103,14,0,person,0.6823763251304626,892,538,943,725,51,187
517,17.793103,34,0,person,0.6480742692947388,1151,512,1213,663,62,151
517,17.793103,31,0,person,0.6435292959213257,918,516,964,678,46,162
517,17.793103,32,0,person,0.6142823696136475,981,569,1036,727,55,158
517,17.793103,2,2,car,0.31837812066078186,846,486,1106,671,260,185
518,17.827586,1,2,car,0.8950346112251282,1524,395,1846,545,322,150
518,17.827586,24,0,person,0.8420535922050476,747,544,841,718,94,174
518,17.827586,9,0,person,0.8380202651023865,676,599,753,789,77,190
518,17.827586,3,2,car,0.8342716097831726,1715,384,1919,524,204,140
518,17.827586,8,0,person,0.8307100534439087,582,572,668,754,86,182
518,17.827586,22,0,person,0.810042142868042,1288,469,1373,627,85,158
518,17.827586,5,0,person,0.807969331741333,325,615,400,804,75,189
518,17.827586,23,0,person,0.8076879978179932,518,566,580,739,62,173
518,17.827586,26,0,person,0.7526852488517761,1369,482,1430,643,61,161
518,17.827586,13,0,person,0.7386251091957092,1020,534,1099,707,79,173
518,17.827586,18,0,person,0.7379388213157654,1118,518,1180,688,62,170
518,17.827586,15,0,person,0.6989141702651978,1225,499,1278,649,53,150
518,17.827586,34,0,person,0.6801496148109436,1149,514,1209,666,60,152
518,17.827586,32,0,person,0.6689985394477844,981,571,1034,727,53,156
518,17.827586,31,0,person,0.6516801118850708,916,517,964,682,48,165
518,17.827586,14,0,person,0.6332895755767822,891,532,939,724,48,192
518,17.827586,2,2,car,0.4230031371116638,847,486,1107,668,260,182
519,17.862069,1,2,car,0.895098090171814,1524,395,1846,545,322,150
519,17.862069,8,0,person,0.8436298966407776,582,572,665,755,83,183
519,17.862069,3,2,car,0.836765468120575,1715,384,1919,524,204,140
519,17.862069,9,0,person,0.8362382054328918,672,600,753,789,81,189
519,17.862069,24,0,person,0.8353660702705383,745,544,840,718,95,174
519,17.862069,5,0,person,0.8269882798194885,321,616,399,804,78,188
519,17.862069,22,0,person,0.8209709525108337,1289,468,1372,627,83,159
519,17.862069,23,0,person,0.8008780479431152,513,567,572,738,59,171
519,17.862069,18,0,person,0.7508600950241089,1116,519,1175,688,59,169
519,17.862069,26,0,person,0.742888331413269,1365,482,1427,642,62,160
519,17.862069,15,0,person,0.7307021617889404,1224,500,1275,650,51,150
519,17.862069,13,0,person,0.7231250405311584,1016,538,1099,712,83,174
519,17.862069,34,0,person,0.6865102648735046,1149,514,1207,668,58,154
519,17.862069,14,0,person,0.6121712923049927,888,541,933,724,45,183
519,17.862069,31,0,person,0.6094061136245728,916,513,961,680,45,167
519,17.862069,32,0,person,0.5908239483833313,979,572,1027,728,48,156
519,17.862069,2,2,car,0.4864470362663269,846,487,1106,668,260,181
520,17.896552,1,2,car,0.8936387300491333,1524,395,1846,545,322,150
520,17.896552,9,0,person,0.8441434502601624,668,599,753,791,85,192
520,17.896552,24,0,person,0.8432662487030029,742,544,839,718,97,174
520,17.896552,5,0,person,0.8365231156349182,318,617,399,804,81,187
520,17.896552,3,2,car,0.8268129229545593,1715,384,1919,524,204,140
520,17.896552,22,0,person,0.8223670721054077,1288,469,1370,626,82,157
520,17.896552,8,0,person,0.8204969167709351,583,570,656,755,73,185
520,17.896552,23,0,person,0.7786191701889038,508,566,563,739,55,173
520,17.896552,13,0,person,0.7557508945465088,1014,542,1095,709,81,167
520,17.896552,15,0,person,0.741414487361908,1221,500,1272,651,51,151
520,17.896552,26,0,person,0.7403272986412048,1353,482,1424,644,71,162
520,17.896552,18,0,person,0.698944091796875,1113,520,1167,689,54,169
520,17.896552,32,0,person,0.687720000743866,976,571,1022,730,46,159
520,17.896552,34,0,person,0.6642598509788513,1148,515,1207,666,59,151
520,17.896552,31,0,person,0.5848135948181152,914,515,960,682,46,167
520,17.896552,14,0,person,0.5363427996635437,882,525,928,725,46,200
520,17.896552,2,2,car,0.5021164417266846,846,488,1109,669,263,181
521,17.931034,1,2,car,0.8968212604522705,1524,395,1846,545,322,150
521,17.931034,9,0,person,0.864903450012207,663,600,752,791,89,191
521,17.931034,5,0,person,0.8528127074241638,315,618,399,805,84,187
521,17.931034,24,0,person,0.8404365181922913,743,544,836,718,93,174
521,17.931034,3,2,car,0.833900511264801,1715,384,1919,524,204,140
521,17.931034,22,0,person,0.8309453129768372,1288,468,1368,625,80,157
521,17.931034,8,0,person,0.796477735042572,580,569,649,756,69,187
521,17.931034,23,0,person,0.7839377522468567,503,567,556,744,53,177
521,17.931034,13,0,person,0.782554566860199,1013,541,1091,707,78,166
521,17.931034,15,0,person,0.7537126541137695,1221,500,1271,651,50,151
521,17.931034,26,0,person,0.7377914786338806,1353,481,1422,646,69,165
521,17.931034,32,0,person,0.7304756045341492,969,571,1018,731,49,160
521,17.931034,34,0,person,0.7259610295295715,1146,514,1206,668,60,154
521,17.931034,18,0,person,0.7204217314720154,1113,521,1161,690,48,169
521,17.931034,2,2,car,0.6231381297111511,847,487,1115,653,268,166
521,17.931034,14,0,person,0.6097465753555298,878,534,927,724,49,190
521,17.931034,31,0,person,0.5170974731445312,912,517,959,680,47,163
522,17.965517,1,2,car,0.8965066075325012,1524,396,1846,545,322,149
522,17.965517,5,0,person,0.8733118772506714,312,622,399,806,87,184
522,17.965517,9,0,person,0.8536837100982666,661,602,751,792,90,190
522,17.965517,22,0,person,0.8404484987258911,1288,468,1366,625,78,157
522,17.965517,3,2,car,0.8344851732254028,1714,384,1919,524,205,140
522,17.965517,24,0,person,0.8305814266204834,743,544,832,718,89,174
522,17.965517,8,0,person,0.8054260611534119,574,568,639,758,65,190
522,17.965517,23,0,person,0.7855273485183716,498,567,554,744,56,177
522,17.965517,13,0,person,0.7813401222229004,1013,541,1088,707,75,166
522,17.965517,26,0,person,0.7761954665184021,1352,482,1420,648,68,166
522,17.965517,15,0,person,0.7427111864089966,1216,500,1270,652,54,152
522,17.965517,34,0,person,0.7344998121261597,1142,514,1204,670,62,156
522,17.965517,2,2,car,0.7095937132835388,847,487,1123,658,276,171
522,17.965517,32,0,person,0.7043218016624451,966,571,1017,733,51,162
522,17.965517,14,0,person,0.6821457147598267,873,544,926,724,53,180
522,17.965517,18,0,person,0.6736528873443604,1112,520,1156,690,44,170
522,17.965517,31,0,person,0.42617514729499817,912,529,958,678,46,149
523,18.0,1,2,car,0.8964150547981262,1524,396,1846,545,322,149
523,18.0,5,0,person,0.8726098537445068,304,624,398,809,94,185
523,18.0,9,0,person,0.8476555943489075,662,604,751,792,89,188
523,18.0,3,2,car,0.8341059684753418,1714,384,1919,524,205,140
523,18.0,24,0,person,0.8270759582519531,744,543,829,718,85,175
523,18.0,22,0,person,0.8197603821754456,1288,468,1363,625,75,157
523,18.0,8,0,person,0.8001478314399719,565,568,631,757,66,189
523,18.0,23,0,person,0.7937079668045044,494,567,553,747,59,180
523,18.0,13,0,person,0.7841604351997375,1012,539,1083,707,71,168
523,18.0,26,0,person,0.7600352764129639,1345,482,1419,650,74,168
523,18.0,15,0,person,0.7455736994743347,1210,501,1269,652,59,151
523,18.0,2,2,car,0.7322913408279419,846,487,1117,647,271,160
523,18.0,32,0,person,0.7117824554443359,961,573,1016,733,55,160
523,18.0,34,0,person,0.7048150897026062,1141,514,1203,671,62,157
523,18.0,14,0,person,0.6946951150894165,867,549,926,723,59,174
523,18.0,18,0,person,0.6687917709350586,1105,520,1153,692,48,172
523,18.0,31,0,person,0.43707820773124695,907,526,955,677,48,151
524,18.034483,1,2,car,0.8969221711158752,1524,395,1846,545,322,150
524,18.034483,5,0,person,0.8752691745758057,301,624,398,812,97,188
524,18.034483,9,0,person,0.8557535409927368,660,606,750,792,90,186
524,18.034483,3,2,car,0.826467752456665,1715,384,1919,524,204,140
524,18.034483,8,0,person,0.8081393837928772,558,569,625,760,67,191
524,18.034483,23,0,person,0.7989176511764526,486,570,553,747,67,177
524,18.034483,24,0,person,0.7913551926612854,741,545,822,717,81,172
524,18.034483,22,0,person,0.7807707786560059,1289,469,1360,625,71,156
524,18.034483,15,0,person,0.7499879598617554,1203,502,1266,652,63,150
524,18.034483,13,0,person,0.748752236366272,1011,539,1076,706,65,167
524,18.034483,26,0,person,0.7473317384719849,1336,484,1418,650,82,166
524,18.034483,2,2,car,0.7132285833358765,846,487,1115,650,269,163
524,18.034483,32,0,person,0.705342710018158,960,574,1015,732,55,158
524,18.034483,14,0,person,0.7018248438835144,857,546,925,723,68,177
524,18.034483,18,0,person,0.6703716516494751,1105,523,1152,693,47,170
524,18.034483,34,0,person,0.6668365001678467,1141,514,1199,670,58,156
524,18.034483,31,0,person,0.36639976501464844,904,517,955,677,51,160
525,18.068966,1,2,car,0.8963344097137451,1524,396,1846,545,322,149
525,18.068966,5,0,person,0.8667296171188354,302,625,397,814,95,189
525,18.068966,9,0,person,0.8484374284744263,661,606,748,792,87,186
525,18.068966,3,2,car,0.8301436901092529,1715,384,1919,524,204,140
525,18.068966,23,0,person,0.8270114064216614,477,572,552,747,75,175
525,18.068966,8,0,person,0.7924426198005676,550,569,623,761,73,192
525,18.068966,24,0,person,0.7745994329452515,738,546,814,717,76,171
525,18.068966,22,0,person,0.771713137626648,1290,469,1353,624,63,155
525,18.068966,15,0,person,0.7602485418319702,1202,502,1264,652,62,150
525,18.068966,26,0,person,0.748088538646698,1333,484,1417,646,84,162
525,18.068966,13,0,person,0.7325851321220398,1008,536,1070,707,62,171
525,18.068966,14,0,person,0.7263490557670593,848,542,924,725,76,183
525,18.068966,2,2,car,0.7197974920272827,845,487,1113,649,268,162
525,18.068966,32,0,person,0.6926137208938599,955,577,1012,733,57,156
525,18.068966,18,0,person,0.6662063002586365,1104,520,1151,695,47,175
525,18.068966,34,0,person,0.6433886885643005,1140,513,1197,671,57,158
525,18.068966,31,0,person,0.39755746722221375,899,519,955,677,56,158
526,18.103448,1,2,car,0.8994303941726685,1524,396,1846,545,322,149
526,18.103448,5,0,person,0.8592405915260315,302,625,396,815,94,190
526,18.103448,9,0,person,0.8481297492980957,661,605,740,794,79,189
526,18.103448,3,2,car,0.8245940804481506,1714,384,1919,524,205,140
526,18.103448,23,0,person,0.8119273781776428,472,572,551,746,79,174
526,18.103448,15,0,person,0.7740837931632996,1198,502,1263,652,65,150
526,18.103448,24,0,person,0.7606958150863647,738,542,806,716,68,174
526,18.103448,14,0,person,0.7569475769996643,844,548,925,723,81,175
526,18.103448,22,0,person,0.75661301612854,1288,467,1349,624,61,157
526,18.103448,8,0,person,0.7496685981750488,546,571,622,764,76,193
526,18.103448,13,0,person,0.7494854927062988,1006,540,1060,708,54,168
526,18.103448,26,0,person,0.7473741769790649,1334,485,1415,647,81,162
526,18.103448,32,0,person,0.7425636053085327,948,578,1012,735,64,157
526,18.103448,2,2,car,0.7386907935142517,845,486,1112,643,267,157
526,18.103448,18,0,person,0.7366728186607361,1088,524,1149,694,61,170
526,18.103448,34,0,person,0.6370431184768677,1137,514,1197,671,60,157
526,18.103448,31,0,person,0.3678975999355316,895,516,955,678,60,162
527,18.137931,1,2,car,0.9010812640190125,1524,396,1846,545,322,149
527,18.137931,5,0,person,0.8530887961387634,302,625,395,816,93,191
527,18.137931,9,0,person,0.830052375793457,662,604,737,794,75,190
527,18.137931,3,2,car,0.8256024718284607,1714,384,1919,524,205,140
527,18.137931,23,0,person,0.808374285697937,469,571,553,747,84,176
527,18.137931,32,0,person,0.7818121910095215,947,578,1011,737,64,159
527,18.137931,8,0,person,0.776201605796814,547,571,619,765,72,194
527,18.137931,15,0,person,0.76539146900177,1194,503,1263,651,69,148
527,18.137931,24,0,person,0.7648845911026001,734,543,798,718,64,175
527,18.137931,26,0,person,0.764694333076477,1337,485,1413,650,76,165
527,18.137931,14,0,person,0.7501439452171326,842,548,923,723,81,175
527,18.137931,18,0,person,0.7476697564125061,1081,523,1148,693,67,170
527,18.137931,2,2,car,0.7147913575172424,843,486,1109,644,266,158
527,18.137931,13,0,person,0.7115426659584045,1002,540,1054,707,52,167
527,18.137931,22,0,person,0.6562881469726562,1285,469,1343,625,58,156
527,18.137931,34,0,person,0.6474950313568115,1135,514,1197,672,62,158
527,18.137931,31,0,person,0.38325420022010803,892,522,953,678,61,156
528,18.172414,1,2,car,0.8982614874839783,1524,395,1846,545,322,150
528,18.172414,9,0,person,0.8483809232711792,662,605,731,795,69,190
528,18.172414,5,0,person,0.8461812138557434,301,627,392,817,91,190
528,18.172414,3,2,car,0.8286603093147278,1716,384,1919,524,203,140
528,18.172414,23,0,person,0.8212939500808716,466,571,552,748,86,177
528,18.172414,24,0,person,0.7847261428833008,730,543,790,716,60,173
528,18.172414,8,0,person,0.7830734252929688,544,572,618,763,74,191
528,18.172414,15,0,person,0.7827622890472412,1192,503,1263,653,71,150
528,18.172414,18,0,person,0.7826589345932007,1075,526,1148,692,73,166
528,18.172414,32,0,person,0.7793059349060059,943,579,1009,740,66,161
528,18.172414,26,0,person,0.7682580947875977,1338,485,1412,652,74,167
528,18.172414,14,0,person,0.7631619572639465,839,549,924,723,85,174
528,18.172414,2,2,car,0.6835471987724304,844,487,1108,656,264,169
528,18.172414,13,0,person,0.6806268095970154,999,540,1043,711,44,171
528,18.172414,34,0,person,0.6501849293708801,1134,515,1195,671,61,156
528,18.172414,22,0,person,0.6379410028457642,1284,468,1336,627,52,159
528,18.172414,31,0,person,0.3798043131828308,892,525,951,679,59,154
529,18.206897,1,2,car,0.8983141779899597,1524,395,1846,545,322,150
529,18.206897,5,0,person,0.8391759991645813,300,626,384,817,84,191
529,18.206897,9,0,person,0.8377644419670105,661,605,724,795,63,190
529,18.206897,3,2,car,0.8304072618484497,1715,384,1919,524,204,140
529,18.206897,23,0,person,0.8077895641326904,465,573,551,750,86,177
529,18.206897,24,0,person,0.8032057881355286,727,543,781,718,54,175
529,18.206897,8,0,person,0.8020005226135254,535,572,617,763,82,191
529,18.206897,18,0,person,0.7890797853469849,1068,527,1148,691,80,164
529,18.206897,15,0,person,0.7829656600952148,1195,503,1263,652,68,149
529,18.206897,26,0,person,0.7816281914710999,1339,486,1410,651,71,165
529,18.206897,14,0,person,0.7723988890647888,837,549,923,725,86,176
529,18.206897,32,0,person,0.7653334736824036,946,582,1010,740,64,158
529,18.206897,22,0,person,0.7037326097488403,1282,470,1332,626,50,156
529,18.206897,13,0,person,0.6814252138137817,995,541,1037,709,42,168
529,18.206897,2,2,car,0.6578493714332581,844,486,1107,657,263,171
529,18.206897,34,0,person,0.6576277613639832,1131,513,1189,673,58,160
530,18.241379,1,2,car,0.8951619863510132,1524,396,1846,545,322,149
530,18.241379,9,0,person,0.8267886638641357,658,605,718,795,60,190
530,18.241379,5,0,person,0.8216785192489624,297,626,376,817,79,191
530,18.241379,3,2,car,0.8191483020782471,1716,384,1919,524,203,140
530,18.241379,23,0,person,0.8107849955558777,465,573,550,750,85,177
530,18.241379,8,0,person,0.8097808957099915,531,574,617,761,86,187
530,18.241379,15,0,person,0.798438549041748,1193,502,1262,652,69,150
530,18.241379,18,0,person,0.7967987656593323,1064,523,1148,692,84,169
530,18.241379,26,0,person,0.7938724160194397,1341,486,1411,653,70,167
530,18.241379,14,0,person,0.7874075770378113,837,550,922,725,85,175
530,18.241379,24,0,person,0.7859020829200745,724,543,775,720,51,177
530,18.241379,32,0,person,0.7506741285324097,946,580,1005,739,59,159
530,18.241379,22,0,person,0.6997633576393127,1281,468,1331,629,50,161
530,18.241379,34,0,person,0.6971131563186646,1130,515,1183,678,53,163
530,18.241379,13,0,person,0.6488473415374756,992,540,1036,709,44,169
530,18.241379,2,2,car,0.6240794062614441,841,486,1100,661,259,175
531,18.275862,1,2,car,0.89768385887146,1524,396,1846,545,322,149
531,18.275862,5,0,person,0.8296135067939758,296,626,369,816,73,190
531,18.275862,23,0,person,0.8220471143722534,465,573,546,750,81,177
531,18.275862,3,2,car,0.8214552998542786,1716,384,1919,524,203,140
531,18.275862,8,0,person,0.8189520239830017,526,575,617,762,91,187
531,18.275862,9,0,person,0.8103814721107483,653,605,710,794,57,189
531,18.275862,26,0,person,0.7998217344284058,1342,487,1408,652,66,165
531,18.275862,18,0,person,0.7954320907592773,1062,523,1148,692,86,169
531,18.275862,24,0,person,0.7903186678886414,717,544,775,720,58,176
531,18.275862,14,0,person,0.7855859994888306,835,551,922,725,87,174
531,18.275862,15,0,person,0.773369550704956,1192,501,1260,653,68,152
531,18.275862,32,0,person,0.7383100986480713,946,581,1000,740,54,159
531,18.275862,34,0,person,0.6997538208961487,1128,515,1180,678,52,163
531,18.275862,13,0,person,0.665257453918457,989,539,1035,709,46,170
531,18.275862,22,0,person,0.6600660681724548,1273,468,1328,629,55,161
531,18.275862,2,2,car,0.5293070673942566,842,485,1100,652,258,167
532,18.310345,1,2,car,0.8985000848770142,1524,396,1846,545,322,149
532,18.310345,8,0,person,0.8371438980102539,518,576,618,764,100,188
532,18.310345,23,0,person,0.8274375200271606,464,573,543,749,79,176
532,18.310345,3,2,car,0.8235333561897278,1716,384,1919,524,203,140
532,18.310345,5,0,person,0.809684693813324,292,626,363,817,71,191
532,18.310345,18,0,person,0.8037782907485962,1061,524,1150,692,89,168
532,18.310345,9,0,person,0.8031114935874939,648,607,703,795,55,188
532,18.310345,14,0,person,0.8028851747512817,834,550,922,725,88,175
532,18.310345,26,0,person,0.7846097350120544,1342,487,1406,653,64,166
532,18.310345,24,0,person,0.7819133996963501,710,545,775,722,65,177
532,18.310345,15,0,person,0.7797960638999939,1192,502,1260,653,68,151
532,18.310345,32,0,person,0.7081321477890015,947,580,996,740,49,160
532,18.310345,13,0,person,0.6996812224388123,985,542,1034,707,49,165
532,18.310345,34,0,person,0.6688709855079651,1128,516,1179,673,51,157
532,18.310345,22,0,person,0.6591523885726929,1272,467,1325,630,53,163
532,18.310345,2,2,car,0.5167712569236755,841,485,1099,651,258,166
533,18.344828,1,2,car,0.8984318375587463,1524,396,1846,545,322,149
533,18.344828,3,2,car,0.8238067030906677,1716,384,1919,524,203,140
533,18.344828,9,0,person,0.8207836151123047,644,607,694,795,50,188
533,18.344828,23,0,person,0.8196846842765808,463,574,540,749,77,175
533,18.344828,14,0,person,0.8176655769348145,834,550,921,725,87,175
533,18.344828,8,0,person,0.8132380843162537,518,577,617,765,99,188
533,18.344828,24,0,person,0.7959051728248596,700,546,775,727,75,181
533,18.344828,5,0,person,0.7941142320632935,287,626,351,816,64,190
533,18.344828,26,0,person,0.77472323179245,1342,487,1406,653,64,166
533,18.344828,18,0,person,0.7746879458427429,1059,525,1149,692,90,167
533,18.344828,15,0,person,0.7703765630722046,1190,502,1257,653,67,151
533,18.344828,22,0,person,0.7280302047729492,1271,469,1324,630,53,161
533,18.344828,13,0,person,0.7140673995018005,979,543,1035,708,56,165
533,18.344828,32,0,person,0.6672415137290955,945,581,990,740,45,159
533,18.344828,34,0,person,0.6343002319335938,1127,518,1177,672,50,154
533,18.344828,2,2,car,0.46322062611579895,842,485,1101,646,259,161
534,18.37931,1,2,car,0.8999659419059753,1524,396,1846,545,322,149
534,18.37931,3,2,car,0.8307881951332092,1713,384,1919,524,206,140
534,18.37931,14,0,person,0.822927713394165,833,550,919,724,86,174
534,18.37931,8,0,person,0.8201462626457214,517,576,617,764,100,188
534,18.37931,23,0,person,0.8132301568984985,461,575,534,750,73,175
534,18.37931,24,0,person,0.8132097125053406,692,547,775,726,83,179
534,18.37931,9,0,person,0.8115465641021729,639,606,693,795,54,189
534,18.37931,22,0,person,0.7844057679176331,1267,470,1323,630,56,160
534,18.37931,5,0,person,0.7840868234634399,281,624,341,816,60,192
534,18.37931,26,0,person,0.7808593511581421,1342,487,1405,653,63,166
534,18.37931,18,0,person,0.7743241190910339,1058,527,1147,694,89,167
534,18.37931,15,0,person,0.7730007767677307,1188,502,1255,653,67,151
534,18.37931,32,0,person,0.7034895420074463,940,580,984,740,44,160
534,18.37931,13,0,person,0.6893503665924072,968,543,1035,708,67,165
534,18.37931,34,0,person,0.6082339286804199,1122,517,1176,671,54,154
534,18.37931,2,2,car,0.37046533823013306,843,484,1102,647,259,163
535,18.413793,1,2,car,0.900385320186615,1524,396,1846,545,322,149
535,18.413793,9,0,person,0.8344132304191589,634,604,693,794,59,190
535,18.413793,8,0,person,0.8325670957565308,518,576,615,766,97,190
535,18.413793,3,2,car,0.827660083770752,1714,384,1919,524,205,140
535,18.413793,24,0,person,0.8216109275817871,687,546,775,724,88,178
535,18.413793,14,0,person,0.804793655872345,834,550,918,725,84,175
535,18.413793,23,0,person,0.8038274049758911,459,575,528,750,69,175
535,18.413793,5,0,person,0.7779402136802673,276,625,335,820,59,195
535,18.413793,18,0,person,0.7685941457748413,1058,527,1140,694,82,167
535,18.413793,22,0,person,0.7668294906616211,1262,470,1323,628,61,158
535,18.413793,15,0,person,0.7656828165054321,1186,502,1252,653,66,151
535,18.413793,26,0,person,0.7530239224433899,1342,487,1399,653,57,166
535,18.413793,32,0,person,0.6985843777656555,940,582,983,740,43,158
535,18.413793,13,0,person,0.6789432168006897,966,545,1035,708,69,163
535,18.413793,34,0,person,0.6119509935379028,1117,520,1175,670,58,150
535,18.413793,2,2,car,0.2794485092163086,844,485,1102,642,258,157
536,18.448276,1,2,car,0.9023054242134094,1524,396,1846,545,322,149
536,18.448276,9,0,person,0.8394079208374023,626,609,692,794,66,185
536,18.448276,8,0,person,0.831646740436554,517,576,611,766,94,190
536,18.448276,3,2,car,0.8313001394271851,1714,384,1919,524,205,140
536,18.448276,24,0,person,0.8096190094947815,686,546,774,725,88,179
536,18.448276,5,0,person,0.8095062375068665,269,627,335,824,66,197
536,18.448276,14,0,person,0.7608885765075684,834,537,914,725,80,188
536,18.448276,22,0,person,0.7547963857650757,1259,469,1319,629,60,160
536,18.448276,26,0,person,0.7520020604133606,1341,488,1396,652,55,164
536,18.448276,23,0,person,0.7420035004615784,457,575,518,748,61,173
536,18.448276,15,0,person,0.7388389706611633,1183,501,1246,654,63,153
536,18.448276,13,0,person,0.7209392189979553,965,540,1035,710,70,170
536,18.448276,18,0,person,0.7193959355354309,1057,527,1136,694,79,167
536,18.448276,32,0,person,0.6821563839912415,936,583,980,740,44,157
536,18.448276,34,0,person,0.5353477597236633,1118,520,1173,674,55,154
536,18.448276,2,2,car,0.26413556933403015,846,485,1143,653,297,168
537,18.482759,1,2,car,0.9021161198616028,1524,396,1846,545,322,149
537,18.482759,3,2,car,0.8318242430686951,1714,384,1919,524,205,140
537,18.482759,8,0,person,0.827411413192749,517,576,611,765,94,189
537,18.482759,24,0,person,0.8157079219818115,684,549,772,724,88,175
537,18.482759,9,0,person,0.8037614226341248,613,607,692,797,79,190
537,18.482759,5,0,person,0.7975485324859619,263,627,334,822,71,195
537,18.482759,23,0,person,0.7738575339317322,456,573,511,750,55,177
537,18.482759,22,0,person,0.7625135183334351,1256,471,1319,629,63,158
537,18.482759,18,0,person,0.7476463913917542,1057,527,1136,694,79,167
537,18.482759,14,0,person,0.7411384582519531,832,538,911,725,79,187
537,18.482759,13,0,person,0.7315632104873657,966,541,1033,711,67,170
537,18.482759,26,0,person,0.7313923239707947,1339,490,1394,653,55,163
537,18.482759,15,0,person,0.7028219699859619,1185,501,1243,653,58,152
537,18.482759,32,0,person,0.7015413641929626,932,582,976,740,44,158
537,18.482759,34,0,person,0.5325981974601746,1119,521,1171,674,52,153
537,18.482759,2,2,car,0.34581172466278076,851,486,1141,650,290,164
538,18.517241,1,2,car,0.9019587635993958,1524,396,1846,545,322,149
538,18.517241,9,0,person,0.8437365293502808,605,607,691,797,86,190
538,18.517241,8,0,person,0.8336364030838013,517,578,596,766,79,188
538,18.517241,3,2,car,0.8321166634559631,1714,384,1919,524,205,140
538,18.517241,5,0,person,0.8208522200584412,254,630,335,825,81,195
538,18.517241,24,0,person,0.7972535490989685,677,550,772,725,95,175
538,18.517241,23,0,person,0.7930558919906616,450,572,501,751,51,179
538,18.517241,22,0,person,0.766467273235321,1256,471,1318,630,62,159
538,18.517241,26,0,person,0.7396060824394226,1337,490,1392,652,55,162
538,18.517241,14,0,person,0.7329850792884827,823,551,908,726,85,175
538,18.517241,32,0,person,0.7281842827796936,927,582,975,740,48,158
538,18.517241,13,0,person,0.7223103046417236,966,543,1031,710,65,167
538,18.517241,15,0,person,0.7134415507316589,1185,502,1242,654,57,152
538,18.517241,18,0,person,0.7048918604850769,1056,527,1132,694,76,167
538,18.517241,34,0,person,0.4967975914478302,1120,520,1169,678,49,158
538,18.517241,2,2,car,0.3407377004623413,853,485,1135,652,282,167
539,18.551724,1,2,car,0.9005181193351746,1524,396,1846,545,322,149
539,18.551724,5,0,person,0.851678729057312,250,630,336,826,86,196
539,18.551724,9,0,person,0.8371638059616089,597,609,691,799,94,190
539,18.551724,3,2,car,0.8353184461593628,1713,384,1919,524,206,140
539,18.551724,8,0,person,0.8323312997817993,518,578,591,766,73,188
539,18.551724,24,0,person,0.8112831115722656,676,550,772,725,96,175
539,18.551724,23,0,person,0.8025184869766235,449,574,498,752,49,178
539,18.551724,22,0,person,0.7526792287826538,1255,472,1317,629,62,157
539,18.551724,13,0,person,0.7342263460159302,966,543,1032,710,66,167
539,18.551724,26,0,person,0.7176546454429626,1337,490,1390,652,53,162
539,18.551724,32,0,person,0.705610454082489,920,582,974,739,54,157
539,18.551724,15,0,person,0.684267520904541,1184,502,1239,653,55,151
539,18.551724,14,0,person,0.6710329055786133,818,549,901,725,83,176
539,18.551724,18,0,person,0.647891104221344,1057,528,1123,693,66,165
539,18.551724,34,0,person,0.4866946041584015,1121,520,1168,680,47,160
539,18.551724,2,2,car,0.3595336675643921,851,486,1120,651,269,165
540,18.586207,1,2,car,0.8983669281005859,1524,396,1846,545,322,149
540,18.586207,9,0,person,0.8456316590309143,589,610,691,800,102,190
540,18.586207,5,0,person,0.84101802110672,246,633,335,827,89,194
540,18.586207,3,2,car,0.8319786190986633,1713,384,1919,524,206,140
540,18.586207,24,0,person,0.8313896656036377,675,551,768,725,93,174
540,18.586207,23,0,person,0.793455183506012,446,575,496,752,50,177
540,18.586207,8,0,person,0.7741583585739136,518,577,583,766,65,189
540,18.586207,32,0,person,0.7399988174438477,908,580,974,741,66,161
540,18.586207,22,0,person,0.7324081063270569,1256,472,1317,630,61,158
540,18.586207,13,0,person,0.714367151260376,964,542,1029,710,65,168
540,18.586207,26,0,person,0.7087309956550598,1334,489,1387,652,53,163
540,18.586207,15,0,person,0.7002676725387573,1184,502,1239,655,55,153
540,18.586207,18,0,person,0.6145458221435547,1057,527,1118,694,61,167
540,18.586207,14,0,person,0.6133593320846558,828,549,896,722,68,173
540,18.586207,34,0,person,0.5282017588615417,1119,520,1165,682,46,162
540,18.586207,2,2,car,0.4436771869659424,853,485,1083,651,230,166
541,18.62069,1,2,car,0.8981654047966003,1524,396,1846,545,322,149
541,18.62069,5,0,person,0.8514521718025208,240,634,333,827,93,193
541,18.62069,9,0,person,0.8351609706878662,588,611,691,802,103,191
541,18.62069,3,2,car,0.8281665444374084,1713,384,1919,524,206,140
541,18.62069,24,0,person,0.8274264335632324,673,551,764,725,91,174
541,18.62069,23,0,person,0.7844740152359009,441,577,495,750,54,173
541,18.62069,8,0,person,0.7499659061431885,517,576,576,765,59,189
541,18.62069,22,0,person,0.7399207949638367,1256,471,1317,631,61,160
541,18.62069,32,0,person,0.7263823747634888,900,581,974,742,74,161
541,18.62069,26,0,person,0.7152239680290222,1331,490,1384,653,53,163
541,18.62069,15,0,person,0.712393045425415,1182,502,1236,658,54,156
541,18.62069,13,0,person,0.6918217539787292,960,542,1024,709,64,167
541,18.62069,18,0,person,0.6303110122680664,1056,527,1100,699,44,172
541,18.62069,34,0,person,0.6260226964950562,1118,520,1164,683,46,163
541,18.62069,14,0,person,0.6255008578300476,823,548,891,721,68,173
541,18.62069,2,2,car,0.5009007453918457,855,485,1079,657,224,172
542,18.655172,1,2,car,0.8967204093933105,1524,396,1847,544,323,148
542,18.655172,9,0,person,0.8512075543403625,588,613,691,801,103,188
542,18.655172,3,2,car,0.8284698724746704,1712,384,1919,523,207,139
542,18.655172,5,0,person,0.8227249979972839,236,633,332,829,96,196
542,18.655172,23,0,person,0.806982159614563,422,576,495,752,73,176
542,18.655172,24,0,person,0.8000601530075073,674,550,757,726,83,176
542,18.655172,8,0,person,0.78525710105896,515,577,566,766,51,189
542,18.655172,32,0,person,0.7510939240455627,895,580,974,741,79,161
542,18.655172,22,0,person,0.7402986884117126,1255,470,1317,630,62,160
542,18.655172,26,0,person,0.7402048110961914,1328,489,1381,653,53,164
542,18.655172,15,0,person,0.7015661597251892,1180,503,1234,660,54,157
542,18.655172,18,0,person,0.7000156044960022,1052,526,1096,698,44,172
542,18.655172,13,0,person,0.69450443983078,958,537,1021,710,63,173
542,18.655172,34,0,person,0.6445522904396057,1118,520,1162,684,44,164
542,18.655172,14,0,person,0.5217105746269226,822,543,883,722,61,179
542,18.655172,36,0,person,0.40183186531066895,844,522,895,680,51,158
542,18.655172,2,2,car,0.3946155309677124,855,485,1077,661,222,176
543,18.689655,1,2,car,0.896758496761322,1524,396,1846,544,322,148
543,18.689655,9,0,person,0.8703928589820862,586,613,690,802,104,189
543,18.689655,5,0,person,0.8386098146438599,228,633,329,830,101,197
543,18.689655,23,0,person,0.8326492309570312,414,578,495,752,81,174
543,18.689655,3,2,car,0.8290965557098389,1712,384,1919,523,207,139
543,18.689655,24,0,person,0.8013839721679688,675,550,749,726,74,176
543,18.689655,8,0,person,0.7973223924636841,509,577,564,767,55,190
543,18.689655,26,0,person,0.7682484984397888,1326,487,1378,653,52,166
543,18.689655,13,0,person,0.7525312900543213,955,541,1014,710,59,169
543,18.689655,32,0,person,0.752138614654541,895,581,975,742,80,161
543,18.689655,22,0,person,0.7382979989051819,1254,470,1316,630,62,160
543,18.689655,15,0,person,0.7176229953765869,1178,504,1231,659,53,155
543,18.689655,18,0,person,0.6782106161117554,1050,527,1096,698,46,171
543,18.689655,34,0,person,0.6080862283706665,1115,521,1160,684,45,163
543,18.689655,14,0,person,0.5080116391181946,818,547,878,721,60,174
543,18.689655,36,0,person,0.32363399863243103,837,522,892,679,55,157
543,18.689655,2,2,car,0.3179304301738739,851,485,1123,663,272,178
544,18.724138,1,2,car,0.8965628743171692,1524,396,1846,544,322,148
544,18.724138,9,0,person,0.8768935799598694,586,614,689,802,103,188
544,18.724138,5,0,person,0.8477397561073303,230,635,326,830,96,195
544,18.724138,23,0,person,0.8282783627510071,405,579,495,752,90,173
544,18.724138,3,2,car,0.8257220983505249,1712,384,1919,523,207,139
544,18.724138,24,0,person,0.8077808618545532,675,550,743,732,68,182
544,18.724138,8,0,person,0.7742825150489807,506,578,558,767,52,189
544,18.724138,32,0,person,0.7536747455596924,896,586,974,744,78,158
544,18.724138,26,0,person,0.7522515058517456,1322,487,1377,651,55,164
544,18.724138,15,0,person,0.7363452911376953,1178,504,1229,659,51,155
544,18.724138,22,0,person,0.7075062990188599,1252,469,1308,630,56,161
544,18.724138,13,0,person,0.6959035992622375,952,545,1006,710,54,165
544,18.724138,18,0,person,0.6666110157966614,1047,526,1092,694,45,168
544,18.724138,34,0,person,0.6547845005989075,1117,520,1160,684,43,164
544,18.724138,14,0,person,0.5356812477111816,803,543,872,724,69,181
544,18.724138,2,2,car,0.46664902567863464,855,485,1079,654,224,169
544,18.724138,36,0,person,0.30467498302459717,837,522,893,678,56,156
545,18.758621,1,2,car,0.8972936272621155,1524,396,1847,544,323,148
545,18.758621,9,0,person,0.8789541125297546,585,615,689,801,104,186
545,18.758621,5,0,person,0.8527348637580872,227,636,321,831,94,195
545,18.758621,3,2,car,0.8313847184181213,1712,384,1919,523,207,139
545,18.758621,23,0,person,0.8282835483551025,399,580,495,752,96,172
545,18.758621,24,0,person,0.7942373752593994,672,550,736,729,64,179
545,18.758621,8,0,person,0.786409318447113,500,578,556,767,56,189
545,18.758621,32,0,person,0.7568596601486206,895,586,973,744,78,158
545,18.758621,26,0,person,0.7295591235160828,1313,489,1373,651,60,162
545,18.758621,15,0,person,0.7268287539482117,1173,504,1227,657,54,153
545,18.758621,22,0,person,0.6869179010391235,1252,468,1303,629,51,161
545,18.758621,18,0,person,0.668366551399231,1045,528,1090,694,45,166
545,18.758621,34,0,person,0.6649045944213867,1116,520,1157,684,41,164
545,18.758621,13,0,person,0.6222612261772156,948,545,998,709,50,164
545,18.758621,14,0,person,0.5621927380561829,800,546,873,725,73,179
545,18.758621,2,2,car,0.47219741344451904,855,486,1083,658,228,172
546,18.793103,1,2,car,0.8975484371185303,1524,396,1847,544,323,148
546,18.793103,9,0,person,0.8713191747665405,585,615,685,801,100,186
546,18.793103,3,2,car,0.8292701244354248,1712,384,1919,523,207,139
546,18.793103,5,0,person,0.8207117319107056,224,636,313,831,89,195
546,18.793103,23,0,person,0.8177482485771179,398,578,494,754,96,176
546,18.793103,24,0,person,0.7924970388412476,670,550,730,728,60,178
546,18.793103,8,0,person,0.7765887379646301,496,578,554,766,58,188
546,18.793103,26,0,person,0.7540430426597595,1307,490,1372,653,65,163
546,18.793103,32,0,person,0.7419472932815552,894,586,970,745,76,159
546,18.793103,15,0,person,0.7138268947601318,1173,504,1226,658,53,154
546,18.793103,22,0,person,0.6977141499519348,1251,466,1301,629,50,163
546,18.793103,13,0,person,0.6561500430107117,946,547,994,713,48,166
546,18.793103,18,0,person,0.6260917782783508,1037,527,1089,694,52,167
546,18.793103,34,0,person,0.6229156255722046,1114,519,1155,685,41,166
546,18.793103,14,0,person,0.5485965013504028,803,548,873,726,70,178
546,18.793103,2,2,car,0.4451533257961273,855,485,1070,656,215,171
547,18.827586,1,2,car,0.8982101082801819,1524,396,1846,544,322,148
547,18.827586,9,0,person,0.8559054136276245,584,614,681,802,97,188
547,18.827586,3,2,car,0.831533670425415,1713,384,1919,523,206,139
547,18.827586,23,0,person,0.8254917860031128,398,578,494,754,96,176
547,18.827586,8,0,person,0.8076099157333374,490,577,552,766,62,189
547,18.827586,5,0,person,0.7892976403236389,223,637,304,829,81,192
547,18.827586,24,0,person,0.7661266922950745,664,551,722,728,58,177
547,18.827586,26,0,person,0.7600979208946228,1302,491,1371,653,69,162
547,18.827586,32,0,person,0.7370515465736389,894,587,969,746,75,159
547,18.827586,15,0,person,0.7171109318733215,1172,505,1224,658,52,153
547,18.827586,18,0,person,0.69642573595047,1027,527,1088,696,61,169
547,18.827586,22,0,person,0.6912967562675476,1248,467,1296,631,48,164
547,18.827586,34,0,person,0.6635922789573669,1112,519,1153,684,41,165
547,18.827586,14,0,person,0.6513340473175049,800,551,873,726,73,175
547,18.827586,13,0,person,0.638573408126831,944,546,985,721,41,175
547,18.827586,2,2,car,0.5392879843711853,856,484,1059,661,203,177
548,18.862069,1,2,car,0.8969714641571045,1524,396,1846,545,322,149
548,18.862069,9,0,person,0.8495449423789978,585,614,674,803,89,189
548,18.862069,3,2,car,0.8352435231208801,1713,384,1919,523,206,139
548,18.862069,8,0,person,0.814440131187439,470,579,551,767,81,188
548,18.862069,23,0,person,0.8090578317642212,397,578,495,756,98,178
548,18.862069,26,0,person,0.7859897017478943,1297,492,1369,654,72,162
548,18.862069,24,0,person,0.7749576568603516,662,551,718,726,56,175
548,18.862069,32,0,person,0.7490174770355225,895,590,965,746,70,156
548,18.862069,18,0,person,0.7372182011604309,1017,528,1088,694,71,166
548,18.862069,22,0,person,0.7317731380462646,1246,468,1293,633,47,165
548,18.862069,5,0,person,0.7223654985427856,214,637,293,831,79,194
548,18.862069,15,0,person,0.6978959441184998,1171,507,1222,658,51,151
548,18.862069,34,0,person,0.6698823571205139,1106,520,1153,683,47,163
548,18.862069,14,0,person,0.6685868501663208,803,549,869,726,66,177
548,18.862069,13,0,person,0.6339737176895142,941,546,982,722,41,176
548,18.862069,2,2,car,0.5637804865837097,853,485,1055,648,202,163
549,18.896552,1,2,car,0.8961186408996582,1524,396,1846,545,322,149
549,18.896552,9,0,person,0.8364574909210205,586,615,667,803,81,188
549,18.896552,3,2,car,0.8340684771537781,1713,384,1919,523,206,139
549,18.896552,8,0,person,0.8336738348007202,464,581,550,767,86,186
549,18.896552,23,0,person,0.8247693777084351,395,579,490,756,95,177
549,18.896552,26,0,person,0.7996371388435364,1294,493,1369,655,75,162
549,18.896552,24,0,person,0.7759738564491272,659,552,715,726,56,174
549,18.896552,5,0,person,0.7754988670349121,213,637,287,830,74,193
549,18.896552,18,0,person,0.7462422847747803,1009,530,1088,695,79,165
549,18.896552,22,0,person,0.7204296588897705,1245,467,1292,630,47,163
549,18.896552,14,0,person,0.7136895060539246,796,548,870,727,74,179
549,18.896552,32,0,person,0.682131290435791,894,584,959,745,65,161
549,18.896552,15,0,person,0.6710056662559509,1166,508,1220,658,54,150
549,18.896552,34,0,person,0.6652950644493103,1104,521,1151,683,47,162
549,18.896552,13,0,person,0.6226820945739746,937,541,981,716,44,175
549,18.896552,2,2,car,0.46927276253700256,852,485,1059,651,207,166
550,18.931034,1,2,car,0.896479606628418,1524,396,1847,545,323,149
550,18.931034,8,0,person,0.856977641582489,456,580,550,767,94,187
550,18.931034,3,2,car,0.8324078321456909,1713,384,1919,523,206,139
550,18.931034,9,0,person,0.8231656551361084,585,612,661,802,76,190
550,18.931034,26,0,person,0.795981228351593,1294,492,1369,655,75,163
550,18.931034,23,0,person,0.7926218509674072,395,579,485,755,90,176
550,18.931034,5,0,person,0.7769637703895569,212,637,276,830,64,193
550,18.931034,24,0,person,0.7735700011253357,655,552,715,726,60,174
550,18.931034,18,0,person,0.7628211379051208,1001,529,1089,695,88,166
550,18.931034,14,0,person,0.74665367603302,796,547,868,727,72,180
550,18.931034,22,0,person,0.7215706706047058,1242,467,1290,630,48,163
550,18.931034,13,0,person,0.6858890056610107,935,543,983,719,48,176
550,18.931034,34,0,person,0.6648550629615784,1101,523,1151,684,50,161
550,18.931034,15,0,person,0.6589067578315735,1165,507,1219,661,54,154
550,18.931034,32,0,person,0.5919702053070068,894,588,953,746,59,158
550,18.931034,2,2,car,0.42754286527633667,851,486,1111,638,260,152
551,18.965517,1,2,car,0.8954201936721802,1524,396,1847,545,323,149
551,18.965517,3,2,car,0.8315422534942627,1713,384,1919,523,206,139
551,18.965517,8,0,person,0.8259103894233704,452,581,551,767,99,186
551,18.965517,23,0,person,0.8138640522956848,396,579,482,755,86,176
551,18.965517,26,0,person,0.8073490262031555,1293,494,1368,656,75,162
551,18.965517,9,0,person,0.8047086596488953,582,612,655,801,73,189
551,18.965517,24,0,person,0.7855874300003052,645,552,717,727,72,175
551,18.965517,14,0,person,0.7606711387634277,794,547,866,727,72,180
551,18.965517,18,0,person,0.7552710175514221,999,530,1086,694,87,164
551,18.965517,5,0,person,0.7483150959014893,212,639,276,832,64,193
551,18.965517,22,0,person,0.7158170342445374,1238,467,1288,630,50,163
551,18.965517,13,0,person,0.6805380582809448,930,546,980,716,50,170
551,18.965517,34,0,person,0.6617618203163147,1098,523,1149,685,51,162
551,18.965517,32,0,person,0.6425380706787109,892,590,945,745,53,155
551,18.965517,15,0,person,0.606441080570221,1157,507,1217,662,60,155
551,18.965517,2,2,car,0.5168455243110657,849,485,1102,638,253,153
552,19.0,1,2,car,0.8951893448829651,1524,396,1846,545,322,149
552,19.0,3,2,car,0.8306525945663452,1714,384,1919,523,205,139
552,19.0,26,0,person,0.8173819780349731,1292,496,1368,656,76,160
552,19.0,24,0,person,0.8158585429191589,633,555,716,728,83,173
552,19.0,8,0,person,0.8140712976455688,452,584,551,770,99,186
552,19.0,5,0,person,0.8128522038459778,205,637,275,832,70,195
552,19.0,23,0,person,0.8089683055877686,395,579,479,757,84,178
552,19.0,9,0,person,0.8025668859481812,577,612,645,803,68,191
552,19.0,14,0,person,0.7671151161193848,793,549,863,726,70,177
552,19.0,22,0,person,0.7669042944908142,1233,467,1286,630,53,163
552,19.0,18,0,person,0.7543230652809143,996,531,1085,695,89,164
552,19.0,32,0,person,0.7068166732788086,883,594,943,746,60,152
552,19.0,13,0,person,0.6958727240562439,923,547,979,717,56,170
552,19.0,34,0,person,0.6797158122062683,1094,526,1149,684,55,158
552,19.0,15,0,person,0.6002151370048523,1156,507,1215,661,59,154
552,19.0,2,2,car,0.5624563097953796,848,485,1100,643,252,158
553,19.034483,1,2,car,0.8939138054847717,1524,396,1846,545,322,149
553,19.034483,8,0,person,0.8481903076171875,447,584,551,770,104,186
553,19.034483,23,0,person,0.8425479531288147,397,580,473,756,76,176
553,19.034483,24,0,person,0.8351035714149475,628,556,716,728,88,172
553,19.034483,5,0,person,0.8309506773948669,198,638,275,831,77,193
553,19.034483,3,2,car,0.826300859451294,1714,384,1919,524,205,140
553,19.034483,26,0,person,0.8130732178688049,1291,493,1367,656,76,163
553,19.034483,9,0,person,0.8003706336021423,571,612,638,804,67,192
553,19.034483,18,0,person,0.7622370719909668,997,529,1085,695,88,166
553,19.034483,14,0,person,0.7575644254684448,791,553,859,727,68,174
553,19.034483,22,0,person,0.7537330985069275,1228,467,1284,632,56,165
553,19.034483,34,0,person,0.7091997265815735,1089,525,1148,684,59,159
553,19.034483,13,0,person,0.6977237462997437,919,547,979,716,60,169
553,19.034483,32,0,person,0.6910027861595154,875,593,937,746,62,153
553,19.034483,15,0,person,0.5993435978889465,1159,511,1214,660,55,149
553,19.034483,2,2,car,0.5371037721633911,849,486,1095,643,246,157
554,19.068966,1,2,car,0.8921812176704407,1524,396,1847,544,323,148
554,19.068966,8,0,person,0.8491417169570923,444,583,551,770,107,187
554,19.068966,5,0,person,0.8476200103759766,183,638,274,832,91,194
554,19.068966,24,0,person,0.846537709236145,627,558,714,728,87,170
554,19.068966,3,2,car,0.8250898718833923,1714,384,1919,524,205,140
554,19.068966,26,0,person,0.8122037649154663,1292,495,1366,656,74,161
554,19.068966,9,0,person,0.8052419424057007,565,612,628,805,63,193
554,19.068966,23,0,person,0.8007610440254211,396,577,468,754,72,177
554,19.068966,18,0,person,0.759999692440033,994,529,1084,695,90,166
554,19.068966,14,0,person,0.7569563388824463,790,548,852,726,62,178
554,19.068966,22,0,person,0.7544162273406982,1219,468,1285,631,66,163
554,19.068966,34,0,person,0.7245626449584961,1086,527,1147,684,61,157
554,19.068966,32,0,person,0.6993009448051453,865,592,929,750,64,158
554,19.068966,13,0,person,0.6879664659500122,917,549,979,716,62,167
554,19.068966,15,0,person,0.6149311661720276,1160,506,1213,663,53,157
554,19.068966,2,2,car,0.5936789512634277,846,486,1094,663,248,177
555,19.103448,1,2,car,0.8919400572776794,1524,395,1846,545,322,150
555,19.103448,5,0,person,0.8781761527061462,173,639,275,833,102,194
555,19.103448,8,0,person,0.8690742254257202,444,583,550,769,106,186
555,19.103448,3,2,car,0.8248213529586792,1714,384,1919,524,205,140
555,19.103448,24,0,person,0.8218795657157898,625,557,713,727,88,170
555,19.103448,9,0,person,0.8132370710372925,559,612,624,808,65,196
555,19.103448,23,0,person,0.8054733872413635,395,577,462,756,67,179
555,19.103448,26,0,person,0.8014431595802307,1292,494,1366,656,74,162
555,19.103448,14,0,person,0.7551592588424683,787,547,845,727,58,180
555,19.103448,18,0,person,0.7450121641159058,992,532,1084,696,92,164
555,19.103448,22,0,person,0.7408589124679565,1213,468,1284,629,71,161
555,19.103448,34,0,person,0.7161396145820618,1084,525,1148,685,64,160
555,19.103448,32,0,person,0.6940601468086243,859,594,927,753,68,159
555,19.103448,13,0,person,0.6565479636192322,911,546,978,715,67,169
555,19.103448,2,2,car,0.6536731123924255,847,486,1103,662,256,176
555,19.103448,15,0,person,0.6142726540565491,1155,508,1211,663,56,155
556,19.137931,1,2,car,0.893223762512207,1524,396,1846,545,322,149
556,19.137931,8,0,person,0.8779195547103882,443,582,548,770,105,188
556,19.137931,5,0,person,0.8737050294876099,170,639,275,834,105,195
556,19.137931,24,0,person,0.8261664509773254,621,558,712,729,91,171
556,19.137931,3,2,car,0.825973629951477,1714,384,1919,524,205,140
556,19.137931,9,0,person,0.8253480195999146,554,614,623,809,69,195
556,19.137931,23,0,person,0.7897118926048279,394,577,456,755,62,178
556,19.137931,26,0,person,0.7874388098716736,1292,495,1365,656,73,161
556,19.137931,22,0,person,0.7604694962501526,1206,470,1284,630,78,160
556,19.137931,18,0,person,0.7545495629310608,993,530,1081,696,88,166
556,19.137931,14,0,person,0.7170950770378113,785,551,840,727,55,176
556,19.137931,34,0,person,0.7137206196784973,1082,527,1148,685,66,158
556,19.137931,32,0,person,0.7042422890663147,846,593,927,752,81,159
556,19.137931,13,0,person,0.649630069732666,910,545,978,715,68,170
556,19.137931,2,2,car,0.6436587572097778,845,487,1104,661,259,174
556,19.137931,15,0,person,0.5341241359710693,1155,509,1209,660,54,151
557,19.172414,1,2,car,0.8951941132545471,1524,395,1846,545,322,150
557,19.172414,8,0,person,0.8730590343475342,442,580,544,773,102,193
557,19.172414,5,0,person,0.8554453253746033,165,639,274,833,109,194
557,19.172414,9,0,person,0.8475022912025452,550,615,621,808,71,193
557,19.172414,24,0,person,0.8283582925796509,615,559,711,729,96,170
557,19.172414,3,2,car,0.8262922167778015,1715,384,1919,524,204,140
557,19.172414,26,0,person,0.7877816557884216,1290,495,1365,655,75,160
557,19.172414,22,0,person,0.7667677402496338,1201,472,1284,630,83,158
557,19.172414,18,0,person,0.7634267807006836,993,531,1077,696,84,165
557,19.172414,14,0,person,0.7577553391456604,782,551,838,727,56,176
557,19.172414,23,0,person,0.7512885332107544,391,579,445,757,54,178
557,19.172414,34,0,person,0.7448291182518005,1080,531,1147,685,67,154
557,19.172414,32,0,person,0.7330173850059509,843,590,926,753,83,163
557,19.172414,13,0,person,0.6406301259994507,908,547,978,715,70,168
557,19.172414,2,2,car,0.6356344819068909,846,487,1102,663,256,176
557,19.172414,15,0,person,0.5868921279907227,1155,510,1206,665,51,155
558,19.206897,1,2,car,0.8933082222938538,1524,395,1846,545,322,150
558,19.206897,5,0,person,0.8560133576393127,165,640,271,835,106,195
558,19.206897,9,0,person,0.8421998023986816,544,615,621,810,77,195
558,19.206897,8,0,person,0.8384351134300232,442,580,542,772,100,192
558,19.206897,24,0,person,0.8307449817657471,613,558,709,729,96,171
558,19.206897,3,2,car,0.8248851299285889,1715,384,1919,524,204,140
558,19.206897,22,0,person,0.7735264301300049,1198,471,1283,631,85,160
558,19.206897,23,0,person,0.7648677825927734,387,579,435,759,48,180
558,19.206897,26,0,person,0.7639105319976807,1291,494,1362,655,71,161
558,19.206897,14,0,person,0.7365297675132751,777,552,835,726,58,174
558,19.206897,18,0,person,0.7364999651908875,992,528,1075,696,83,168
558,19.206897,2,2,car,0.728446364402771,845,487,1100,661,255,174
558,19.206897,34,0,person,0.7181079387664795,1078,531,1147,686,69,155
558,19.206897,32,0,person,0.6738610863685608,858,596,926,753,68,157
558,19.206897,13,0,person,0.6445513963699341,907,548,978,715,71,167
558,19.206897,15,0,person,0.5971996188163757,1151,511,1205,665,54,154
559,19.241379,1,2,car,0.8940335512161255,1524,395,1847,545,323,150
559,19.241379,5,0,person,0.8631187677383423,163,642,272,833,109,191
559,19.241379,9,0,person,0.8414926528930664,535,617,620,808,85,191
559,19.241379,24,0,person,0.830073893070221,612,557,706,730,94,173
559,19.241379,8,0,person,0.8249890804290771,443,580,535,772,92,192
559,19.241379,3,2,car,0.8219113349914551,1715,384,1919,524,204,140
559,19.241379,23,0,person,0.7806696891784668,382,581,433,762,51,181
559,19.241379,22,0,person,0.7789987325668335,1198,471,1283,630,85,159
559,19.241379,26,0,person,0.7700046896934509,1291,494,1357,655,66,161
559,19.241379,18,0,person,0.762223482131958,991,528,1069,697,78,169
559,19.241379,34,0,person,0.7409038543701172,1076,532,1146,687,70,155
559,19.241379,32,0,person,0.7300638556480408,848,598,925,753,77,155
559,19.241379,14,0,person,0.7035694718360901,774,552,833,727,59,175
559,19.241379,13,0,person,0.6906994581222534,904,549,977,716,73,167
559,19.241379,2,2,car,0.6849192976951599,845,487,1095,661,250,174
559,19.241379,15,0,person,0.6119720339775085,1149,511,1202,666,53,155
560,19.275862,1,2,car,0.8919004201889038,1524,395,1846,545,322,150
560,19.275862,5,0,person,0.8552367091178894,163,644,266,834,103,190
560,19.275862,24,0,person,0.8433260321617126,608,555,701,730,93,175
560,19.275862,9,0,person,0.8423671722412109,529,618,619,808,90,190
560,19.275862,3,2,car,0.8229801058769226,1715,384,1919,524,204,140
560,19.275862,8,0,person,0.8176442980766296,442,584,528,771,86,187
560,19.275862,23,0,person,0.7830376029014587,377,580,429,764,52,184
560,19.275862,22,0,person,0.7795532941818237,1197,472,1282,630,85,158
560,19.275862,32,0,person,0.758867621421814,833,595,925,754,92,159
560,19.275862,26,0,person,0.7547637224197388,1291,493,1353,656,62,163
560,19.275862,14,0,person,0.74433833360672,769,553,831,726,62,173
560,19.275862,18,0,person,0.7421978712081909,991,528,1066,697,75,169
560,19.275862,34,0,person,0.730833888053894,1074,533,1145,687,71,154
560,19.275862,13,0,person,0.7206521034240723,899,549,974,717,75,168
560,19.275862,15,0,person,0.6489803194999695,1148,510,1202,667,54,157
560,19.275862,2,2,car,0.6387010812759399,845,486,1087,663,242,177
561,19.310345,1,2,car,0.8897030353546143,1524,396,1847,544,323,148
561,19.310345,5,0,person,0.8537127375602722,163,644,261,833,98,189
561,19.310345,9,0,person,0.8426269292831421,525,619,619,808,94,189
561,19.310345,24,0,person,0.8353159427642822,611,557,695,731,84,174
561,19.310345,8,0,person,0.8265622854232788,442,584,521,771,79,187
561,19.310345,3,2,car,0.8182533979415894,1715,384,1919,524,204,140
561,19.310345,22,0,person,0.7838454842567444,1197,471,1282,630,85,159
561,19.310345,23,0,person,0.7822465896606445,369,582,428,766,59,184
561,19.310345,32,0,person,0.7618442177772522,843,593,925,754,82,161
561,19.310345,14,0,person,0.7475303411483765,763,552,833,726,70,174
561,19.310345,26,0,person,0.7377290725708008,1288,492,1348,656,60,164
561,19.310345,18,0,person,0.7276378870010376,991,529,1059,696,68,167
561,19.310345,34,0,person,0.7201687693595886,1073,534,1145,686,72,152
561,19.310345,15,0,person,0.6684120297431946,1146,510,1200,667,54,157
561,19.310345,13,0,person,0.6613295078277588,896,545,970,718,74,173
561,19.310345,2,2,car,0.5825304985046387,845,485,1089,662,244,177
562,19.344828,1,2,car,0.8899849057197571,1524,395,1847,545,323,150
562,19.344828,5,0,person,0.856963038444519,162,644,254,833,92,189
562,19.344828,9,0,person,0.8531222939491272,520,621,619,809,99,188
562,19.344828,24,0,person,0.8269818425178528,609,556,689,730,80,174
562,19.344828,3,2,car,0.8223690390586853,1715,384,1919,524,204,140
562,19.344828,23,0,person,0.7943801283836365,363,583,428,763,65,180
562,19.344828,8,0,person,0.7936862707138062,442,582,516,771,74,189
562,19.344828,22,0,person,0.7764739990234375,1196,468,1282,630,86,162
562,19.344828,14,0,person,0.7538120746612549,754,552,829,727,75,175
562,19.344828,32,0,person,0.7431516647338867,840,596,921,753,81,157
562,19.344828,26,0,person,0.742173433303833,1288,495,1344,656,56,161
562,19.344828,34,0,person,0.7213717103004456,1071,533,1141,687,70,154
562,19.344828,18,0,person,0.7178604006767273,990,528,1055,696,65,168
562,19.344828,15,0,person,0.658783495426178,1144,509,1200,668,56,159
562,19.344828,13,0,person,0.6439555287361145,894,543,968,717,74,174
562,19.344828,2,2,car,0.506105363368988,845,485,1087,661,242,176
563,19.37931,1,2,car,0.8905377388000488,1524,395,1847,545,323,150
563,19.37931,5,0,person,0.8533750176429749,161,644,247,833,86,189
563,19.37931,9,0,person,0.842130720615387,517,619,619,808,102,189
563,19.37931,3,2,car,0.8248226642608643,1715,384,1919,524,204,140
563,19.37931,24,0,person,0.8175066113471985,602,555,682,729,80,174
563,19.37931,23,0,person,0.8174265027046204,352,585,427,765,75,180
563,19.37931,8,0,person,0.792415976524353,441,583,508,772,67,189
563,19.37931,32,0,person,0.7745333909988403,846,595,920,754,74,159
563,19.37931,22,0,person,0.7643214464187622,1196,467,1281,631,85,164
563,19.37931,26,0,person,0.7491124868392944,1282,494,1342,656,60,162
563,19.37931,14,0,person,0.7328208088874817,747,551,829,728,82,177
563,19.37931,18,0,person,0.718439519405365,989,528,1047,697,58,169
563,19.37931,15,0,person,0.6736165881156921,1140,510,1200,666,60,156
563,19.37931,34,0,person,0.670400083065033,1068,531,1140,688,72,157
563,19.37931,13,0,person,0.5997330546379089,891,541,972,716,81,175
563,19.37931,2,2,car,0.5111191868782043,845,485,1069,659,224,174
564,19.413793,1,2,car,0.8898464441299438,1524,395,1846,545,322,150
564,19.413793,9,0,person,0.847449541091919,515,619,618,810,103,191
564,19.413793,3,2,car,0.8219181299209595,1716,384,1919,524,203,140
564,19.413793,5,0,person,0.8081589341163635,159,644,238,834,79,190
564,19.413793,23,0,person,0.805364727973938,348,585,428,765,80,180
564,19.413793,24,0,person,0.7974278926849365,601,555,674,729,73,174
564,19.413793,22,0,person,0.7833666205406189,1195,466,1277,630,82,164
564,19.413793,14,0,person,0.7810384631156921,741,551,829,728,88,177
564,19.413793,26,0,person,0.7732758522033691,1279,494,1341,657,62,163
564,19.413793,32,0,person,0.7650588154792786,846,596,917,754,71,158
564,19.413793,8,0,person,0.7506828904151917,436,584,499,772,63,188
564,19.413793,15,0,person,0.7224770784378052,1137,510,1200,666,63,156
564,19.413793,18,0,person,0.658819317817688,987,527,1038,698,51,171
564,19.413793,34,0,person,0.6568829417228699,1068,529,1137,687,69,158
564,19.413793,13,0,person,0.6241517066955566,888,544,953,714,65,170
564,19.413793,2,2,car,0.4310372769832611,847,485,1067,659,220,174
565,19.448276,1,2,car,0.8907784223556519,1524,396,1846,545,322,149
565,19.448276,9,0,person,0.8593241572380066,515,620,618,811,103,191
565,19.448276,3,2,car,0.82041996717453,1715,384,1919,524,204,140
565,19.448276,5,0,person,0.8200471997261047,158,645,227,834,69,189
565,19.448276,23,0,person,0.8028548359870911,345,587,430,767,85,180
565,19.448276,24,0,person,0.798248827457428,596,556,665,728,69,172
565,19.448276,14,0,person,0.7893567681312561,738,551,828,729,90,178
565,19.448276,22,0,person,0.7875171899795532,1195,466,1275,629,80,163
565,19.448276,8,0,person,0.7647185325622559,424,584,494,774,70,190
565,19.448276,26,0,person,0.7644327282905579,1276,494,1341,658,65,164
565,19.448276,15,0,person,0.7370386123657227,1134,511,1200,666,66,155
565,19.448276,32,0,person,0.7324806451797485,846,595,910,754,64,159
565,19.448276,18,0,person,0.6892380118370056,984,528,1032,698,48,170
565,19.448276,34,0,person,0.6885069608688354,1067,529,1134,686,67,157
565,19.448276,13,0,person,0.6540331244468689,886,546,939,716,53,170
565,19.448276,2,2,car,0.5337345004081726,847,485,1075,658,228,173
566,19.482759,1,2,car,0.8947936296463013,1524,396,1847,545,323,149
566,19.482759,9,0,person,0.859082043170929,515,620,616,811,101,191
566,19.482759,3,2,car,0.8296588063240051,1714,384,1919,524,205,140
566,19.482759,14,0,person,0.8049227595329285,739,556,828,731,89,175
566,19.482759,23,0,person,0.7964140176773071,345,588,429,768,84,180
566,19.482759,22,0,person,0.791225254535675,1194,465,1273,628,79,163
566,19.482759,5,0,person,0.7818751335144043,151,644,216,836,65,192
566,19.482759,24,0,person,0.7799210548400879,594,554,657,729,63,175
566,19.482759,8,0,person,0.7716352939605713,418,584,492,776,74,192
566,19.482759,26,0,person,0.7568689584732056,1273,494,1340,660,67,166
566,19.482759,15,0,person,0.7496764659881592,1131,511,1199,668,68,157
566,19.482759,18,0,person,0.7181867361068726,983,529,1029,699,46,170
566,19.482759,34,0,person,0.7079973220825195,1065,529,1131,687,66,158
566,19.482759,32,0,person,0.6179312467575073,843,593,896,754,53,161
566,19.482759,13,0,person,0.6174383163452148,880,547,927,718,47,171
566,19.482759,2,2,car,0.510410726070404,846,484,1073,658,227,174
567,19.517241,1,2,car,0.8945713043212891,1524,396,1847,545,323,149
567,19.517241,9,0,person,0.8603312373161316,516,620,610,811,94,191
567,19.517241,3,2,car,0.8262199759483337,1715,384,1919,524,204,140
567,19.517241,14,0,person,0.8154523372650146,741,554,826,731,85,177
567,19.517241,8,0,person,0.8055370450019836,415,584,492,779,77,195
567,19.517241,23,0,person,0.8034118413925171,344,588,428,769,84,181
567,19.517241,5,0,person,0.7866588234901428,146,643,206,837,60,194
567,19.517241,22,0,person,0.774730920791626,1192,464,1269,628,77,164
567,19.517241,15,0,person,0.761343240737915,1129,510,1198,667,69,157
567,19.517241,24,0,person,0.7553794384002686,591,554,648,733,57,179
567,19.517241,26,0,person,0.7426166534423828,1272,494,1336,661,64,167
567,19.517241,34,0,person,0.7041813731193542,1063,530,1125,687,62,157
567,19.517241,18,0,person,0.6886453628540039,981,531,1026,701,45,170
567,19.517241,32,0,person,0.6638618111610413,843,592,890,754,47,162
567,19.517241,13,0,person,0.633602499961853,878,549,921,717,43,168
567,19.517241,2,2,car,0.48998111486434937,846,484,1072,657,226,173
568,19.551724,1,2,car,0.896255373954773,1524,396,1846,545,322,149
568,19.551724,9,0,person,0.8620609045028687,516,621,607,812,91,191
568,19.551724,3,2,car,0.827427089214325,1715,384,1919,524,204,140
568,19.551724,23,0,person,0.8070358037948608,343,589,426,768,83,179
568,19.551724,14,0,person,0.8063722252845764,739,558,825,732,86,174
568,19.551724,8,0,person,0.7934645414352417,411,586,491,780,80,194
568,19.551724,22,0,person,0.7752743363380432,1191,464,1262,627,71,163
568,19.551724,24,0,person,0.7688133716583252,588,555,647,736,59,181
568,19.551724,26,0,person,0.7612614631652832,1271,495,1337,660,66,165
568,19.551724,5,0,person,0.7557944059371948,144,642,200,841,56,199
568,19.551724,15,0,person,0.753398597240448,1125,512,1199,667,74,155
568,19.551724,34,0,person,0.6950023770332336,1059,529,1122,687,63,158
568,19.551724,32,0,person,0.6788585782051086,840,585,890,754,50,169
568,19.551724,18,0,person,0.664262592792511,978,531,1024,704,46,173
568,19.551724,13,0,person,0.6013532876968384,875,550,917,717,42,167
568,19.551724,2,2,car,0.47745686769485474,846,485,1069,656,223,171
569,19.586207,1,2,car,0.8955175280570984,1524,396,1846,545,322,149
569,19.586207,9,0,person,0.8331738114356995,517,622,598,812,81,190
569,19.586207,3,2,car,0.8303838968276978,1715,384,1919,524,204,140
569,19.586207,14,0,person,0.805354118347168,738,558,823,732,85,174
569,19.586207,8,0,person,0.7931270599365234,406,587,487,782,81,195
569,19.586207,23,0,person,0.7874829173088074,342,590,424,769,82,179
569,19.586207,24,0,person,0.7770827412605286,586,554,647,735,61,181
569,19.586207,26,0,person,0.7723495960235596,1266,495,1336,659,70,164
569,19.586207,5,0,person,0.7582466006278992,139,642,201,843,62,201
569,19.586207,15,0,person,0.7523151636123657,1125,513,1199,668,74,155
569,19.586207,22,0,person,0.7277937531471252,1191,464,1257,626,66,162
569,19.586207,18,0,person,0.6748033165931702,964,532,1024,703,60,171
569,19.586207,34,0,person,0.6632450222969055,1056,530,1116,693,60,163
569,19.586207,32,0,person,0.6378130316734314,835,590,880,754,45,164
569,19.586207,13,0,person,0.6205345988273621,871,553,915,715,44,162
569,19.586207,37,0,person,0.3990422785282135,751,523,799,587,48,64
569,19.586207,2,2,car,0.3856712877750397,850,485,1118,657,268,172
570,19.62069,1,2,car,0.8939871788024902,1524,396,1846,545,322,149
570,19.62069,9,0,person,0.8343477845191956,517,621,593,812,76,191
570,19.62069,3,2,car,0.8299558162689209,1715,384,1919,524,204,140
570,19.62069,8,0,person,0.8106783628463745,402,587,492,780,90,193
570,19.62069,5,0,person,0.8043032884597778,129,645,201,846,72,201
570,19.62069,14,0,person,0.794023334980011,737,556,820,732,83,176
570,19.62069,23,0,person,0.7844352126121521,342,590,422,769,80,179
570,19.62069,24,0,person,0.7839443683624268,579,555,647,740,68,185
570,19.62069,26,0,person,0.768664538860321,1264,495,1332,661,68,166
570,19.62069,15,0,person,0.7665081024169922,1122,513,1200,667,78,154
570,19.62069,32,0,person,0.6876885890960693,831,592,878,754,47,162
570,19.62069,22,0,person,0.6839365363121033,1189,462,1250,624,61,162
570,19.62069,13,0,person,0.6740033626556396,871,554,914,716,43,162
570,19.62069,18,0,person,0.6597867608070374,957,530,1024,704,67,174
570,19.62069,34,0,person,0.6353477239608765,1051,531,1110,694,59,163
570,19.62069,2,2,car,0.4479139745235443,849,485,1114,657,265,172
570,19.62069,37,0,person,0.3591776192188263,748,523,796,586,48,63
571,19.655172,1,2,car,0.8955889940261841,1524,396,1846,545,322,149
571,19.655172,9,0,person,0.8390127420425415,516,617,584,813,68,196
571,19.655172,3,2,car,0.8281437754631042,1714,384,1919,524,205,140
571,19.655172,8,0,person,0.813571572303772,396,588,492,778,96,190
571,19.655172,24,0,person,0.8082496523857117,571,557,647,736,76,179
571,19.655172,5,0,person,0.7925136685371399,111,646,200,844,89,198
571,19.655172,14,0,person,0.7790253162384033,735,557,817,732,82,175
571,19.655172,26,0,person,0.772610604763031,1260,496,1330,662,70,166
571,19.655172,15,0,person,0.7564449310302734,1121,514,1199,667,78,153
571,19.655172,32,0,person,0.722141683101654,828,595,877,754,49,159
571,19.655172,23,0,person,0.7188451290130615,341,590,415,770,74,180
571,19.655172,18,0,person,0.6933532953262329,953,528,1025,702,72,174
571,19.655172,22,0,person,0.6932160258293152,1189,462,1242,625,53,163
571,19.655172,13,0,person,0.6803672313690186,868,552,913,715,45,163
571,19.655172,34,0,person,0.617772102355957,1048,534,1106,693,58,159
571,19.655172,2,2,car,0.49758532643318176,848,485,1112,656,264,171
571,19.655172,37,0,person,0.344672292470932,746,522,795,594,49,72
572,19.689655,1,2,car,0.8970152735710144,1524,396,1847,545,323,149
572,19.689655,24,0,person,0.8332423567771912,567,559,647,737,80,178
572,19.689655,3,2,car,0.8271397948265076,1716,384,1919,524,203,140
572,19.689655,5,0,person,0.8161305785179138,103,647,200,845,97,198
572,19.689655,8,0,person,0.8088141083717346,392,589,493,778,101,189
572,19.689655,9,0,person,0.8075584769248962,513,618,576,813,63,195
572,19.689655,15,0,person,0.7745044231414795,1120,514,1200,668,80,154
572,19.689655,14,0,person,0.7719669342041016,734,557,816,733,82,176
572,19.689655,26,0,person,0.7695314884185791,1259,498,1327,662,68,164
572,19.689655,32,0,person,0.7484719157218933,814,594,876,754,62,160
572,19.689655,23,0,person,0.7353246212005615,338,588,408,770,70,182
572,19.689655,18,0,person,0.7276444435119629,951,528,1025,701,74,173
572,19.689655,22,0,person,0.7223556637763977,1187,459,1236,625,49,166
572,19.689655,13,0,person,0.6626141667366028,864,554,914,716,50,162
572,19.689655,34,0,person,0.5711150169372559,1052,534,1105,694,53,160
572,19.689655,2,2,car,0.4581644833087921,848,486,1113,653,265,167
572,19.689655,37,0,person,0.3677261471748352,743,522,791,597,48,75
573,19.724138,1,2,car,0.895584225654602,1524,396,1847,545,323,149
573,19.724138,3,2,car,0.8293011784553528,1715,384,1919,524,204,140
573,19.724138,24,0,person,0.8200954794883728,560,558,647,738,87,180
573,19.724138,8,0,person,0.8178380131721497,390,590,493,781,103,191
573,19.724138,5,0,person,0.8166735768318176,101,648,199,845,98,197
573,19.724138,14,0,person,0.7910346388816833,732,557,813,733,81,176
573,19.724138,26,0,person,0.7769280076026917,1259,497,1324,661,65,164
573,19.724138,9,0,person,0.7766454219818115,509,619,563,812,54,193
573,19.724138,32,0,person,0.7600780725479126,802,595,876,754,74,159
573,19.724138,15,0,person,0.7504922151565552,1119,514,1200,667,81,153
573,19.724138,22,0,person,0.7414883375167847,1186,461,1229,625,43,164
573,19.724138,18,0,person,0.7181950211524963,946,529,1024,701,78,172
573,19.724138,23,0,person,0.7139390110969543,336,589,395,770,59,181
573,19.724138,13,0,person,0.6379055380821228,862,552,914,716,52,164
573,19.724138,34,0,person,0.5658039450645447,1046,533,1102,699,56,166
573,19.724138,2,2,car,0.4686134457588196,847,486,1110,653,263,167
573,19.724138,37,0,person,0.3841254711151123,743,522,788,600,45,78
574,19.758621,1,2,car,0.896859347820282,1524,396,1847,545,323,149
574,19.758621,8,0,person,0.8403017520904541,390,592,493,783,103,191
574,19.758621,5,0,person,0.8289813995361328,97,649,199,845,102,196
574,19.758621,3,2,car,0.8247213363647461,1714,384,1919,524,205,140
574,19.758621,24,0,person,0.8232768177986145,557,557,645,737,88,180
574,19.758621,9,0,person,0.811921238899231,503,620,558,813,55,193
574,19.758621,32,0,person,0.8074044585227966,793,595,876,755,83,160
574,19.758621,14,0,person,0.796737015247345,732,554,807,732,75,178
574,19.758621,26,0,person,0.7778542637825012,1257,497,1322,661,65,164
574,19.758621,22,0,person,0.7654091715812683,1184,461,1226,625,42,164
574,19.758621,23,0,person,0.7524585723876953,332,590,390,770,58,180
574,19.758621,18,0,person,0.742894172668457,942,531,1025,702,83,171
574,19.758621,15,0,person,0.7379054427146912,1117,514,1198,667,81,153
574,19.758621,13,0,person,0.6741032600402832,857,552,914,715,57,163
574,19.758621,34,0,person,0.6124106645584106,1048,534,1103,696,55,162
574,19.758621,2,2,car,0.49232491850852966,846,486,1106,658,260,172
574,19.758621,37,0,person,0.3285454213619232,741,523,786,590,45,67
575,19.793103,1,2,car,0.8976315855979919,1524,396,1847,545,323,149
575,19.793103,3,2,car,0.8286495804786682,1714,384,1919,524,205,140
575,19.793103,5,0,person,0.8265655636787415,95,650,199,848,104,198
575,19.793103,8,0,person,0.8232312798500061,387,593,492,783,105,190
575,19.793103,24,0,person,0.8211997747421265,555,558,644,737,89,179
575,19.793103,32,0,person,0.811132550239563,789,596,877,755,88,159
575,19.793103,9,0,person,0.8060216307640076,499,619,554,814,55,195
575,19.793103,26,0,person,0.7863715887069702,1256,500,1321,663,65,163
575,19.793103,23,0,person,0.7665335536003113,330,589,384,770,54,181
575,19.793103,14,0,person,0.7662542462348938,732,555,801,732,69,177
575,19.793103,18,0,person,0.7469289898872375,938,533,1025,702,87,169
575,19.793103,22,0,person,0.727750837802887,1177,461,1226,626,49,165
575,19.793103,13,0,person,0.6872857809066772,855,553,914,716,59,163
575,19.793103,15,0,person,0.6488232016563416,1116,513,1184,667,68,154
575,19.793103,34,0,person,0.636808454990387,1043,534,1101,696,58,162
575,19.793103,2,2,car,0.577301025390625,846,486,1106,671,260,185
575,19.793103,37,0,person,0.3591560423374176,734,522,783,590,49,68
576,19.827586,1,2,car,0.8966021537780762,1524,396,1847,545,323,149
576,19.827586,9,0,person,0.837073802947998,492,619,552,814,60,195
576,19.827586,3,2,car,0.8321779370307922,1715,384,1919,524,204,140
576,19.827586,5,0,person,0.8227066397666931,95,651,196,849,101,198
576,19.827586,32,0,person,0.8147152662277222,789,596,877,756,88,160
576,19.827586,24,0,person,0.8142601251602173,552,557,644,737,92,180
576,19.827586,8,0,person,0.8060584664344788,386,593,490,785,104,192
576,19.827586,26,0,person,0.7748771905899048,1256,500,1321,663,65,163
576,19.827586,23,0,person,0.7520451545715332,327,590,380,770,53,180
576,19.827586,18,0,person,0.747978150844574,936,531,1024,703,88,172
576,19.827586,14,0,person,0.7454195618629456,729,558,793,733,64,175
576,19.827586,22,0,person,0.7266145348548889,1172,460,1224,623,52,163
576,19.827586,13,0,person,0.7129576206207275,852,553,914,717,62,164
576,19.827586,34,0,person,0.6884419918060303,1039,535,1101,696,62,161
576,19.827586,15,0,person,0.6295576095581055,1116,514,1184,667,68,153
576,19.827586,2,2,car,0.5807572603225708,846,487,1107,668,261,181
576,19.827586,37,0,person,0.3619508445262909,732,521,779,588,47,67
577,19.862069,1,2,car,0.8975811004638672,1524,396,1847,545,323,149
577,19.862069,9,0,person,0.8535991311073303,481,621,550,813,69,192
577,19.862069,3,2,car,0.8324834108352661,1715,384,1919,524,204,140
577,19.862069,5,0,person,0.8211495876312256,96,653,193,850,97,197
577,19.862069,24,0,person,0.815570056438446,549,561,640,738,91,177
577,19.862069,8,0,person,0.8142406940460205,384,594,481,785,97,191
577,19.862069,32,0,person,0.8125189542770386,789,596,876,755,87,159
577,19.862069,26,0,person,0.7783935070037842,1257,501,1320,662,63,161
577,19.862069,23,0,person,0.761533796787262,324,590,377,770,53,180
577,19.862069,18,0,person,0.7560563683509827,936,533,1021,703,85,170
577,19.862069,22,0,person,0.7353779673576355,1167,461,1224,622,57,161
577,19.862069,13,0,person,0.7067176699638367,848,554,913,718,65,164
577,19.862069,14,0,person,0.7022172212600708,727,557,787,734,60,177
577,19.862069,34,0,person,0.6990064978599548,1039,536,1099,696,60,160
577,19.862069,15,0,person,0.6443724632263184,1114,512,1175,667,61,155
577,19.862069,2,2,car,0.41543975472450256,845,487,1105,669,260,182
577,19.862069,37,0,person,0.31798234581947327,731,522,777,587,46,65
578,19.896552,1,2,car,0.8970305323600769,1524,395,1847,545,323,150
578,19.896552,3,2,car,0.8325294852256775,1714,384,1919,524,205,140
578,19.896552,9,0,person,0.8318646550178528,468,621,550,813,82,192
578,19.896552,5,0,person,0.8169735670089722,93,653,189,850,96,197
578,19.896552,32,0,person,0.8081766963005066,786,594,876,756,90,162
578,19.896552,8,0,person,0.805726945400238,384,593,478,785,94,192
578,19.896552,24,0,person,0.7989053726196289,546,562,635,738,89,176
578,19.896552,26,0,person,0.7764812707901001,1257,499,1318,662,61,163
578,19.896552,18,0,person,0.7709508538246155,935,533,1019,703,84,170
578,19.896552,23,0,person,0.751870334148407,319,591,375,770,56,179
578,19.896552,22,0,person,0.7158193588256836,1160,462,1223,623,63,161
578,19.896552,13,0,person,0.7138864994049072,846,555,912,717,66,162
578,19.896552,34,0,person,0.7120163440704346,1036,539,1099,698,63,159
578,19.896552,14,0,person,0.6538991332054138,728,556,781,738,53,182
578,19.896552,15,0,person,0.6170802712440491,1112,513,1172,667,60,154
578,19.896552,2,2,car,0.4509262442588806,846,487,1151,654,305,167
578,19.896552,37,0,person,0.2731233537197113,728,523,774,587,46,64
579,19.931034,1,2,car,0.8983377814292908,1524,396,1847,545,323,149
579,19.931034,9,0,person,0.841284990310669,460,622,550,814,90,192
579,19.931034,3,2,car,0.8299410939216614,1714,384,1919,524,205,140
579,19.931034,32,0,person,0.812394917011261,786,595,874,757,88,162
579,19.931034,24,0,person,0.7951308488845825,549,562,629,739,80,177
579,19.931034,8,0,person,0.7929301857948303,385,592,477,784,92,192
579,19.931034,18,0,person,0.7744672298431396,937,534,1016,704,79,170
579,19.931034,26,0,person,0.7659681439399719,1257,498,1315,662,58,164
579,19.931034,23,0,person,0.7567101120948792,306,591,373,770,67,179
579,19.931034,22,0,person,0.7336016893386841,1155,465,1223,623,68,158
579,19.931034,34,0,person,0.7103362083435059,1038,539,1099,699,61,160
579,19.931034,5,0,person,0.7072007060050964,92,655,183,851,91,196
579,19.931034,13,0,person,0.6849740147590637,841,556,910,717,69,161
579,19.931034,14,0,person,0.6548733115196228,723,557,780,739,57,182
579,19.931034,15,0,person,0.6190516948699951,1110,513,1166,667,56,154
579,19.931034,2,2,car,0.4221472442150116,846,487,1144,655,298,168
579,19.931034,37,0,person,0.2981970012187958,724,523,772,594,48,71
580,19.965517,1,2,car,0.8968111872673035,1524,395,1847,545,323,150
580,19.965517,9,0,person,0.8324149250984192,450,623,550,816,100,193
580,19.965517,3,2,car,0.8264212012290955,1715,384,1919,524,204,140
580,19.965517,32,0,person,0.8044057488441467,786,595,869,758,83,163
580,19.965517,23,0,person,0.787941038608551,295,592,373,770,78,178
580,19.965517,18,0,person,0.7847921252250671,936,533,1011,705,75,172
580,19.965517,24,0,person,0.7844632267951965,548,562,622,739,74,177
580,19.965517,8,0,person,0.7778556942939758,385,593,463,786,78,193
580,19.965517,26,0,person,0.7509191632270813,1256,497,1308,663,52,166
580,19.965517,22,0,person,0.7482389807701111,1151,465,1221,623,70,158
580,19.965517,5,0,person,0.7384764552116394,85,657,174,851,89,194
580,19.965517,34,0,person,0.7216301560401917,1036,538,1097,700,61,162
580,19.965517,15,0,person,0.6856985688209534,1110,513,1163,665,53,152
580,19.965517,13,0,person,0.6523978114128113,839,553,903,719,64,166
580,19.965517,14,0,person,0.6378858089447021,722,560,780,742,58,182
580,19.965517,2,2,car,0.4021066427230835,846,488,1149,654,303,166
580,19.965517,37,0,person,0.2851918935775757,719,525,770,598,51,73
581,20.0,1,2,car,0.8930008411407471,1524,395,1847,545,323,150
581,20.0,9,0,person,0.8523151278495789,444,624,550,816,106,192
581,20.0,3,2,car,0.816074550151825,1716,384,1919,524,203,140
581,20.0,23,0,person,0.8109647631645203,286,593,373,770,87,177
581,20.0,32,0,person,0.7973411679267883,786,596,865,758,79,162
581,20.0,22,0,person,0.7891771793365479,1151,464,1221,623,70,159
581,20.0,18,0,person,0.7764648795127869,937,537,1007,705,70,168
581,20.0,24,0,person,0.7733256816864014,547,561,614,740,67,179
581,20.0,8,0,person,0.7552287578582764,384,592,453,785,69,193
581,20.0,26,0,person,0.7316265106201172,1256,496,1305,663,49,167
581,20.0,34,0,person,0.7109054923057556,1036,539,1095,700,59,161
581,20.0,15,0,person,0.6752530336380005,1109,515,1161,668,52,153
581,20.0,14,0,person,0.6590608954429626,718,560,777,744,59,184
581,20.0,5,0,person,0.6486896872520447,79,656,167,851,88,195
581,20.0,13,0,person,0.6477599740028381,834,554,896,722,62,168
581,20.0,2,2,car,0.43372753262519836,847,488,1131,660,284,172
582,20.034483,1,2,car,0.8948507308959961,1524,395,1847,545,323,150
582,20.034483,9,0,person,0.8414285182952881,443,626,549,816,106,190
582,20.034483,23,0,person,0.8297436833381653,280,593,373,770,93,177
582,20.034483,3,2,car,0.8214911222457886,1715,384,1919,524,204,140
582,20.034483,22,0,person,0.8039023280143738,1148,463,1221,623,73,160
582,20.034483,5,0,person,0.7687544226646423,76,656,158,851,82,195
582,20.034483,8,0,person,0.7573556303977966,384,593,446,785,62,192
582,20.034483,32,0,person,0.7533054351806641,787,596,858,758,71,162
582,20.034483,18,0,person,0.7507473230361938,937,535,1003,705,66,170
582,20.034483,26,0,person,0.7385029792785645,1255,497,1302,664,47,167
582,20.034483,24,0,person,0.7310944199562073,545,561,607,740,62,179
582,20.034483,13,0,person,0.6872820258140564,831,553,891,722,60,169
582,20.034483,14,0,person,0.6666117906570435,719,563,775,744,56,181
582,20.034483,15,0,person,0.6411533951759338,1108,515,1160,669,52,154
582,20.034483,34,0,person,0.6158446073532104,1036,539,1093,699,57,160
582,20.034483,38,0,person,0.5412142276763916,687,523,758,689,71,166
582,20.034483,2,2,car,0.5090951323509216,849,488,1111,658,262,170
583,20.068966,1,2,car,0.8909971117973328,1524,395,1847,545,323,150
583,20.068966,23,0,person,0.8488914966583252,275,596,373,770,98,174
583,20.068966,9,0,person,0.8436418175697327,439,627,549,817,110,190
583,20.068966,22,0,person,0.816697359085083,1146,465,1221,623,75,158
583,20.068966,3,2,car,0.8160054087638855,1718,385,1919,524,201,139
583,20.068966,8,0,person,0.7695960998535156,383,593,436,785,53,192
583,20.068966,26,0,person,0.7565190196037292,1251,497,1298,665,47,168
583,20.068966,24,0,person,0.7511388063430786,540,560,596,741,56,181
583,20.068966,32,0,person,0.7479677796363831,786,596,849,758,63,162
583,20.068966,5,0,person,0.726929247379303,68,657,145,851,77,194
583,20.068966,18,0,person,0.7014301419258118,935,535,996,705,61,170
583,20.068966,14,0,person,0.6711193323135376,717,560,773,745,56,185
583,20.068966,34,0,person,0.5988770723342896,1031,538,1083,701,52,163
583,20.068966,15,0,person,0.5873250365257263,1104,515,1161,670,57,155
583,20.068966,13,0,person,0.5826076865196228,828,553,881,729,53,176
583,20.068966,2,2,car,0.5513067245483398,850,487,1114,656,264,169
583,20.068966,38,0,person,0.5075274705886841,688,524,754,689,66,165
584,20.103448,1,2,car,0.8876266479492188,1524,396,1846,545,322,149
584,20.103448,23,0,person,0.8705451488494873,275,597,372,771,97,174
584,20.103448,9,0,person,0.8444936275482178,437,628,549,816,112,188
584,20.103448,3,2,car,0.8238369226455688,1716,385,1919,524,203,139
584,20.103448,22,0,person,0.8167014122009277,1144,464,1219,623,75,159
584,20.103448,8,0,person,0.809564471244812,378,595,433,786,55,191
584,20.103448,5,0,person,0.7688437104225159,62,658,135,850,73,192
584,20.103448,24,0,person,0.7677908539772034,536,560,592,741,56,181
584,20.103448,26,0,person,0.7601052522659302,1250,497,1296,665,46,168
584,20.103448,32,0,person,0.7266433238983154,785,597,842,758,57,161
584,20.103448,14,0,person,0.7199075818061829,718,558,772,746,54,188
584,20.103448,18,0,person,0.6918786764144897,933,536,989,706,56,170
584,20.103448,2,2,car,0.6325752139091492,850,487,1120,662,270,175
584,20.103448,13,0,person,0.6225245594978333,825,551,876,725,51,174
584,20.103448,38,0,person,0.5797383189201355,687,524,751,689,64,165
584,20.103448,15,0,person,0.5278249382972717,1103,515,1158,672,55,157
584,20.103448,34,0,person,0.5216377377510071,1028,539,1076,703,48,164
585,20.137931,1,2,car,0.8856163024902344,1524,396,1847,545,323,149
585,20.137931,23,0,person,0.8735038638114929,277,598,371,773,94,175
585,20.137931,9,0,person,0.8551031351089478,438,628,548,817,110,189
585,20.137931,5,0,person,0.8218271732330322,57,657,132,851,75,194
585,20.137931,3,2,car,0.8213070631027222,1716,385,1919,524,203,139
585,20.137931,8,0,person,0.8168730139732361,372,596,428,786,56,190
585,20.137931,24,0,person,0.813822865486145,533,560,585,740,52,180
585,20.137931,22,0,person,0.7911254167556763,1142,463,1216,623,74,160
585,20.137931,26,0,person,0.7659532427787781,1248,497,1293,665,45,168
585,20.137931,18,0,person,0.7323703169822693,932,536,983,705,51,169
585,20.137931,14,0,person,0.7055432200431824,713,562,772,749,59,187
585,20.137931,32,0,person,0.683881938457489,778,596,836,758,58,162
585,20.137931,13,0,person,0.6001989245414734,821,552,871,724,50,172
585,20.137931,15,0,person,0.5805984735488892,1100,513,1154,671,54,158
585,20.137931,38,0,person,0.538664698600769,686,527,747,690,61,163
585,20.137931,2,2,car,0.5359649658203125,848,487,1113,667,265,180
585,20.137931,34,0,person,0.4468507766723633,1030,539,1076,701,46,162
586,20.172414,1,2,car,0.8888941407203674,1524,396,1846,545,322,149
586,20.172414,9,0,person,0.8560757040977478,439,625,546,817,107,192
586,20.172414,23,0,person,0.8436009287834167,273,597,371,775,98,178
586,20.172414,24,0,person,0.8281756043434143,529,560,584,739,55,179
586,20.172414,3,2,car,0.8256053924560547,1716,385,1919,524,203,139
586,20.172414,8,0,person,0.8228104114532471,368,596,424,786,56,190
586,20.172414,5,0,person,0.8198297023773193,52,657,131,851,79,194
586,20.172414,22,0,person,0.7771933674812317,1141,463,1214,622,73,159
586,20.172414,26,0,person,0.7751747369766235,1244,497,1291,665,47,168
586,20.172414,18,0,person,0.726381242275238,932,534,981,705,49,171
586,20.172414,14,0,person,0.7263004779815674,713,561,772,749,59,188
586,20.172414,13,0,person,0.6986277103424072,819,550,863,728,44,178
586,20.172414,32,0,person,0.6900234818458557,776,597,829,757,53,160
586,20.172414,15,0,person,0.6698349118232727,1098,515,1151,670,53,155
586,20.172414,2,2,car,0.6337244510650635,848,488,1116,649,268,161
586,20.172414,38,0,person,0.6307995319366455,686,526,745,691,59,165
586,20.172414,34,0,person,0.4657444953918457,1026,537,1070,701,44,164
587,20.206897,1,2,car,0.8888559341430664,1524,396,1846,545,322,149
587,20.206897,9,0,person,0.8436324000358582,438,627,544,817,106,190
587,20.206897,24,0,person,0.8362922668457031,524,561,584,740,60,179
587,20.206897,23,0,person,0.8300209045410156,272,598,369,777,97,179
587,20.206897,3,2,car,0.823384165763855,1716,385,1919,524,203,139
587,20.206897,5,0,person,0.8205270171165466,47,657,129,853,82,196
587,20.206897,8,0,person,0.8008366823196411,362,595,421,787,59,192
587,20.206897,26,0,person,0.7713523507118225,1241,497,1289,664,48,167
587,20.206897,22,0,person,0.7624791264533997,1139,462,1208,623,69,161
587,20.206897,13,0,person,0.7269334197044373,816,550,860,726,44,176
587,20.206897,14,0,person,0.7119191288948059,711,564,771,750,60,186
587,20.206897,18,0,person,0.6988145709037781,928,534,978,705,50,171
587,20.206897,32,0,person,0.652556300163269,769,597,820,761,51,164
587,20.206897,15,0,person,0.6505147814750671,1096,516,1151,671,55,155
587,20.206897,2,2,car,0.6377704739570618,847,488,1115,650,268,162
587,20.206897,38,0,person,0.602263331413269,689,525,742,691,53,166
587,20.206897,34,0,person,0.4652501940727234,1020,536,1071,701,51,165
588,20.241379,1,2,car,0.8855219483375549,1524,396,1846,546,322,150
588,20.241379,9,0,person,0.8335641622543335,437,626,539,817,102,191
588,20.241379,24,0,person,0.8324219584465027,516,561,584,740,68,179
588,20.241379,23,0,person,0.8299539089202881,274,599,365,777,91,178
588,20.241379,5,0,person,0.8265882730484009,42,657,130,853,88,196
588,20.241379,3,2,car,0.826440691947937,1714,385,1919,524,205,139
588,20.241379,8,0,person,0.7938576340675354,359,596,419,787,60,191
588,20.241379,26,0,person,0.7780810594558716,1237,499,1287,664,50,165
588,20.241379,13,0,person,0.7438034415245056,814,551,858,726,44,175
588,20.241379,22,0,person,0.7315633893013,1136,461,1203,622,67,161
588,20.241379,18,0,person,0.7140853404998779,924,533,977,706,53,173
588,20.241379,2,2,car,0.7027902603149414,846,488,1112,641,266,153
588,20.241379,14,0,person,0.6912289261817932,711,565,770,750,59,185
588,20.241379,32,0,person,0.6834945678710938,759,598,819,762,60,164
588,20.241379,15,0,person,0.6746034026145935,1094,516,1150,672,56,156
588,20.241379,38,0,person,0.6006066203117371,688,524,740,690,52,166
588,20.241379,34,0,person,0.5842968821525574,1021,542,1067,701,46,159
589,20.275862,1,2,car,0.888245165348053,1523,396,1847,545,324,149
589,20.275862,9,0,person,0.8506028652191162,437,626,531,817,94,191
589,20.275862,5,0,person,0.8325558304786682,31,657,129,853,98,196
589,20.275862,3,2,car,0.8275139331817627,1714,385,1919,524,205,139
589,20.275862,24,0,person,0.8245679140090942,506,562,583,741,77,179
589,20.275862,23,0,person,0.8060640096664429,271,599,365,777,94,178
589,20.275862,8,0,person,0.8022818565368652,352,596,416,787,64,191
589,20.275862,26,0,person,0.790543258190155,1229,499,1286,665,57,166
589,20.275862,2,2,car,0.7371588945388794,847,488,1112,648,265,160
589,20.275862,32,0,person,0.725711464881897,763,600,817,761,54,161
589,20.275862,13,0,person,0.7165838479995728,808,552,857,726,49,174
589,20.275862,18,0,person,0.7027647495269775,918,535,977,705,59,170
589,20.275862,22,0,person,0.6850298643112183,1136,461,1195,618,59,157
589,20.275862,15,0,person,0.6810430884361267,1092,516,1149,672,57,156
589,20.275862,14,0,person,0.6744371652603149,707,563,764,748,57,185
589,20.275862,34,0,person,0.6696564555168152,1018,545,1066,700,48,155
589,20.275862,38,0,person,0.6268064379692078,688,526,736,689,48,163
590,20.310345,1,2,car,0.8872135877609253,1523,396,1847,545,324,149
590,20.310345,5,0,person,0.8717129826545715,29,657,128,852,99,195
590,20.310345,24,0,person,0.8481190204620361,491,562,584,741,93,179
590,20.310345,3,2,car,0.8256995677947998,1715,384,1919,524,204,140
590,20.310345,9,0,person,0.8063353300094604,437,624,526,816,89,192
590,20.310345,8,0,person,0.8018855452537537,339,596,416,788,77,192
590,20.310345,23,0,person,0.8014591932296753,273,597,356,777,83,180
590,20.310345,26,0,person,0.7925451993942261,1222,500,1285,663,63,163
590,20.310345,32,0,person,0.7900357842445374,747,598,818,762,71,164
590,20.310345,2,2,car,0.7701693177223206,847,488,1112,656,265,168
590,20.310345,18,0,person,0.7185865044593811,908,534,978,706,70,172
590,20.310345,13,0,person,0.688819169998169,804,552,857,724,53,172
590,20.310345,22,0,person,0.6819758415222168,1134,461,1191,617,57,156
590,20.310345,15,0,person,0.6644754409790039,1089,517,1148,671,59,154
590,20.310345,14,0,person,0.6128453612327576,707,564,757,749,50,185
590,20.310345,34,0,person,0.6122408509254456,1015,544,1066,700,51,156
590,20.310345,38,0,person,0.6040568351745605,686,525,734,687,48,162
591,20.344828,1,2,car,0.885168194770813,1523,396,1847,545,324,149
591,20.344828,5,0,person,0.8698840141296387,25,657,126,852,101,195
591,20.344828,24,0,person,0.8547425270080566,493,563,583,742,90,179
591,20.344828,8,0,person,0.824459969997406,327,599,417,789,90,190
591,20.344828,3,2,car,0.821019172668457,1714,384,1919,524,205,140
591,20.344828,9,0,person,0.7972493171691895,437,626,517,816,80,190
591,20.344828,26,0,person,0.7871569991111755,1215,499,1284,665,69,166
591,20.344828,23,0,person,0.780645489692688,273,597,351,777,78,180
591,20.344828,32,0,person,0.7665731310844421,742,599,817,760,75,161
591,20.344828,2,2,car,0.7389931082725525,847,488,1111,656,264,168
591,20.344828,18,0,person,0.7375026345252991,901,534,978,707,77,173
591,20.344828,13,0,person,0.6967329978942871,801,552,857,726,56,174
591,20.344828,15,0,person,0.6551821827888489,1087,520,1147,672,60,152
591,20.344828,22,0,person,0.6371092796325684,1130,461,1183,617,53,156
591,20.344828,14,0,person,0.6317962408065796,710,566,757,747,47,181
591,20.344828,34,0,person,0.6310360431671143,1008,545,1066,700,58,155
591,20.344828,38,0,person,0.5933152437210083,684,525,732,690,48,165
592,20.37931,1,2,car,0.8857104778289795,1523,396,1847,545,324,149
592,20.37931,24,0,person,0.856490969657898,487,564,583,741,96,177
592,20.37931,5,0,person,0.8554596900939941,22,657,127,854,105,197
592,20.37931,8,0,person,0.8372986316680908,320,598,417,789,97,191
592,20.37931,3,2,car,0.8214833736419678,1715,384,1919,524,204,140
592,20.37931,9,0,person,0.8030394315719604,436,624,511,817,75,193
592,20.37931,26,0,person,0.802967369556427,1209,502,1284,664,75,162
592,20.37931,18,0,person,0.761064887046814,894,533,980,707,86,174
592,20.37931,32,0,person,0.7501417994499207,738,599,817,760,79,161
592,20.37931,23,0,person,0.7264786958694458,274,597,346,777,72,180
592,20.37931,2,2,car,0.7204821705818176,847,487,1107,658,260,171
592,20.37931,13,0,person,0.7020355463027954,798,551,857,725,59,174
592,20.37931,14,0,person,0.6547960042953491,705,565,751,749,46,184
592,20.37931,22,0,person,0.6531813144683838,1128,460,1176,617,48,157
592,20.37931,34,0,person,0.6480188369750977,1000,546,1066,700,66,154
592,20.37931,15,0,person,0.645150899887085,1085,521,1147,673,62,152
592,20.37931,38,0,person,0.608884334564209,683,525,730,690,47,165
593,20.413793,1,2,car,0.8878620862960815,1523,396,1846,546,323,150
593,20.413793,5,0,person,0.8677286505699158,19,656,124,853,105,197
593,20.413793,8,0,person,0.8579689860343933,317,600,416,789,99,189
593,20.413793,24,0,person,0.8441967964172363,486,565,582,741,96,176
593,20.413793,3,2,car,0.8227875828742981,1715,384,1919,524,204,140
593,20.413793,26,0,person,0.8139294981956482,1205,502,1285,665,80,163
593,20.413793,9,0,person,0.8112409710884094,434,623,501,817,67,194
593,20.413793,18,0,person,0.7757375836372375,892,533,980,707,88,174
593,20.413793,32,0,person,0.771192729473114,737,600,818,761,81,161
593,20.413793,23,0,person,0.738760769367218,272,595,339,777,67,182
593,20.413793,34,0,person,0.7265880107879639,990,545,1066,699,76,154
593,20.413793,2,2,car,0.7111619710922241,846,487,1103,657,257,170
593,20.413793,13,0,person,0.6947300434112549,796,554,858,725,62,171
593,20.413793,22,0,person,0.6669769883155823,1125,459,1172,617,47,158
593,20.413793,15,0,person,0.6661728024482727,1085,521,1146,672,61,151
593,20.413793,14,0,person,0.6308470368385315,699,566,747,746,48,180
593,20.413793,38,0,person,0.5862987041473389,680,524,729,689,49,165
594,20.448276,1,2,car,0.88885498046875,1523,396,1846,546,323,150
594,20.448276,5,0,person,0.8635234832763672,14,656,121,853,107,197
594,20.448276,24,0,person,0.8385294675827026,482,567,581,742,99,175
594,20.448276,8,0,person,0.834709644317627,313,597,415,788,102,191
594,20.448276,26,0,person,0.8259334564208984,1207,503,1286,665,79,162
594,20.448276,3,2,car,0.8158237338066101,1716,384,1919,524,203,140
594,20.448276,32,0,person,0.8011902570724487,736,600,817,762,81,162
594,20.448276,18,0,person,0.7904655933380127,888,532,977,708,89,176
594,20.448276,9,0,person,0.7726740837097168,432,623,493,818,61,195
594,20.448276,34,0,person,0.7553310394287109,983,543,1066,699,83,156
594,20.448276,23,0,person,0.7453321218490601,271,595,327,777,56,182
594,20.448276,13,0,person,0.7127658724784851,794,555,857,725,63,170
594,20.448276,2,2,car,0.7083261013031006,846,487,1102,656,256,169
594,20.448276,14,0,person,0.6910473704338074,696,565,746,745,50,180
594,20.448276,22,0,person,0.669261634349823,1121,458,1169,620,48,162
594,20.448276,15,0,person,0.6618310809135437,1086,520,1145,671,59,151
594,20.448276,38,0,person,0.5727687478065491,677,524,723,689,46,165
595,20.482759,1,2,car,0.8894730806350708,1523,396,1846,545,323,149
595,20.482759,8,0,person,0.8629153370857239,314,598,415,790,101,192
595,20.482759,5,0,person,0.8547993302345276,9,657,114,853,105,196
595,20.482759,24,0,person,0.8363574147224426,483,567,577,742,94,175
595,20.482759,26,0,person,0.8311925530433655,1206,502,1285,664,79,162
595,20.482759,3,2,car,0.814531147480011,1722,386,1919,524,197,138
595,20.482759,32,0,person,0.8068554401397705,733,601,816,762,83,161
595,20.482759,18,0,person,0.8051573038101196,886,533,967,709,81,176
595,20.482759,34,0,person,0.7671339511871338,978,545,1065,699,87,154
595,20.482759,9,0,person,0.7646282315254211,426,623,483,820,57,197
595,20.482759,23,0,person,0.7347341179847717,267,596,315,778,48,182
595,20.482759,14,0,person,0.7275588512420654,692,566,745,743,53,177
595,20.482759,2,2,car,0.7239678502082825,846,487,1099,655,253,168
595,20.482759,13,0,person,0.7048286199569702,789,554,857,725,68,171
595,20.482759,15,0,person,0.6563584804534912,1084,521,1143,671,59,150
595,20.482759,22,0,person,0.6529250741004944,1117,458,1167,622,50,164
595,20.482759,38,0,person,0.6170246601104736,673,525,720,690,47,165
596,20.517241,1,2,car,0.8928366899490356,1523,396,1846,546,323,150
596,20.517241,5,0,person,0.8634234666824341,4,657,107,853,103,196
596,20.517241,8,0,person,0.8469730019569397,312,599,415,791,103,192
596,20.517241,26,0,person,0.8413772583007812,1205,503,1285,664,80,161
596,20.517241,24,0,person,0.8256908655166626,481,563,574,742,93,179
596,20.517241,3,2,car,0.8181428909301758,1716,384,1919,524,203,140
596,20.517241,18,0,person,0.8097537755966187,886,534,965,710,79,176
596,20.517241,32,0,person,0.8031555414199829,732,602,815,762,83,160
596,20.517241,34,0,person,0.7844566106796265,975,548,1066,699,91,151
596,20.517241,14,0,person,0.7624529600143433,687,568,744,744,57,176
596,20.517241,23,0,person,0.7476422190666199,262,594,310,780,48,186
596,20.517241,9,0,person,0.7441005110740662,421,623,475,822,54,199
596,20.517241,13,0,person,0.7424322962760925,784,555,856,725,72,170
596,20.517241,22,0,person,0.6667691469192505,1116,459,1163,620,47,161
596,20.517241,15,0,person,0.6656773686408997,1084,519,1137,670,53,151
596,20.517241,38,0,person,0.635134756565094,670,525,718,696,48,171
596,20.517241,2,2,car,0.623231053352356,845,487,1099,657,254,170
597,20.551724,1,2,car,0.8889862895011902,1523,396,1846,546,323,150
597,20.551724,8,0,person,0.8511303663253784,311,600,414,791,103,191
597,20.551724,26,0,person,0.8441911339759827,1206,503,1284,664,78,161
597,20.551724,5,0,person,0.8332880139350891,2,658,98,854,96,196
597,20.551724,3,2,car,0.8181106448173523,1716,384,1919,524,203,140
597,20.551724,18,0,person,0.8071784973144531,887,540,965,711,78,171
597,20.551724,24,0,person,0.8061768412590027,480,564,569,743,89,179
597,20.551724,34,0,person,0.800476610660553,972,545,1065,700,93,155
597,20.551724,32,0,person,0.7810492515563965,733,602,810,762,77,160
597,20.551724,9,0,person,0.7773460745811462,415,625,473,824,58,199
597,20.551724,14,0,person,0.7730949521064758,682,567,744,745,62,178
597,20.551724,23,0,person,0.7629085779190063,258,597,309,780,51,183
597,20.551724,13,0,person,0.7370397448539734,779,552,855,726,76,174
597,20.551724,22,0,person,0.6834048628807068,1113,460,1161,620,48,160
597,20.551724,38,0,person,0.6450764536857605,667,525,718,695,51,170
597,20.551724,2,2,car,0.6277109980583191,845,486,1097,658,252,172
597,20.551724,15,0,person,0.6239084601402283,1084,520,1131,670,47,150
598,20.586207,1,2,car,0.8900464177131653,1523,395,1846,546,323,151
598,20.586207,8,0,person,0.8435866832733154,311,601,411,792,100,191
598,20.586207,26,0,person,0.8418493866920471,1206,502,1284,663,78,161
598,20.586207,5,0,person,0.821907103061676,0,658,92,853,92,195
598,20.586207,3,2,car,0.813662588596344,1716,384,1919,524,203,140
598,20.586207,24,0,person,0.8110039234161377,478,563,562,742,84,179
598,20.586207,18,0,person,0.8016553521156311,886,540,964,712,78,172
598,20.586207,32,0,person,0.7985716462135315,732,602,804,761,72,159
598,20.586207,34,0,person,0.7890772223472595,966,548,1064,700,98,152
598,20.586207,14,0,person,0.7874918580055237,672,566,743,745,71,179
598,20.586207,9,0,person,0.7818315625190735,401,625,472,825,71,200
598,20.586207,23,0,person,0.7748759388923645,249,598,308,782,59,184
598,20.586207,13,0,person,0.7669662237167358,777,552,852,726,75,174
598,20.586207,22,0,person,0.7078707218170166,1111,458,1161,620,50,162
598,20.586207,38,0,person,0.6758732795715332,659,527,716,692,57,165
598,20.586207,15,0,person,0.6617798805236816,1083,519,1130,670,47,151
598,20.586207,2,2,car,0.5573594570159912,845,486,1099,662,254,176
599,20.62069,1,2,car,0.8905288577079773,1524,396,1846,545,322,149
599,20.62069,8,0,person,0.8436142206192017,310,601,408,793,98,192
599,20.62069,26,0,person,0.8415112495422363,1205,502,1283,665,78,163
599,20.62069,5,0,person,0.8320984244346619,0,656,79,853,79,197
599,20.62069,3,2,car,0.818642795085907,1716,385,1919,524,203,139
599,20.62069,9,0,person,0.815666913986206,390,624,473,823,83,199
599,20.62069,18,0,person,0.8114623427391052,886,536,963,713,77,177
599,20.62069,23,0,person,0.800136387348175,235,598,308,781,73,183
599,20.62069,24,0,person,0.7945454716682434,477,562,556,742,79,180
599,20.62069,34,0,person,0.782236635684967,973,545,1061,699,88,154
599,20.62069,14,0,person,0.7753278017044067,662,569,742,746,80,177
599,20.62069,13,0,person,0.7344808578491211,774,552,848,726,74,174
599,20.62069,32,0,person,0.7327967286109924,732,603,796,760,64,157
599,20.62069,38,0,person,0.6683422923088074,652,527,713,694,61,167
599,20.62069,22,0,person,0.6643438339233398,1105,459,1162,621,57,162
599,20.62069,15,0,person,0.6510212421417236,1081,520,1127,669,46,149
599,20.62069,2,2,car,0.6003856062889099,845,487,1102,663,257,176
600,20.655172,1,2,car,0.8890634775161743,1524,396,1846,545,322,149
600,20.655172,5,0,person,0.8419359922409058,0,654,70,853,70,199
600,20.655172,8,0,person,0.8321338295936584,311,600,405,795,94,195
600,20.655172,26,0,person,0.8265653252601624,1204,501,1281,666,77,165
600,20.655172,23,0,person,0.8222272992134094,224,599,308,783,84,184
600,20.655172,9,0,person,0.8172322511672974,382,628,473,822,91,194
600,20.655172,3,2,car,0.8157957792282104,1712,386,1918,523,206,137
600,20.655172,24,0,person,0.7951081991195679,476,562,548,741,72,179
600,20.655172,18,0,person,0.7941320538520813,887,539,962,713,75,174
600,20.655172,14,0,person,0.7847275733947754,654,571,742,747,88,176
600,20.655172,34,0,person,0.77944415807724,970,543,1059,699,89,156
600,20.655172,13,0,person,0.7661670446395874,771,554,844,730,73,176
600,20.655172,38,0,person,0.6838025450706482,649,527,711,695,62,168
600,20.655172,22,0,person,0.6738698482513428,1102,459,1161,621,59,162
600,20.655172,32,0,person,0.6728416085243225,732,603,788,760,56,157
600,20.655172,2,2,car,0.6501157283782959,847,487,1111,665,264,178
600,20.655172,15,0,person,0.6183099150657654,1077,519,1125,669,48,150
601,20.689655,1,2,car,0.8872877955436707,1523,396,1847,544,324,148
601,20.689655,5,0,person,0.8461934328079224,0,653,62,854,62,201
601,20.689655,26,0,person,0.82807457447052,1203,500,1278,666,75,166
601,20.689655,8,0,person,0.8268657326698303,309,600,398,796,89,196
601,20.689655,3,2,car,0.8183119297027588,1714,386,1918,524,204,138
601,20.689655,9,0,person,0.8126504421234131,371,628,473,823,102,195
601,20.689655,23,0,person,0.8067463040351868,217,602,309,785,92,183
601,20.689655,24,0,person,0.7934468984603882,477,561,542,742,65,181
601,20.689655,18,0,person,0.7864089012145996,887,540,962,713,75,173
601,20.689655,14,0,person,0.7860285043716431,650,570,740,747,90,177
601,20.689655,13,0,person,0.7427271008491516,768,554,838,730,70,176
601,20.689655,34,0,person,0.7347463369369507,968,545,1056,698,88,153
601,20.689655,38,0,person,0.6979590654373169,647,526,708,693,61,167
601,20.689655,22,0,person,0.6933770775794983,1100,458,1163,621,63,163
601,20.689655,32,0,person,0.6789652109146118,730,603,781,761,51,158
601,20.689655,2,2,car,0.5941891670227051,847,487,1117,665,270,178
601,20.689655,15,0,person,0.5794180631637573,1074,519,1123,670,49,151
602,20.724138,1,2,car,0.8883437514305115,1523,396,1847,544,324,148
602,20.724138,5,0,person,0.84707111120224,0,653,62,855,62,202
602,20.724138,26,0,person,0.830017626285553,1202,498,1274,666,72,168
602,20.724138,9,0,person,0.8272885084152222,369,625,474,822,105,197
602,20.724138,3,2,car,0.8193983435630798,1714,386,1918,523,204,137
602,20.724138,14,0,person,0.8187049627304077,650,571,740,748,90,177
602,20.724138,23,0,person,0.8121495842933655,212,607,310,784,98,177
602,20.724138,8,0,person,0.8074153065681458,311,600,392,796,81,196
602,20.724138,13,0,person,0.7738683819770813,765,553,831,728,66,175
602,20.724138,24,0,person,0.770547091960907,473,561,532,742,59,181
602,20.724138,18,0,person,0.7693181037902832,888,540,958,713,70,173
602,20.724138,22,0,person,0.7440309524536133,1101,457,1164,619,63,162
602,20.724138,34,0,person,0.722734808921814,965,542,1054,700,89,158
602,20.724138,38,0,person,0.7100046873092651,643,526,705,695,62,169
602,20.724138,32,0,person,0.6407344341278076,728,602,775,763,47,161
602,20.724138,2,2,car,0.636323094367981,847,488,1120,671,273,183
602,20.724138,15,0,person,0.554802417755127,1073,520,1122,670,49,150
603,20.758621,1,2,car,0.8894377946853638,1523,396,1847,544,324,148
603,20.758621,5,0,person,0.8391238451004028,0,654,63,854,63,200
603,20.758621,3,2,car,0.8217556476593018,1713,386,1918,523,205,137
603,20.758621,23,0,person,0.821393609046936,209,607,308,785,99,178
603,20.758621,9,0,person,0.8199465870857239,367,629,473,821,106,192
603,20.758621,26,0,person,0.8152731657028198,1202,498,1271,665,69,167
603,20.758621,14,0,person,0.797902524471283,649,570,738,748,89,178
603,20.758621,8,0,person,0.7848234176635742,309,601,387,795,78,194
603,20.758621,13,0,person,0.780136227607727,763,553,824,729,61,176
603,20.758621,24,0,person,0.7708526253700256,468,561,524,743,56,182
603,20.758621,18,0,person,0.7494233250617981,888,538,957,713,69,175
603,20.758621,22,0,person,0.7343631386756897,1093,457,1163,617,70,160
603,20.758621,34,0,person,0.706322193145752,966,541,1049,700,83,159
603,20.758621,38,0,person,0.7010587453842163,635,527,702,698,67,171
603,20.758621,32,0,person,0.6689097881317139,724,604,768,760,44,156
603,20.758621,2,2,car,0.6054648756980896,847,488,1120,666,273,178
603,20.758621,15,0,person,0.5631374716758728,1071,520,1121,671,50,151
604,20.793103,1,2,car,0.8904429078102112,1523,396,1847,544,324,148
604,20.793103,5,0,person,0.8516755104064941,0,655,62,855,62,200
604,20.793103,23,0,person,0.8306566476821899,208,608,308,785,100,177
604,20.793103,3,2,car,0.8218112587928772,1713,386,1918,523,205,137
604,20.793103,9,0,person,0.8048417568206787,364,629,472,823,108,194
604,20.793103,14,0,person,0.7956653833389282,648,569,737,749,89,180
604,20.793103,8,0,person,0.7953773140907288,310,600,381,795,71,195
604,20.793103,26,0,person,0.7881788611412048,1202,499,1265,665,63,166
604,20.793103,13,0,person,0.7738600373268127,760,552,814,729,54,177
604,20.793103,24,0,person,0.7585544586181641,465,562,516,746,51,184
604,20.793103,18,0,person,0.7344306111335754,888,536,953,713,65,177
604,20.793103,22,0,person,0.7231088876724243,1093,457,1162,615,69,158
604,20.793103,38,0,person,0.7154915928840637,634,527,698,700,64,173
604,20.793103,32,0,person,0.6958349943161011,717,601,766,762,49,161
604,20.793103,15,0,person,0.6900640726089478,1068,520,1120,671,52,151
604,20.793103,34,0,person,0.6706421971321106,964,538,1042,698,78,160
604,20.793103,2,2,car,0.5906489491462708,847,488,1120,665,273,177
605,20.827586,1,2,car,0.8884766101837158,1523,395,1847,544,324,149
605,20.827586,23,0,person,0.84412682056427,208,608,307,786,99,178
605,20.827586,5,0,person,0.834035336971283,0,656,62,852,62,196
605,20.827586,3,2,car,0.8198288083076477,1714,386,1918,523,204,137
605,20.827586,9,0,person,0.8189055323600769,361,631,472,823,111,192
605,20.827586,8,0,person,0.8067346215248108,309,600,373,796,64,196
605,20.827586,26,0,person,0.7601495981216431,1202,499,1260,665,58,166
605,20.827586,18,0,person,0.7554044723510742,887,538,946,713,59,175
605,20.827586,32,0,person,0.7509764432907104,711,601,764,762,53,161
605,20.827586,13,0,person,0.7374247312545776,755,552,805,727,50,175
605,20.827586,24,0,person,0.7351465225219727,461,563,515,746,54,183
605,20.827586,38,0,person,0.7252457737922668,635,527,696,701,61,174
605,20.827586,14,0,person,0.7168319225311279,648,570,725,749,77,179
605,20.827586,15,0,person,0.7129062414169312,1066,518,1119,671,53,153
605,20.827586,22,0,person,0.7109836935997009,1095,456,1157,617,62,161
605,20.827586,34,0,person,0.6201847791671753,964,537,1035,697,71,160
605,20.827586,2,2,car,0.46389061212539673,847,487,1115,667,268,180
606,20.862069,1,2,car,0.889906108379364,1523,396,1847,544,324,148
606,20.862069,5,0,person,0.839934229850769,0,656,61,853,61,197
606,20.862069,9,0,person,0.831068217754364,358,632,472,824,114,192
606,20.862069,3,2,car,0.8188062906265259,1713,386,1918,523,205,137
606,20.862069,32,0,person,0.8097010254859924,700,600,764,762,64,162
606,20.862069,23,0,person,0.8080142736434937,208,608,304,786,96,178
606,20.862069,8,0,person,0.7853854894638062,301,602,365,794,64,192
606,20.862069,26,0,person,0.7505918741226196,1200,497,1255,663,55,166
606,20.862069,18,0,person,0.7333371639251709,884,537,943,712,59,175
606,20.862069,24,0,person,0.7149498462677002,451,564,515,750,64,186
606,20.862069,13,0,person,0.70799320936203,752,552,799,729,47,177
606,20.862069,14,0,person,0.7006495594978333,648,569,720,749,72,180
606,20.862069,34,0,person,0.6871000528335571,963,537,1027,697,64,160
606,20.862069,15,0,person,0.682622492313385,1059,517,1117,672,58,155
606,20.862069,38,0,person,0.6712080836296082,638,528,692,701,54,173
606,20.862069,22,0,person,0.634498655796051,1092,457,1152,620,60,163
606,20.862069,2,2,car,0.4155965745449066,847,488,1115,655,268,167
607,20.896552,1,2,car,0.88685142993927,1523,396,1847,544,324,148
607,20.896552,9,0,person,0.8384732604026794,359,630,468,825,109,195
607,20.896552,5,0,person,0.8330385088920593,0,656,61,853,61,197
607,20.896552,3,2,car,0.8191345930099487,1713,386,1918,523,205,137
607,20.896552,23,0,person,0.809938907623291,208,608,300,786,92,178
607,20.896552,8,0,person,0.8003634214401245,295,601,360,795,65,194
607,20.896552,32,0,person,0.7958483099937439,693,602,765,763,72,161
607,20.896552,18,0,person,0.7757695317268372,880,539,939,712,59,173
607,20.896552,26,0,person,0.7753653526306152,1192,498,1250,664,58,166
607,20.896552,24,0,person,0.7383628487586975,440,565,515,748,75,183
607,20.896552,14,0,person,0.7223703861236572,648,573,716,747,68,174
607,20.896552,15,0,person,0.7121008038520813,1047,521,1114,672,67,151
607,20.896552,13,0,person,0.6950668692588806,751,551,795,731,44,180
607,20.896552,34,0,person,0.6582196950912476,964,536,1020,698,56,162
607,20.896552,38,0,person,0.6422432661056519,637,529,689,701,52,172
607,20.896552,22,0,person,0.6224835515022278,1093,455,1143,611,50,156
607,20.896552,2,2,car,0.45481619238853455,848,486,1082,653,234,167
608,20.931034,1,2,car,0.8860439658164978,1524,395,1847,545,323,150
608,20.931034,5,0,person,0.831034779548645,0,656,62,853,62,197
608,20.931034,9,0,person,0.8296917676925659,360,631,466,825,106,194
608,20.931034,3,2,car,0.8153964877128601,1714,386,1918,523,204,137
608,20.931034,8,0,person,0.8065218329429626,287,601,360,797,73,196
608,20.931034,23,0,person,0.7988221645355225,209,610,292,786,83,176
608,20.931034,32,0,person,0.7887804508209229,688,604,764,762,76,158
608,20.931034,24,0,person,0.7786675691604614,433,568,513,751,80,183
608,20.931034,26,0,person,0.7784822583198547,1187,497,1248,666,61,169
608,20.931034,15,0,person,0.7606933116912842,1043,516,1114,672,71,156
608,20.931034,18,0,person,0.7588003277778625,876,543,936,712,60,169
608,20.931034,13,0,person,0.7042465209960938,749,554,795,729,46,175
608,20.931034,14,0,person,0.693134069442749,649,571,711,750,62,179
608,20.931034,34,0,person,0.6910359263420105,959,536,1012,699,53,163
608,20.931034,38,0,person,0.64772629737854,636,529,686,700,50,171
608,20.931034,22,0,person,0.5668863654136658,1091,454,1141,617,50,163
608,20.931034,2,2,car,0.4934500753879547,848,489,1132,646,284,157
609,20.965517,1,2,car,0.8860321044921875,1524,395,1847,545,323,150
609,20.965517,9,0,person,0.8345536589622498,360,631,460,825,100,194
609,20.965517,3,2,car,0.815212070941925,1714,386,1918,523,204,137
609,20.965517,32,0,person,0.8053624629974365,683,605,763,763,80,158
609,20.965517,8,0,person,0.7993305325508118,282,602,360,800,78,198
609,20.965517,5,0,person,0.7937245965003967,0,671,61,853,61,182
609,20.965517,15,0,person,0.7728469371795654,1039,519,1113,671,74,152
609,20.965517,24,0,person,0.7697081565856934,429,569,513,746,84,177
609,20.965517,26,0,person,0.7628734111785889,1185,498,1246,669,61,171
609,20.965517,18,0,person,0.7394742965698242,873,544,934,714,61,170
609,20.965517,23,0,person,0.7343709468841553,208,608,282,786,74,178
609,20.965517,14,0,person,0.7197110056877136,648,570,712,750,64,180
609,20.965517,13,0,person,0.7020383477210999,746,555,794,729,48,174
609,20.965517,34,0,person,0.6765539646148682,955,537,1005,698,50,161
609,20.965517,38,0,person,0.6469025611877441,633,530,682,702,49,172
609,20.965517,22,0,person,0.5496497750282288,1087,452,1133,603,46,151
609,20.965517,2,2,car,0.5324690341949463,847,488,1133,650,286,162
610,21.0,1,2,car,0.894962728023529,1524,396,1847,544,323,148
610,21.0,3,2,car,0.8278201818466187,1714,386,1918,523,204,137
610,21.0,9,0,person,0.8063644170761108,360,631,450,825,90,194
610,21.0,32,0,person,0.7867146730422974,684,606,763,765,79,159
610,21.0,24,0,person,0.7831448912620544,424,568,513,749,89,181
610,21.0,8,0,person,0.7797107696533203,276,603,360,801,84,198
610,21.0,15,0,person,0.776646614074707,1036,520,1113,672,77,152
610,21.0,26,0,person,0.7629101872444153,1183,498,1244,668,61,170
610,21.0,18,0,person,0.7309877276420593,871,548,932,717,61,169
610,21.0,13,0,person,0.7267088294029236,742,554,793,725,51,171
610,21.0,5,0,person,0.7208905220031738,0,676,62,854,62,178
610,21.0,23,0,person,0.7189142107963562,208,608,275,786,67,178
610,21.0,34,0,person,0.6756749749183655,952,538,997,702,45,164
610,21.0,14,0,person,0.6459842324256897,648,570,707,750,59,180
610,21.0,38,0,person,0.627921998500824,631,529,675,699,44,170
610,21.0,22,0,person,0.5836293697357178,1085,450,1132,603,47,153
610,21.0,2,2,car,0.5354735255241394,848,488,1122,651,274,163
611,21.034483,1,2,car,0.895207941532135,1523,396,1847,544,324,148
611,21.034483,3,2,car,0.8283163905143738,1714,386,1918,523,204,137
611,21.034483,9,0,person,0.7969057559967041,359,632,443,825,84,193
611,21.034483,32,0,person,0.7907648682594299,681,607,764,766,83,159
611,21.034483,15,0,person,0.7898972630500793,1035,522,1112,673,77,151
611,21.034483,8,0,person,0.7814311385154724,272,605,359,802,87,197
611,21.034483,26,0,person,0.7725027799606323,1180,500,1242,669,62,169
611,21.034483,24,0,person,0.7643870115280151,423,569,513,749,90,180
611,21.034483,13,0,person,0.7314310073852539,737,554,794,726,57,172
611,21.034483,23,0,person,0.7076739072799683,206,607,260,786,54,179
611,21.034483,34,0,person,0.6954140067100525,949,540,995,703,46,163
611,21.034483,18,0,person,0.6881265640258789,869,548,931,717,62,169
611,21.034483,14,0,person,0.6802037358283997,645,569,703,750,58,181
611,21.034483,22,0,person,0.6571652889251709,1084,449,1131,592,47,143
611,21.034483,5,0,person,0.6394550204277039,0,680,60,854,60,174
611,21.034483,38,0,person,0.631319522857666,626,529,671,697,45,168
611,21.034483,2,2,car,0.5392732620239258,848,488,1125,652,277,164
612,21.068966,1,2,car,0.8912699818611145,1523,396,1847,544,324,148
612,21.068966,8,0,person,0.8504166007041931,267,606,353,803,86,197
612,21.068966,3,2,car,0.8307950496673584,1714,386,1918,523,204,137
612,21.068966,9,0,person,0.7945173382759094,359,631,434,825,75,194
612,21.068966,15,0,person,0.792104959487915,1039,522,1112,672,73,150
612,21.068966,26,0,person,0.7905282378196716,1178,501,1241,668,63,167
612,21.068966,24,0,person,0.7845101952552795,428,571,511,753,83,182
612,21.068966,23,0,person,0.7624788284301758,199,606,251,786,52,180
612,21.068966,32,0,person,0.7595528364181519,679,610,764,765,85,155
612,21.068966,13,0,person,0.746806263923645,737,556,794,726,57,170
612,21.068966,34,0,person,0.7150370478630066,944,538,995,704,51,166
612,21.068966,18,0,person,0.7135920524597168,869,549,931,721,62,172
612,21.068966,22,0,person,0.6399648189544678,1082,449,1127,614,45,165
612,21.068966,2,2,car,0.6013233661651611,848,487,1079,651,231,164
612,21.068966,14,0,person,0.5709655284881592,643,574,698,746,55,172
612,21.068966,38,0,person,0.5224927067756653,624,530,674,681,50,151
612,21.068966,5,0,person,0.3698461353778839,0,690,47,852,47,162
613,21.103448,1,2,car,0.8950920104980469,1523,396,1847,544,324,148
613,21.103448,8,0,person,0.8606157898902893,263,607,350,800,87,193
613,21.103448,3,2,car,0.8310145139694214,1713,386,1918,523,205,137
613,21.103448,26,0,person,0.8204583525657654,1177,502,1238,668,61,166
613,21.103448,24,0,person,0.8092663884162903,426,571,511,754,85,183
613,21.103448,15,0,person,0.7914459109306335,1038,524,1113,673,75,149
613,21.103448,9,0,person,0.7889357805252075,361,631,428,827,67,196
613,21.103448,13,0,person,0.787064790725708,732,557,793,726,61,169
613,21.103448,32,0,person,0.7691464424133301,679,608,761,766,82,158
613,21.103448,23,0,person,0.7577588558197021,192,607,246,786,54,179
613,21.103448,18,0,person,0.7537379264831543,862,549,929,723,67,174
613,21.103448,34,0,person,0.7201558947563171,935,546,995,705,60,159
613,21.103448,22,0,person,0.6498944163322449,1081,449,1125,607,44,158
613,21.103448,38,0,person,0.6497921943664551,620,531,673,673,53,142
613,21.103448,14,0,person,0.6028452515602112,643,583,688,751,45,168
613,21.103448,2,2,car,0.569341778755188,848,487,1076,652,228,165
614,21.137931,1,2,car,0.8958961367607117,1523,396,1847,544,324,148
614,21.137931,8,0,person,0.8543826341629028,259,608,349,801,90,193
614,21.137931,3,2,car,0.831479012966156,1713,386,1918,523,205,137
614,21.137931,24,0,person,0.816447377204895,419,573,508,755,89,182
614,21.137931,26,0,person,0.8071467280387878,1174,502,1237,668,63,166
614,21.137931,15,0,person,0.8045650720596313,1036,525,1112,674,76,149
614,21.137931,32,0,person,0.7829864025115967,676,607,759,767,83,160
614,21.137931,9,0,person,0.7695329785346985,355,631,416,826,61,195
614,21.137931,13,0,person,0.7662943601608276,728,558,793,727,65,169
614,21.137931,23,0,person,0.7497700452804565,186,607,244,787,58,180
614,21.137931,18,0,person,0.7352882027626038,861,550,927,723,66,173
614,21.137931,34,0,person,0.7134559750556946,928,545,994,702,66,157
614,21.137931,22,0,person,0.6646096110343933,1076,449,1124,599,48,150
614,21.137931,14,0,person,0.5879071950912476,639,579,684,755,45,176
614,21.137931,38,0,person,0.5835688710212708,615,532,668,687,53,155
614,21.137931,2,2,car,0.48710891604423523,847,489,1117,650,270,161
615,21.172414,1,2,car,0.8963800072669983,1523,396,1847,544,324,148
615,21.172414,8,0,person,0.8733485341072083,255,607,348,802,93,195
615,21.172414,3,2,car,0.8267683386802673,1714,386,1918,523,204,137
615,21.172414,9,0,person,0.8139160871505737,349,632,406,825,57,193
615,21.172414,15,0,person,0.8094189763069153,1033,523,1110,674,77,151
615,21.172414,24,0,person,0.8056482076644897,419,574,506,755,87,181
615,21.172414,26,0,person,0.7944908738136292,1173,503,1236,669,63,166
615,21.172414,34,0,person,0.7520630955696106,921,543,994,702,73,159
615,21.172414,32,0,person,0.744195818901062,677,610,751,767,74,157
615,21.172414,18,0,person,0.7316250801086426,856,553,924,724,68,171
615,21.172414,13,0,person,0.7284616827964783,723,559,792,730,69,171
615,21.172414,14,0,person,0.7116460204124451,634,573,683,757,49,184
615,21.172414,23,0,person,0.7067062854766846,182,607,241,787,59,180
615,21.172414,22,0,person,0.663989245891571,1073,450,1123,603,50,153
615,21.172414,38,0,person,0.6161791682243347,613,534,665,689,52,155
615,21.172414,2,2,car,0.4963615834712982,848,488,1115,651,267,163
616,21.206897,1,2,car,0.8931388854980469,1522,396,1847,544,325,148
616,21.206897,8,0,person,0.8865971565246582,253,610,346,802,93,192
616,21.206897,3,2,car,0.8235039114952087,1717,385,1919,524,202,139
616,21.206897,9,0,person,0.8154412508010864,341,633,400,825,59,192
616,21.206897,24,0,person,0.8038915395736694,417,574,500,756,83,182
616,21.206897,15,0,person,0.7856332063674927,1037,526,1107,674,70,148
616,21.206897,26,0,person,0.7852793335914612,1171,505,1236,671,65,166
616,21.206897,23,0,person,0.7795394062995911,175,604,242,786,67,182
616,21.206897,34,0,person,0.7691273093223572,918,545,994,702,76,157
616,21.206897,18,0,person,0.7678508758544922,855,552,923,722,68,170
616,21.206897,13,0,person,0.7607827186584473,720,560,792,733,72,173
616,21.206897,32,0,person,0.7263264656066895,671,607,743,768,72,161
616,21.206897,14,0,person,0.7015763521194458,628,574,681,757,53,183
616,21.206897,2,2,car,0.6895696520805359,848,486,1113,654,265,168
616,21.206897,38,0,person,0.6674116849899292,607,533,663,694,56,161
616,21.206897,22,0,person,0.6347447633743286,1072,450,1121,594,49,144
617,21.241379,1,2,car,0.8929933309555054,1523,396,1847,545,324,149
617,21.241379,8,0,person,0.8640722632408142,251,609,346,804,95,195
617,21.241379,3,2,car,0.82300865650177,1716,385,1919,524,203,139
617,21.241379,24,0,person,0.811004638671875,418,573,494,756,76,183
617,21.241379,26,0,person,0.7834351062774658,1167,504,1238,671,71,167
617,21.241379,9,0,person,0.7709872722625732,336,633,399,826,63,193
617,21.241379,13,0,person,0.7656958699226379,717,557,790,734,73,177
617,21.241379,23,0,person,0.7626399397850037,166,607,241,786,75,179
617,21.241379,34,0,person,0.7511547207832336,915,548,993,702,78,154
617,21.241379,15,0,person,0.7493711709976196,1036,527,1105,675,69,148
617,21.241379,18,0,person,0.7467485666275024,856,555,921,726,65,171
617,21.241379,14,0,person,0.7309130430221558,613,575,683,757,70,182
617,21.241379,32,0,person,0.7075316309928894,668,606,738,768,70,162
617,21.241379,38,0,person,0.6694443821907043,593,532,659,696,66,164
617,21.241379,2,2,car,0.6584492325782776,847,485,1114,660,267,175
617,21.241379,22,0,person,0.5751828551292419,1069,450,1120,594,51,144
618,21.275862,1,2,car,0.8925702571868896,1523,396,1847,545,324,149
618,21.275862,8,0,person,0.829681932926178,251,609,343,808,92,199
618,21.275862,3,2,car,0.8246575593948364,1716,385,1919,524,203,139
618,21.275862,24,0,person,0.8084207773208618,418,572,488,756,70,184
618,21.275862,26,0,person,0.7967546582221985,1167,504,1236,671,69,167
618,21.275862,23,0,person,0.7891362905502319,155,607,242,786,87,179
618,21.275862,9,0,person,0.7698503136634827,329,634,399,826,70,192
618,21.275862,13,0,person,0.7617431282997131,713,555,784,735,71,180
618,21.275862,14,0,person,0.7454747557640076,606,574,682,756,76,182
618,21.275862,32,0,person,0.7382400631904602,663,605,735,768,72,163
618,21.275862,18,0,person,0.7324346899986267,857,555,919,726,62,171
618,21.275862,15,0,person,0.7295858263969421,1035,526,1101,674,66,148
618,21.275862,34,0,person,0.7153035998344421,914,547,993,702,79,155
618,21.275862,2,2,car,0.6547350287437439,847,486,1119,655,272,169
618,21.275862,38,0,person,0.6233826875686646,582,534,655,696,73,162
618,21.275862,22,0,person,0.5785309672355652,1067,450,1118,593,51,143
619,21.310345,1,2,car,0.8889718651771545,1522,395,1847,545,325,150
619,21.310345,8,0,person,0.8323104381561279,251,608,336,807,85,199
619,21.310345,3,2,car,0.8134965300559998,1713,386,1918,524,205,138
619,21.310345,13,0,person,0.8024196624755859,712,556,781,736,69,180
619,21.310345,23,0,person,0.7977837324142456,154,608,242,786,88,178
619,21.310345,26,0,person,0.7971154451370239,1167,505,1235,671,68,166
619,21.310345,9,0,person,0.7822379469871521,316,633,399,825,83,192
619,21.310345,14,0,person,0.7695310115814209,599,572,682,756,83,184
619,21.310345,24,0,person,0.7602005004882812,418,571,480,755,62,184
619,21.310345,18,0,person,0.7408357262611389,855,554,918,729,63,175
619,21.310345,32,0,person,0.713168203830719,663,604,726,769,63,165
619,21.310345,2,2,car,0.7019879221916199,847,485,1121,656,274,171
619,21.310345,15,0,person,0.6977816820144653,1033,525,1095,675,62,150
619,21.310345,22,0,person,0.6566550731658936,1064,450,1117,595,53,145
619,21.310345,38,0,person,0.6218576431274414,581,534,653,699,72,165
619,21.310345,34,0,person,0.5718521475791931,913,542,991,703,78,161
620,21.344828,1,2,car,0.8927762508392334,1523,395,1847,545,324,150
620,21.344828,8,0,person,0.8445173501968384,250,610,333,807,83,197
620,21.344828,3,2,car,0.820465087890625,1716,385,1919,524,203,139
620,21.344828,9,0,person,0.8064277768135071,306,633,397,826,91,193
620,21.344828,13,0,person,0.7981805205345154,707,557,774,737,67,180
620,21.344828,23,0,person,0.786203920841217,143,609,242,787,99,178
620,21.344828,26,0,person,0.7841436266899109,1168,506,1235,671,67,165
620,21.344828,14,0,person,0.7812343239784241,595,573,682,756,87,183
620,21.344828,18,0,person,0.7510595321655273,852,554,917,729,65,175
620,21.344828,2,2,car,0.7490569353103638,844,487,1120,664,276,177
620,21.344828,24,0,person,0.749011218547821,415,571,470,755,55,184
620,21.344828,15,0,person,0.7374136447906494,1031,521,1090,674,59,153
620,21.344828,32,0,person,0.7155935764312744,664,605,719,771,55,166
620,21.344828,38,0,person,0.6471951007843018,579,536,648,698,69,162
620,21.344828,22,0,person,0.6112621426582336,1062,450,1117,594,55,144
620,21.344828,34,0,person,0.439169317483902,912,543,988,704,76,161
621,21.37931,1,2,car,0.8930864930152893,1523,395,1847,545,324,150
621,21.37931,9,0,person,0.844491720199585,298,634,397,827,99,193
621,21.37931,8,0,person,0.8287894129753113,251,611,330,808,79,197
621,21.37931,3,2,car,0.8209032416343689,1716,385,1919,524,203,139
621,21.37931,23,0,person,0.8065825700759888,142,609,242,786,100,177
621,21.37931,2,2,car,0.7879596948623657,845,485,1121,662,276,177
621,21.37931,24,0,person,0.775095522403717,412,571,465,755,53,184
621,21.37931,26,0,person,0.7732627987861633,1167,506,1233,671,66,165
621,21.37931,14,0,person,0.7660670876502991,595,583,679,757,84,174
621,21.37931,15,0,person,0.7622949481010437,1032,522,1085,674,53,152
621,21.37931,18,0,person,0.7307633757591248,852,553,915,730,63,177
621,21.37931,32,0,person,0.7206117510795593,665,605,715,774,50,169
621,21.37931,13,0,person,0.6845468282699585,706,559,757,736,51,177
621,21.37931,22,0,person,0.6800535321235657,1058,450,1115,591,57,141
621,21.37931,38,0,person,0.6728813052177429,578,539,646,700,68,161
621,21.37931,34,0,person,0.5433990359306335,913,541,986,704,73,163
622,21.413793,1,2,car,0.8921269178390503,1523,395,1847,545,324,150
622,21.413793,9,0,person,0.8437020182609558,292,634,396,827,104,193
622,21.413793,3,2,car,0.8201510310173035,1716,385,1919,524,203,139
622,21.413793,15,0,person,0.8015246391296387,1033,519,1080,676,47,157
622,21.413793,2,2,car,0.7910449504852295,845,486,1123,662,278,176
622,21.413793,23,0,person,0.7907502055168152,141,607,240,785,99,178
622,21.413793,14,0,person,0.7882963418960571,595,578,675,757,80,179
622,21.413793,8,0,person,0.7751235961914062,251,613,326,808,75,195
622,21.413793,24,0,person,0.77374267578125,408,572,458,756,50,184
622,21.413793,26,0,person,0.7700607776641846,1167,505,1229,671,62,166
622,21.413793,32,0,person,0.7486422061920166,666,605,714,775,48,170
622,21.413793,18,0,person,0.7291012406349182,852,555,913,731,61,176
622,21.413793,22,0,person,0.6992475986480713,1055,449,1114,589,59,140
622,21.413793,13,0,person,0.6817820072174072,704,560,755,736,51,176
622,21.413793,34,0,person,0.6441531777381897,910,540,984,703,74,163
622,21.413793,38,0,person,0.59184330701828,576,535,641,699,65,164
623,21.448276,1,2,car,0.8907964825630188,1523,395,1847,545,324,150
623,21.448276,9,0,person,0.8527313470840454,289,637,395,828,106,191
623,21.448276,3,2,car,0.8158948421478271,1716,385,1919,524,203,139
623,21.448276,14,0,person,0.7889265418052673,594,576,669,757,75,181
623,21.448276,23,0,person,0.7773685455322266,138,609,239,786,101,177
623,21.448276,15,0,person,0.7768279910087585,1030,521,1076,677,46,156
623,21.448276,24,0,person,0.7699489593505859,406,571,457,754,51,183
623,21.448276,8,0,person,0.757161557674408,250,613,320,806,70,193
623,21.448276,26,0,person,0.7555639147758484,1166,505,1227,671,61,166
623,21.448276,2,2,car,0.7545449137687683,845,485,1124,660,279,175
623,21.448276,32,0,person,0.741454541683197,655,605,713,776,58,171
623,21.448276,13,0,person,0.7195788025856018,701,560,750,733,49,173
623,21.448276,18,0,person,0.7137570977210999,852,556,910,730,58,174
623,21.448276,22,0,person,0.7126803994178772,1051,448,1112,587,61,139
623,21.448276,34,0,person,0.6776127815246582,909,542,980,704,71,162
623,21.448276,38,0,person,0.6171744465827942,582,537,640,691,58,154
624,21.482759,1,2,car,0.8859664797782898,1522,395,1847,545,325,150
624,21.482759,9,0,person,0.8444345593452454,286,637,395,829,109,192
624,21.482759,3,2,car,0.815281867980957,1716,385,1919,524,203,139
624,21.482759,23,0,person,0.8010312914848328,137,606,237,786,100,180
624,21.482759,24,0,person,0.7835250496864319,401,573,456,756,55,183
624,21.482759,15,0,person,0.77998948097229,1025,520,1071,679,46,159
624,21.482759,8,0,person,0.7765946984291077,250,613,310,807,60,194
624,21.482759,32,0,person,0.7744907736778259,645,607,713,775,68,168
624,21.482759,26,0,person,0.7719361782073975,1166,504,1222,671,56,167
624,21.482759,14,0,person,0.754327118396759,592,577,671,756,79,179
624,21.482759,13,0,person,0.741529107093811,697,559,745,735,48,176
624,21.482759,2,2,car,0.7242844700813293,845,485,1125,662,280,177
624,21.482759,22,0,person,0.7206628918647766,1047,446,1110,586,63,140
624,21.482759,18,0,person,0.7114163637161255,850,558,908,730,58,172
624,21.482759,34,0,person,0.675798237323761,908,544,979,704,71,160
624,21.482759,38,0,person,0.6368231773376465,582,536,635,702,53,166
625,21.517241,1,2,car,0.8858687281608582,1523,395,1847,546,324,151
625,21.517241,9,0,person,0.8481963276863098,283,637,395,829,112,192
625,21.517241,23,0,person,0.8275335431098938,136,606,233,786,97,180
625,21.517241,24,0,person,0.8201165199279785,392,575,457,756,65,181
625,21.517241,3,2,car,0.8124470114707947,1723,387,1919,524,196,137
625,21.517241,8,0,person,0.8105229735374451,249,613,302,806,53,193
625,21.517241,15,0,person,0.7993938326835632,1024,519,1067,680,43,161
625,21.517241,26,0,person,0.779120683670044,1166,504,1217,671,51,167
625,21.517241,32,0,person,0.761921226978302,638,609,713,776,75,167
625,21.517241,13,0,person,0.7372148633003235,696,559,741,737,45,178
625,21.517241,14,0,person,0.7368461489677429,593,577,666,757,73,180
625,21.517241,2,2,car,0.7330836653709412,845,485,1126,663,281,178
625,21.517241,22,0,person,0.7215883731842041,1044,447,1104,583,60,136
625,21.517241,18,0,person,0.7109927535057068,850,556,907,730,57,174
625,21.517241,38,0,person,0.6072061657905579,582,534,634,700,52,166
625,21.517241,34,0,person,0.5919128656387329,907,543,980,704,73,161
626,21.551724,1,2,car,0.8919728994369507,1523,396,1847,544,324,148
626,21.551724,9,0,person,0.8499583601951599,282,636,394,830,112,194
626,21.551724,24,0,person,0.8327548503875732,380,575,457,756,77,181
626,21.551724,23,0,person,0.8264685869216919,136,600,230,786,94,186
626,21.551724,8,0,person,0.8206638097763062,243,613,299,806,56,193
626,21.551724,3,2,car,0.8140192627906799,1716,385,1919,524,203,139
626,21.551724,26,0,person,0.7874089479446411,1166,504,1214,671,48,167
626,21.551724,2,2,car,0.7834108471870422,844,485,1125,661,281,176
626,21.551724,15,0,person,0.7686253786087036,1024,520,1065,680,41,160
626,21.551724,32,0,person,0.7578580379486084,635,607,714,776,79,169
626,21.551724,13,0,person,0.74106365442276,691,559,743,737,52,178
626,21.551724,22,0,person,0.7082487940788269,1044,447,1098,577,54,130
626,21.551724,18,0,person,0.6997473835945129,847,553,906,730,59,177
626,21.551724,38,0,person,0.6619760394096375,580,534,628,698,48,164
626,21.551724,14,0,person,0.5936909317970276,592,575,660,757,68,182
626,21.551724,34,0,person,0.5907455682754517,902,542,952,703,50,161
627,21.586207,1,2,car,0.8917872309684753,1523,396,1847,544,324,148
627,21.586207,9,0,person,0.8432947397232056,281,636,392,830,111,194
627,21.586207,24,0,person,0.8411763310432434,373,575,458,756,85,181
627,21.586207,3,2,car,0.8154541850090027,1716,385,1919,524,203,139
627,21.586207,8,0,person,0.81224524974823,237,613,294,806,57,193
627,21.586207,23,0,person,0.8075854182243347,136,601,224,779,88,178
627,21.586207,26,0,person,0.7986714839935303,1163,504,1209,671,46,167
627,21.586207,2,2,car,0.7948437929153442,844,486,1125,660,281,174
627,21.586207,32,0,person,0.7532734870910645,633,608,713,776,80,168
627,21.586207,15,0,person,0.7404552698135376,1012,520,1064,682,52,162
627,21.586207,13,0,person,0.7351910471916199,688,560,741,734,53,174
627,21.586207,18,0,person,0.7287833094596863,847,551,901,730,54,179
627,21.586207,22,0,person,0.6918300986289978,1043,446,1093,574,50,128
627,21.586207,38,0,person,0.6863418817520142,576,534,627,696,51,162
627,21.586207,34,0,person,0.6554428339004517,898,539,947,702,49,163
627,21.586207,14,0,person,0.6191357970237732,593,574,658,756,65,182
628,21.62069,1,2,car,0.8893430233001709,1523,395,1847,544,324,149
628,21.62069,24,0,person,0.845259428024292,369,576,458,756,89,180
628,21.62069,9,0,person,0.8270147442817688,281,636,390,830,109,194
628,21.62069,3,2,car,0.8203870058059692,1716,385,1919,524,203,139
628,21.62069,23,0,person,0.7989218831062317,136,598,221,776,85,178
628,21.62069,2,2,car,0.7938398122787476,844,486,1125,660,281,174
628,21.62069,8,0,person,0.7916523814201355,233,614,290,806,57,192
628,21.62069,26,0,person,0.7860716581344604,1160,503,1207,671,47,168
628,21.62069,32,0,person,0.7742425203323364,634,605,713,779,79,174
628,21.62069,13,0,person,0.7450679540634155,684,559,741,735,57,176
628,21.62069,18,0,person,0.743847131729126,843,552,898,730,55,178
628,21.62069,22,0,person,0.7361001968383789,1040,444,1088,567,48,123
628,21.62069,15,0,person,0.7321946620941162,1004,518,1064,681,60,163
628,21.62069,38,0,person,0.7052878737449646,574,534,623,701,49,167
628,21.62069,14,0,person,0.682467520236969,592,577,651,757,59,180
628,21.62069,34,0,person,0.6642449498176575,898,540,942,704,44,164
629,21.655172,1,2,car,0.884885847568512,1523,396,1846,545,323,149
629,21.655172,24,0,person,0.8661402463912964,360,576,458,756,98,180
629,21.655172,9,0,person,0.8183374404907227,279,636,385,830,106,194
629,21.655172,8,0,person,0.8158690333366394,229,612,287,805,58,193
629,21.655172,3,2,car,0.8149926066398621,1723,387,1919,524,196,137
629,21.655172,32,0,person,0.7961892485618591,631,612,711,779,80,167
629,21.655172,26,0,person,0.7948824763298035,1157,504,1205,671,48,167
629,21.655172,23,0,person,0.7835134267807007,137,598,215,773,78,175
629,21.655172,2,2,car,0.7804308533668518,845,486,1125,660,280,174
629,21.655172,18,0,person,0.7604907155036926,841,552,896,730,55,178
629,21.655172,13,0,person,0.7553238272666931,682,560,740,735,58,175
629,21.655172,15,0,person,0.7552594542503357,999,523,1064,678,65,155
629,21.655172,22,0,person,0.7276725769042969,1040,443,1084,565,44,122
629,21.655172,14,0,person,0.6976711750030518,591,583,639,757,48,174
629,21.655172,38,0,person,0.6800703406333923,571,534,622,701,51,167
629,21.655172,34,0,person,0.6739203333854675,894,541,940,704,46,163
630,21.689655,1,2,car,0.8877373337745667,1523,395,1847,544,324,149
630,21.689655,24,0,person,0.8632752895355225,357,576,458,756,101,180
630,21.689655,3,2,car,0.8244644403457642,1716,384,1919,524,203,140
630,21.689655,8,0,person,0.8126513361930847,224,613,286,805,62,192
630,21.689655,9,0,person,0.8089727163314819,279,635,381,832,102,197
630,21.689655,2,2,car,0.8001610636711121,846,486,1125,660,279,174
630,21.689655,32,0,person,0.7928006649017334,632,614,709,779,77,165
630,21.689655,26,0,person,0.7920740842819214,1155,504,1202,671,47,167
630,21.689655,14,0,person,0.7656845450401306,585,575,635,757,50,182
630,21.689655,23,0,person,0.7621853947639465,136,595,208,771,72,176
630,21.689655,13,0,person,0.7574653029441833,678,561,741,736,63,175
630,21.689655,18,0,person,0.7481971383094788,839,552,891,730,52,178
630,21.689655,15,0,person,0.7463428974151611,994,519,1064,679,70,160
630,21.689655,22,0,person,0.7180764675140381,1037,441,1083,565,46,124
630,21.689655,34,0,person,0.6509430408477783,890,541,939,704,49,163
630,21.689655,38,0,person,0.5249428749084473,568,533,619,701,51,168
631,21.724138,1,2,car,0.8888939619064331,1523,395,1847,544,324,149
631,21.724138,24,0,person,0.8621996641159058,356,577,455,757,99,180
631,21.724138,8,0,person,0.8392171859741211,212,616,285,806,73,190
631,21.724138,9,0,person,0.8218544125556946,280,635,372,832,92,197
631,21.724138,3,2,car,0.8207822442054749,1717,385,1919,524,202,139
631,21.724138,26,0,person,0.7943888306617737,1152,504,1201,671,49,167
631,21.724138,2,2,car,0.7933365106582642,846,486,1123,659,277,173
631,21.724138,32,0,person,0.7818790078163147,631,613,704,776,73,163
631,21.724138,18,0,person,0.7719892263412476,834,554,891,731,57,177
631,21.724138,13,0,person,0.7671513557434082,675,560,740,736,65,176
631,21.724138,14,0,person,0.7601981163024902,577,578,629,756,52,178
631,21.724138,15,0,person,0.7578377723693848,990,524,1064,677,74,153
631,21.724138,23,0,person,0.756730318069458,135,594,203,773,68,179
631,21.724138,34,0,person,0.708602786064148,886,544,938,703,52,159
631,21.724138,22,0,person,0.6954123973846436,1034,442,1082,563,48,121
631,21.724138,38,0,person,0.5894883871078491,567,533,615,664,48,131
632,21.758621,1,2,car,0.8878399133682251,1523,395,1846,545,323,150
632,21.758621,24,0,person,0.8520111441612244,357,578,455,757,98,179
632,21.758621,8,0,person,0.8324292302131653,200,615,285,806,85,191
632,21.758621,3,2,car,0.8237380981445312,1717,385,1919,524,202,139
632,21.758621,9,0,person,0.8068093061447144,280,637,368,832,88,195
632,21.758621,2,2,car,0.7983688712120056,847,487,1124,659,277,172
632,21.758621,18,0,person,0.7906123995780945,829,553,891,731,62,178
632,21.758621,14,0,person,0.7747689485549927,574,576,626,756,52,180
632,21.758621,32,0,person,0.7718684673309326,627,614,702,778,75,164
632,21.758621,26,0,person,0.7709821462631226,1144,503,1199,671,55,168
632,21.758621,15,0,person,0.7669590711593628,990,522,1063,678,73,156
632,21.758621,23,0,person,0.7604288458824158,132,593,196,771,64,178
632,21.758621,13,0,person,0.7536770701408386,671,562,742,736,71,174
632,21.758621,34,0,person,0.732518196105957,883,547,938,705,55,158
632,21.758621,22,0,person,0.6917223334312439,1031,442,1082,561,51,119
632,21.758621,38,0,person,0.5560532808303833,565,533,613,656,48,123
633,21.793103,1,2,car,0.8864279389381409,1523,395,1846,545,323,150
633,21.793103,24,0,person,0.8481590151786804,358,576,452,757,94,181
633,21.793103,8,0,person,0.8277353048324585,193,616,284,807,91,191
633,21.793103,3,2,car,0.8260753154754639,1717,385,1919,524,202,139
633,21.793103,18,0,person,0.8057774305343628,822,553,889,733,67,180
633,21.793103,9,0,person,0.8028006553649902,281,636,358,833,77,197
633,21.793103,15,0,person,0.7991421818733215,987,525,1063,679,76,154
633,21.793103,32,0,person,0.7873944640159607,622,613,697,779,75,166
633,21.793103,26,0,person,0.7871809601783752,1138,505,1199,672,61,167
633,21.793103,2,2,car,0.7855886816978455,845,487,1125,658,280,171
633,21.793103,14,0,person,0.7846322059631348,568,576,625,756,57,180
633,21.793103,13,0,person,0.7746834754943848,668,561,741,737,73,176
633,21.793103,34,0,person,0.7457505464553833,878,547,938,704,60,157
633,21.793103,23,0,person,0.7327662706375122,130,592,185,770,55,178
633,21.793103,22,0,person,0.6594516634941101,1028,442,1081,561,53,119
633,21.793103,38,0,person,0.5344117879867554,563,533,611,650,48,117
634,21.827586,1,2,car,0.8894175887107849,1523,395,1847,545,324,150
634,21.827586,24,0,person,0.8473426103591919,357,576,447,756,90,180
634,21.827586,8,0,person,0.8441734313964844,185,613,284,808,99,195
634,21.827586,3,2,car,0.8274045586585999,1716,385,1919,524,203,139
634,21.827586,18,0,person,0.8164150714874268,816,553,887,734,71,181
634,21.827586,9,0,person,0.8106192350387573,279,633,349,834,70,201
634,21.827586,2,2,car,0.8034829497337341,844,487,1125,658,281,171
634,21.827586,26,0,person,0.7978885769844055,1133,506,1199,673,66,167
634,21.827586,13,0,person,0.7974848747253418,664,560,743,736,79,176
634,21.827586,32,0,person,0.7914841175079346,615,610,691,779,76,169
634,21.827586,15,0,person,0.7846137881278992,988,523,1063,678,75,155
634,21.827586,14,0,person,0.772469162940979,562,574,626,757,64,183
634,21.827586,34,0,person,0.7339271903038025,875,550,938,704,63,154
634,21.827586,23,0,person,0.7022469639778137,127,591,180,770,53,179
634,21.827586,22,0,person,0.684802770614624,1025,442,1081,560,56,118
634,21.827586,38,0,person,0.47193634510040283,560,534,609,647,49,113
635,21.862069,1,2,car,0.8877295851707458,1523,395,1847,545,324,150
635,21.862069,8,0,person,0.8501226902008057,183,615,284,808,101,193
635,21.862069,24,0,person,0.8496493101119995,355,577,443,757,88,180
635,21.862069,3,2,car,0.8267979621887207,1716,385,1919,524,203,139
635,21.862069,18,0,person,0.8146075010299683,812,554,885,736,73,182
635,21.862069,14,0,person,0.8143822550773621,550,576,625,757,75,181
635,21.862069,26,0,person,0.8140456080436707,1127,508,1198,673,71,165
635,21.862069,2,2,car,0.8073076009750366,842,487,1123,660,281,173
635,21.862069,32,0,person,0.7912430763244629,611,611,684,779,73,168
635,21.862069,9,0,person,0.7862855195999146,274,633,340,833,66,200
635,21.862069,13,0,person,0.7739927172660828,658,562,738,737,80,175
635,21.862069,15,0,person,0.7657632827758789,987,525,1061,678,74,153
635,21.862069,34,0,person,0.7636885046958923,870,551,937,704,67,153
635,21.862069,23,0,person,0.7170288562774658,124,591,178,772,54,181
635,21.862069,22,0,person,0.678107738494873,1023,442,1080,559,57,117
635,21.862069,38,0,person,0.4604605734348297,557,533,607,647,50,114
636,21.896552,1,2,car,0.8813730478286743,1524,395,1847,546,323,151
636,21.896552,24,0,person,0.8387916684150696,355,576,437,758,82,182
636,21.896552,26,0,person,0.8268516063690186,1123,508,1198,674,75,166
636,21.896552,2,2,car,0.825537919998169,842,488,1122,660,280,172
636,21.896552,8,0,person,0.8215811252593994,178,616,282,809,104,193
636,21.896552,3,2,car,0.8191716074943542,1722,387,1919,523,197,136
636,21.896552,18,0,person,0.8153086304664612,808,555,884,737,76,182
636,21.896552,14,0,person,0.7981858849525452,540,583,626,758,86,175
636,21.896552,32,0,person,0.7892313003540039,610,611,676,779,66,168
636,21.896552,15,0,person,0.7851826548576355,987,526,1058,679,71,153
636,21.896552,13,0,person,0.7816902995109558,655,563,740,739,85,176
636,21.896552,34,0,person,0.7688391804695129,870,549,937,704,67,155
636,21.896552,9,0,person,0.7648739218711853,273,633,328,832,55,199
636,21.896552,23,0,person,0.71429842710495,119,591,177,772,58,181
636,21.896552,22,0,person,0.6573898196220398,1021,442,1078,559,57,117
636,21.896552,38,0,person,0.38141924142837524,555,534,606,666,51,132
637,21.931034,1,2,car,0.8812967538833618,1523,396,1847,545,324,149
637,21.931034,26,0,person,0.8268709778785706,1121,509,1198,674,77,165
637,21.931034,3,2,car,0.8189437389373779,1721,387,1919,524,198,137
637,21.931034,8,0,person,0.8133863806724548,177,617,281,808,104,191
637,21.931034,24,0,person,0.8123599290847778,352,575,431,758,79,183
637,21.931034,2,2,car,0.8111402988433838,844,486,1122,658,278,172
637,21.931034,18,0,person,0.80987948179245,809,556,882,738,73,182
637,21.931034,14,0,person,0.8055817484855652,533,581,625,758,92,177
637,21.931034,32,0,person,0.7755947113037109,610,610,672,779,62,169
637,21.931034,13,0,person,0.7729979157447815,653,563,730,737,77,174
637,21.931034,15,0,person,0.7526078820228577,987,526,1054,678,67,152
637,21.931034,34,0,person,0.745037853717804,866,549,935,704,69,155
637,21.931034,23,0,person,0.7258879542350769,117,594,175,772,58,178
637,21.931034,9,0,person,0.7004966139793396,268,634,320,836,52,202
637,21.931034,22,0,person,0.6773201823234558,1020,442,1078,559,58,117
638,21.965517,1,2,car,0.879909098148346,1523,396,1847,545,324,149
638,21.965517,26,0,person,0.8335552215576172,1120,510,1198,674,78,164
638,21.965517,2,2,car,0.8274838924407959,845,487,1123,660,278,173
638,21.965517,8,0,person,0.8239050507545471,175,618,278,810,103,192
638,21.965517,3,2,car,0.8178260922431946,1721,386,1919,524,198,138
638,21.965517,24,0,person,0.812170147895813,352,575,424,757,72,182
638,21.965517,18,0,person,0.8016897439956665,811,557,882,738,71,181
638,21.965517,14,0,person,0.7797288298606873,525,580,625,758,100,178
638,21.965517,13,0,person,0.7543523907661438,649,562,720,736,71,174
638,21.965517,9,0,person,0.7535720467567444,262,631,320,837,58,206
638,21.965517,34,0,person,0.7408153414726257,865,551,936,708,71,157
638,21.965517,32,0,person,0.7387316226959229,609,611,668,780,59,169
638,21.965517,15,0,person,0.7088910341262817,986,530,1049,678,63,148
638,21.965517,23,0,person,0.7087469100952148,110,594,175,773,65,179
638,21.965517,22,0,person,0.6746816635131836,1018,443,1077,555,59,112
638,21.965517,38,0,person,0.49924203753471375,529,532,594,707,65,175
639,22.0,1,2,car,0.8826956152915955,1523,396,1847,545,324,149
639,22.0,26,0,person,0.8170644640922546,1120,509,1198,675,78,166
639,22.0,3,2,car,0.8169443607330322,1721,386,1919,524,198,138
639,22.0,2,2,car,0.8128349781036377,844,487,1123,661,279,174
639,22.0,18,0,person,0.7986165881156921,810,558,880,741,70,183
639,22.0,8,0,person,0.7907274961471558,175,617,269,811,94,194
639,22.0,9,0,person,0.7719696164131165,251,636,320,837,69,201
639,22.0,14,0,person,0.7707562446594238,524,585,626,760,102,175
639,22.0,24,0,person,0.765649139881134,349,575,412,756,63,181
639,22.0,23,0,person,0.7317491173744202,98,594,176,776,78,182
639,22.0,32,0,person,0.7285625338554382,602,614,665,781,63,167
639,22.0,13,0,person,0.7269027829170227,649,562,715,737,66,175
639,22.0,34,0,person,0.6874334812164307,859,552,934,705,75,153
639,22.0,15,0,person,0.6391197443008423,986,526,1042,678,56,152
639,22.0,22,0,person,0.5771341919898987,1017,443,1075,558,58,115
639,22.0,38,0,person,0.37250497937202454,529,537,595,707,66,170
640,22.034483,1,2,car,0.8824835419654846,1523,396,1847,545,324,149
640,22.034483,9,0,person,0.8409362435340881,234,637,320,837,86,200
640,22.034483,3,2,car,0.8184692859649658,1721,386,1919,524,198,138
640,22.034483,26,0,person,0.8158857822418213,1119,509,1198,676,79,167
640,22.034483,2,2,car,0.8153855800628662,844,487,1124,662,280,175
640,22.034483,8,0,person,0.8028426170349121,174,617,263,812,89,195
640,22.034483,18,0,person,0.7960033416748047,810,559,880,741,70,182
640,22.034483,14,0,person,0.7869049310684204,522,586,623,760,101,174
640,22.034483,24,0,person,0.7831089496612549,345,576,407,757,62,181
640,22.034483,23,0,person,0.7638748288154602,88,596,177,778,89,182
640,22.034483,32,0,person,0.7552278637886047,600,614,664,780,64,166
640,22.034483,13,0,person,0.747483491897583,642,561,705,737,63,176
640,22.034483,34,0,person,0.682077169418335,857,550,932,706,75,156
640,22.034483,15,0,person,0.6642647385597229,985,523,1033,680,48,157
640,22.034483,22,0,person,0.5355678796768188,1016,441,1071,555,55,114
640,22.034483,38,0,person,0.45932823419570923,525,536,588,709,63,173
641,22.068966,1,2,car,0.8823084235191345,1523,396,1847,545,324,149
641,22.068966,9,0,person,0.8439023494720459,224,635,320,838,96,203
641,22.068966,8,0,person,0.8381821513175964,175,615,259,812,84,197
641,22.068966,2,2,car,0.8255763649940491,845,487,1123,662,278,175
641,22.068966,3,2,car,0.8195756673812866,1715,384,1919,524,204,140
641,22.068966,23,0,person,0.8131967186927795,78,595,180,779,102,184
641,22.068966,26,0,person,0.8069708943367004,1118,511,1199,675,81,164
641,22.068966,24,0,person,0.8012335896492004,344,577,399,758,55,181
641,22.068966,32,0,person,0.7859893441200256,590,614,664,780,74,166
641,22.068966,18,0,person,0.776799201965332,810,559,879,741,69,182
641,22.068966,14,0,person,0.7683316469192505,523,588,618,761,95,173
641,22.068966,13,0,person,0.7074137926101685,640,561,696,738,56,177
641,22.068966,15,0,person,0.6905277371406555,984,523,1027,679,43,156
641,22.068966,34,0,person,0.6478841304779053,853,547,929,706,76,159
641,22.068966,22,0,person,0.43966546654701233,1016,440,1065,536,49,96
641,22.068966,38,0,person,0.34073910117149353,523,538,589,707,66,169
642,22.103448,1,2,car,0.880279541015625,1523,396,1847,545,324,149
642,22.103448,9,0,person,0.8696597814559937,216,637,319,837,103,200
642,22.103448,2,2,car,0.8464994430541992,846,487,1123,663,277,176
642,22.103448,23,0,person,0.8195151686668396,77,596,178,779,101,183
642,22.103448,3,2,car,0.8178403377532959,1722,386,1919,524,197,138
642,22.103448,24,0,person,0.7977954149246216,340,577,392,760,52,183
642,22.103448,26,0,person,0.7946049571037292,1119,510,1198,677,79,167
642,22.103448,8,0,person,0.7943137884140015,174,619,254,811,80,192
642,22.103448,18,0,person,0.7805426120758057,809,559,877,741,68,182
642,22.103448,14,0,person,0.7761139273643494,522,581,615,761,93,180
642,22.103448,32,0,person,0.7708545923233032,584,613,664,781,80,168
642,22.103448,15,0,person,0.7211500406265259,982,524,1023,680,41,156
642,22.103448,13,0,person,0.6574931144714355,637,561,683,736,46,175
642,22.103448,34,0,person,0.6532087922096252,853,548,923,705,70,157
642,22.103448,41,0,person,0.5405541658401489,537,539,586,613,49,74
642,22.103448,22,0,person,0.5339466333389282,1015,440,1062,531,47,91
642,22.103448,38,0,person,0.2890854775905609,522,538,586,711,64,173
643,22.137931,1,2,car,0.8828077912330627,1523,396,1847,545,324,149
643,22.137931,2,2,car,0.8655089735984802,847,487,1123,662,276,175
643,22.137931,9,0,person,0.8607158660888672,210,641,318,837,108,196
643,22.137931,3,2,car,0.8182828426361084,1721,386,1919,524,198,138
643,22.137931,23,0,person,0.8065916299819946,75,596,180,780,105,184
643,22.137931,24,0,person,0.8009434938430786,336,577,393,763,57,186
643,22.137931,18,0,person,0.7970693111419678,807,562,876,741,69,179
643,22.137931,26,0,person,0.7916246652603149,1119,511,1197,675,78,164
643,22.137931,32,0,person,0.7894454002380371,581,614,664,781,83,167
643,22.137931,14,0,person,0.756085216999054,522,585,610,762,88,177
643,22.137931,8,0,person,0.7532766461372375,174,619,249,811,75,192
643,22.137931,15,0,person,0.7352789044380188,978,521,1019,679,41,158
643,22.137931,13,0,person,0.6768003106117249,635,562,675,734,40,172
643,22.137931,34,0,person,0.6117222309112549,852,550,919,704,67,154
643,22.137931,41,0,person,0.5383871793746948,535,539,582,627,47,88
643,22.137931,22,0,person,0.5340508222579956,1013,440,1060,529,47,89
644,22.172414,1,2,car,0.8885233998298645,1524,396,1847,545,323,149
644,22.172414,2,2,car,0.8709002733230591,848,487,1123,663,275,176
644,22.172414,9,0,person,0.8537789583206177,209,642,319,836,110,194
644,22.172414,3,2,car,0.8198975324630737,1715,385,1919,524,204,139
644,22.172414,24,0,person,0.8115720748901367,332,577,393,763,61,186
644,22.172414,32,0,person,0.8021989464759827,581,622,662,782,81,160
644,22.172414,23,0,person,0.7916454076766968,75,596,181,780,106,184
644,22.172414,18,0,person,0.7906259894371033,804,562,873,741,69,179
644,22.172414,26,0,person,0.7872459888458252,1117,511,1199,676,82,165
644,22.172414,14,0,person,0.7576814293861389,522,582,608,762,86,180
644,22.172414,13,0,person,0.731438159942627,632,561,675,736,43,175
644,22.172414,15,0,person,0.7301096320152283,976,521,1017,680,41,159
644,22.172414,8,0,person,0.7258959412574768,174,619,243,812,69,193
644,22.172414,34,0,person,0.5705395936965942,851,548,912,704,61,156
644,22.172414,22,0,person,0.5570394992828369,1011,439,1058,529,47,90
644,22.172414,41,0,person,0.4207651913166046,532,540,578,616,46,76
645,22.206897,1,2,car,0.8907044529914856,1524,396,1847,545,323,149
645,22.206897,2,2,car,0.886031448841095,848,487,1123,661,275,174
645,22.206897,9,0,person,0.8564614057540894,205,643,319,836,114,193
645,22.206897,24,0,person,0.8328657746315002,318,577,393,764,75,187
645,22.206897,3,2,car,0.8211382627487183,1715,385,1919,524,204,139
645,22.206897,32,0,person,0.801609992980957,578,621,660,782,82,161
645,22.206897,18,0,person,0.7917236089706421,800,563,870,741,70,178
645,22.206897,23,0,person,0.7782830595970154,76,598,175,778,99,180
645,22.206897,26,0,person,0.7779435515403748,1117,512,1198,676,81,164
645,22.206897,8,0,person,0.7501841187477112,174,619,239,811,65,192
645,22.206897,14,0,person,0.7423509359359741,523,586,603,761,80,175
645,22.206897,13,0,person,0.729042112827301,629,561,673,740,44,179
645,22.206897,15,0,person,0.6887274980545044,972,523,1016,679,44,156
645,22.206897,22,0,person,0.62862229347229,1010,437,1056,534,46,97
645,22.206897,34,0,person,0.6099290251731873,849,553,905,703,56,150
645,22.206897,41,0,person,0.40597060322761536,527,540,574,633,47,93
646,22.241379,1,2,car,0.8909708261489868,1524,397,1847,545,323,148
646,22.241379,2,2,car,0.875043511390686,847,486,1124,649,277,163
646,22.241379,9,0,person,0.848102331161499,203,645,316,838,113,193
646,22.241379,24,0,person,0.8437060117721558,308,577,393,763,85,186
646,22.241379,3,2,car,0.8220818042755127,1715,385,1919,524,204,139
646,22.241379,32,0,person,0.8098064661026001,578,618,660,782,82,164
646,22.241379,23,0,person,0.7882024645805359,76,596,173,777,97,181
646,22.241379,8,0,person,0.7692050337791443,173,620,233,812,60,192
646,22.241379,18,0,person,0.7636704444885254,802,563,865,742,63,179
646,22.241379,26,0,person,0.7606762051582336,1118,511,1193,676,75,165
646,22.241379,14,0,person,0.7603664994239807,522,587,600,761,78,174
646,22.241379,13,0,person,0.753883421421051,626,561,671,736,45,175
646,22.241379,15,0,person,0.7329093217849731,965,519,1015,680,50,161
646,22.241379,34,0,person,0.689323365688324,847,552,898,707,51,155
646,22.241379,22,0,person,0.6657546162605286,1003,437,1053,531,50,94
646,22.241379,41,0,person,0.4403627812862396,525,541,570,628,45,87
647,22.275862,1,2,car,0.8900779485702515,1524,397,1847,545,323,148
647,22.275862,2,2,car,0.8643370270729065,847,486,1124,648,277,162
647,22.275862,24,0,person,0.8458850383758545,300,578,392,762,92,184
647,22.275862,9,0,person,0.8435913324356079,202,646,316,839,114,193
647,22.275862,3,2,car,0.8234877586364746,1714,384,1919,524,205,140
647,22.275862,32,0,person,0.8026710748672485,566,616,658,784,92,168
647,22.275862,14,0,person,0.788130521774292,518,578,598,761,80,183
647,22.275862,23,0,person,0.7650917172431946,76,595,168,777,92,182
647,22.275862,26,0,person,0.7552839517593384,1118,511,1183,676,65,165
647,22.275862,18,0,person,0.7434212565422058,800,563,862,742,62,179
647,22.275862,13,0,person,0.7312151193618774,623,562,672,737,49,175
647,22.275862,15,0,person,0.7199262380599976,953,524,1015,678,62,154
647,22.275862,34,0,person,0.7144767045974731,843,550,890,709,47,159
647,22.275862,8,0,person,0.7063670754432678,170,616,226,810,56,194
647,22.275862,22,0,person,0.6757299304008484,1003,436,1048,526,45,90
647,22.275862,41,0,person,0.42044076323509216,524,542,566,612,42,70
648,22.310345,1,2,car,0.89183509349823,1524,397,1847,545,323,148
648,22.310345,2,2,car,0.8549324870109558,852,486,1123,649,271,163
648,22.310345,9,0,person,0.8498545289039612,202,646,312,840,110,194
648,22.310345,24,0,person,0.8455926179885864,293,577,392,761,99,184
648,22.310345,3,2,car,0.818911075592041,1716,385,1919,525,203,140
648,22.310345,32,0,person,0.8048583269119263,562,616,654,784,92,168
648,22.310345,26,0,person,0.761982262134552,1117,511,1178,677,61,166
648,22.310345,18,0,person,0.761859655380249,797,568,856,742,59,174
648,22.310345,23,0,person,0.7579343318939209,75,596,162,778,87,182
648,22.310345,8,0,person,0.7474076747894287,161,616,222,814,61,198
648,22.310345,15,0,person,0.7428682446479797,951,523,1016,677,65,154
648,22.310345,14,0,person,0.7408644556999207,515,581,592,762,77,181
648,22.310345,13,0,person,0.7246358394622803,618,563,672,737,54,174
648,22.310345,22,0,person,0.6818511486053467,1000,436,1045,524,45,88
648,22.310345,34,0,person,0.6760787963867188,843,550,885,711,42,161
648,22.310345,41,0,person,0.43387219309806824,522,543,565,613,43,70
649,22.344828,1,2,car,0.8915401101112366,1524,397,1847,545,323,148
649,22.344828,2,2,car,0.8564155101776123,851,487,1122,649,271,162
649,22.344828,24,0,person,0.8449351191520691,293,579,392,761,99,182
649,22.344828,9,0,person,0.8362590074539185,203,645,308,840,105,195
649,22.344828,3,2,car,0.8170691728591919,1716,385,1919,524,203,139
649,22.344828,26,0,person,0.7693370580673218,1117,510,1174,677,57,167
649,22.344828,15,0,person,0.7593643069267273,947,525,1016,677,69,152
649,22.344828,8,0,person,0.7533323168754578,154,618,221,815,67,197
649,22.344828,23,0,person,0.7340002059936523,74,597,156,779,82,182
649,22.344828,18,0,person,0.7338699698448181,793,565,852,744,59,179
649,22.344828,13,0,person,0.7304837107658386,614,567,672,737,58,170
649,22.344828,14,0,person,0.718894898891449,510,579,586,762,76,183
649,22.344828,34,0,person,0.6997748017311096,838,549,883,713,45,164
649,22.344828,32,0,person,0.6832116842269897,569,620,649,785,80,165
649,22.344828,22,0,person,0.6668642163276672,998,437,1043,527,45,90
649,22.344828,41,0,person,0.44783180952072144,521,542,564,616,43,74
650,22.37931,1,2,car,0.8925061225891113,1524,397,1847,545,323,148
650,22.37931,2,2,car,0.8509684801101685,851,487,1122,649,271,162
650,22.37931,9,0,person,0.8420396447181702,203,646,304,839,101,193
650,22.37931,24,0,person,0.8392877578735352,293,580,391,760,98,180
650,22.37931,3,2,car,0.8155666589736938,1716,384,1919,525,203,141
650,22.37931,15,0,person,0.7591795921325684,944,524,1016,678,72,154
650,22.37931,18,0,person,0.747987687587738,786,565,851,747,65,182
650,22.37931,8,0,person,0.744053840637207,146,619,220,821,74,202
650,22.37931,26,0,person,0.7426427006721497,1113,511,1168,677,55,166
650,22.37931,13,0,person,0.7363861799240112,610,566,672,737,62,171
650,22.37931,23,0,person,0.7298176884651184,75,598,142,778,67,180
650,22.37931,14,0,person,0.7079586982727051,510,579,580,763,70,184
650,22.37931,34,0,person,0.6966762542724609,834,548,879,711,45,163
650,22.37931,32,0,person,0.6901476979255676,574,620,644,787,70,167
650,22.37931,22,0,person,0.6542282700538635,996,435,1041,527,45,92
650,22.37931,41,0,person,0.525178849697113,516,543,561,617,45,74
651,22.413793,1,2,car,0.8911494612693787,1524,397,1847,545,323,148
651,22.413793,2,2,car,0.8729978203773499,851,488,1122,647,271,159
651,22.413793,24,0,person,0.837091863155365,290,578,389,762,99,184
651,22.413793,9,0,person,0.8279903531074524,202,645,296,840,94,195
651,22.413793,3,2,car,0.8217477202415466,1716,385,1919,525,203,140
651,22.413793,15,0,person,0.7696449160575867,941,523,1015,678,74,155
651,22.413793,13,0,person,0.7534425854682922,608,566,673,736,65,170
651,22.413793,14,0,person,0.7530703544616699,494,580,572,762,78,182
651,22.413793,26,0,person,0.7471314668655396,1111,511,1166,679,55,168
651,22.413793,8,0,person,0.7466568946838379,137,619,218,824,81,205
651,22.413793,18,0,person,0.7455959916114807,785,565,850,750,65,185
651,22.413793,23,0,person,0.7172185182571411,70,598,135,777,65,179
651,22.413793,32,0,person,0.7158170342445374,573,620,635,787,62,167
651,22.413793,34,0,person,0.6567032337188721,832,550,878,712,46,162
651,22.413793,22,0,person,0.6031329035758972,993,436,1041,529,48,93
651,22.413793,41,0,person,0.544237494468689,514,544,558,619,44,75
652,22.448276,1,2,car,0.8919535279273987,1524,397,1847,545,323,148
652,22.448276,2,2,car,0.8595852255821228,851,488,1122,647,271,159
652,22.448276,9,0,person,0.8288686275482178,199,643,288,841,89,198
652,22.448276,24,0,person,0.8268684148788452,290,578,387,762,97,184
652,22.448276,3,2,car,0.822016179561615,1715,385,1919,525,204,140
652,22.448276,8,0,person,0.7939255833625793,134,620,214,825,80,205
652,22.448276,15,0,person,0.7757183313369751,941,524,1013,678,72,154
652,22.448276,13,0,person,0.7642844319343567,606,566,672,735,66,169
652,22.448276,26,0,person,0.7631621360778809,1110,511,1164,679,54,168
652,22.448276,23,0,person,0.7488078474998474,65,596,121,777,56,181
652,22.448276,14,0,person,0.7462150454521179,493,583,569,765,76,182
652,22.448276,18,0,person,0.7299952507019043,786,567,849,752,63,185
652,22.448276,32,0,person,0.7213500142097473,571,618,628,783,57,165
652,22.448276,22,0,person,0.6307164430618286,991,437,1037,526,46,89
652,22.448276,34,0,person,0.5968977212905884,829,549,878,710,49,161
652,22.448276,41,0,person,0.5193158984184265,510,543,555,620,45,77
653,22.482759,1,2,car,0.8891233801841736,1524,397,1847,546,323,149
653,22.482759,2,2,car,0.8741648197174072,849,488,1120,647,271,159
653,22.482759,3,2,car,0.8157094717025757,1715,385,1919,525,204,140
653,22.482759,24,0,person,0.8155361413955688,290,581,383,762,93,181
653,22.482759,8,0,person,0.8103039264678955,128,622,212,819,84,197
653,22.482759,9,0,person,0.8070306181907654,202,644,279,840,77,196
653,22.482759,23,0,person,0.7799757719039917,57,596,113,778,56,182
653,22.482759,26,0,person,0.7656559944152832,1112,511,1164,680,52,169
653,22.482759,15,0,person,0.7553699016571045,940,524,1007,680,67,156
653,22.482759,13,0,person,0.745055615901947,602,566,670,736,68,170
653,22.482759,18,0,person,0.7375189065933228,776,569,848,755,72,186
653,22.482759,14,0,person,0.7208699584007263,491,580,564,767,73,187
653,22.482759,32,0,person,0.6967175006866455,566,616,622,784,56,168
653,22.482759,22,0,person,0.6399903297424316,986,437,1034,525,48,88
653,22.482759,34,0,person,0.6038100123405457,825,549,877,711,52,162
653,22.482759,41,0,person,0.5189913511276245,507,543,551,617,44,74
654,22.517241,1,2,car,0.8904642462730408,1524,397,1847,545,323,148
654,22.517241,2,2,car,0.8652467727661133,848,488,1120,648,272,160
654,22.517241,24,0,person,0.8284081816673279,289,580,378,762,89,182
654,22.517241,8,0,person,0.8219116926193237,121,623,215,816,94,193
654,22.517241,3,2,car,0.8161278963088989,1715,385,1919,525,204,140
654,22.517241,23,0,person,0.7917066216468811,49,597,109,777,60,180
654,22.517241,9,0,person,0.7745369076728821,200,643,270,839,70,196
654,22.517241,18,0,person,0.7696444392204285,773,571,847,754,74,183
654,22.517241,15,0,person,0.7500002980232239,940,523,1004,679,64,156
654,22.517241,26,0,person,0.7424951791763306,1112,511,1162,684,50,173
654,22.517241,13,0,person,0.7296913862228394,600,568,669,738,69,170
654,22.517241,32,0,person,0.696863055229187,564,620,613,787,49,167
654,22.517241,14,0,person,0.6815328598022461,500,579,560,768,60,189
654,22.517241,34,0,person,0.5976908802986145,821,555,878,712,57,157
654,22.517241,22,0,person,0.5770955681800842,983,436,1032,523,49,87
654,22.517241,41,0,person,0.4651610255241394,503,544,549,615,46,71
655,22.551724,1,2,car,0.8885847330093384,1524,397,1847,546,323,149
655,22.551724,2,2,car,0.8327471017837524,848,488,1120,647,272,159
655,22.551724,8,0,person,0.822201132774353,115,625,214,816,99,191
655,22.551724,3,2,car,0.8143846988677979,1715,385,1919,525,204,140
655,22.551724,24,0,person,0.8139467239379883,289,579,372,762,83,183
655,22.551724,23,0,person,0.7878469228744507,44,594,108,776,64,182
655,22.551724,18,0,person,0.7842968106269836,771,572,846,755,75,183
655,22.551724,26,0,person,0.7742618322372437,1098,512,1161,683,63,171
655,22.551724,9,0,person,0.766638457775116,197,642,261,839,64,197
655,22.551724,13,0,person,0.7278003692626953,595,567,667,738,72,171
655,22.551724,15,0,person,0.6975310444831848,937,521,998,677,61,156
655,22.551724,14,0,person,0.6854356527328491,498,582,557,768,59,186
655,22.551724,32,0,person,0.6799646019935608,556,618,613,788,57,170
655,22.551724,22,0,person,0.6118731498718262,980,436,1030,524,50,88
655,22.551724,34,0,person,0.5721268653869629,820,557,878,711,58,154
655,22.551724,41,0,person,0.49913811683654785,500,544,546,615,46,71
656,22.586207,1,2,car,0.887137234210968,1524,398,1847,545,323,147
656,22.586207,2,2,car,0.8321492671966553,847,488,1119,646,272,158
656,22.586207,8,0,person,0.8247475624084473,111,623,213,816,102,193
656,22.586207,3,2,car,0.8187717199325562,1713,385,1919,525,206,140
656,22.586207,24,0,person,0.8112747669219971,287,577,366,762,79,185
656,22.586207,23,0,person,0.7711922526359558,36,595,109,776,73,181
656,22.586207,18,0,person,0.7693207859992981,770,574,845,755,75,181
656,22.586207,26,0,person,0.7500339150428772,1095,512,1158,685,63,173
656,22.586207,9,0,person,0.7373414039611816,193,643,253,839,60,196
656,22.586207,14,0,person,0.7285671234130859,487,583,557,770,70,187
656,22.586207,13,0,person,0.7281104922294617,592,569,661,740,69,171
656,22.586207,32,0,person,0.7102595567703247,557,619,610,791,53,172
656,22.586207,15,0,person,0.6933160424232483,934,520,993,676,59,156
656,22.586207,22,0,person,0.6343860626220703,978,437,1027,520,49,83
656,22.586207,34,0,person,0.5351437330245972,817,557,877,711,60,154
656,22.586207,41,0,person,0.45420604944229126,496,543,545,616,49,73
657,22.62069,1,2,car,0.8852030634880066,1524,398,1847,545,323,147
657,22.62069,2,2,car,0.8350682258605957,848,487,1117,648,269,161
657,22.62069,3,2,car,0.8141012787818909,1714,385,1919,525,205,140
657,22.62069,24,0,person,0.8037043809890747,287,578,360,762,73,184
657,22.62069,8,0,person,0.7850119471549988,109,625,208,820,99,195
657,22.62069,23,0,person,0.7741177678108215,31,595,107,777,76,182
657,22.62069,18,0,person,0.7687670588493347,768,572,842,756,74,184
657,22.62069,26,0,person,0.7446808218955994,1091,511,1155,684,64,173
657,22.62069,32,0,person,0.7420895099639893,545,623,611,790,66,167
657,22.62069,13,0,person,0.7326781749725342,587,568,653,740,66,172
657,22.62069,9,0,person,0.7262819409370422,188,644,242,840,54,196
657,22.62069,14,0,person,0.7140607833862305,480,589,556,770,76,181
657,22.62069,15,0,person,0.6807041168212891,933,520,989,673,56,153
657,22.62069,22,0,person,0.5505719780921936,975,437,1024,518,49,81
657,22.62069,34,0,person,0.5314725041389465,817,558,876,710,59,152
657,22.62069,41,0,person,0.4166198968887329,494,546,542,617,48,71
658,22.655172,1,2,car,0.8845839500427246,1524,397,1847,545,323,148
658,22.655172,2,2,car,0.8161513805389404,847,486,1117,652,270,166
658,22.655172,3,2,car,0.8153480887413025,1721,387,1919,524,198,137
658,22.655172,24,0,person,0.7910202145576477,288,576,352,763,64,187
658,22.655172,32,0,person,0.7827915549278259,537,623,611,791,74,168
658,22.655172,18,0,person,0.7752367854118347,770,573,841,757,71,184
658,22.655172,23,0,person,0.7737226486206055,27,598,109,777,82,179
658,22.655172,26,0,person,0.7559545040130615,1087,512,1153,682,66,170
658,22.655172,9,0,person,0.7540870308876038,181,644,240,840,59,196
658,22.655172,14,0,person,0.7532680034637451,474,578,556,770,82,192
658,22.655172,8,0,person,0.7355260848999023,108,628,212,825,104,197
658,22.655172,15,0,person,0.6632941961288452,938,520,980,672,42,152
658,22.655172,13,0,person,0.6453056931495667,584,567,646,738,62,171
658,22.655172,34,0,person,0.5393816232681274,813,559,875,709,62,150
658,22.655172,22,0,person,0.5388211607933044,972,437,1020,517,48,80
658,22.655172,41,0,person,0.41572314500808716,491,546,538,626,47,80
659,22.689655,1,2,car,0.8862676024436951,1524,397,1848,545,324,148
659,22.689655,2,2,car,0.823689341545105,847,487,1112,651,265,164
659,22.689655,3,2,car,0.8190733194351196,1721,387,1919,525,198,138
659,22.689655,23,0,person,0.8090065717697144,23,598,107,775,84,177
659,22.689655,32,0,person,0.8057968616485596,532,623,611,792,79,169
659,22.689655,26,0,person,0.7894641160964966,1085,513,1151,682,66,169
659,22.689655,9,0,person,0.7690826058387756,172,644,239,840,67,196
659,22.689655,24,0,person,0.7655491828918457,283,577,344,762,61,185
659,22.689655,18,0,person,0.7551735043525696,770,574,839,758,69,184
659,22.689655,8,0,person,0.7439199686050415,107,629,191,826,84,197
659,22.689655,14,0,person,0.7371734976768494,471,582,556,771,85,189
659,22.689655,15,0,person,0.6381612420082092,934,519,977,672,43,153
659,22.689655,34,0,person,0.604902982711792,808,555,871,708,63,153
659,22.689655,13,0,person,0.5956997275352478,583,568,639,739,56,171
659,22.689655,41,0,person,0.4396699070930481,488,546,537,631,49,85
659,22.689655,22,0,person,0.3939375877380371,968,436,1016,511,48,75
660,22.724138,1,2,car,0.8878096342086792,1524,397,1848,545,324,148
660,22.724138,2,2,car,0.8200348615646362,848,487,1111,651,263,164
660,22.724138,3,2,car,0.8156626224517822,1721,387,1919,525,198,138
660,22.724138,26,0,person,0.8044483661651611,1080,515,1150,683,70,168
660,22.724138,9,0,person,0.7943612933158875,159,647,238,839,79,192
660,22.724138,24,0,person,0.7941887974739075,283,577,336,763,53,186
660,22.724138,32,0,person,0.792104959487915,531,625,611,791,80,166
660,22.724138,23,0,person,0.7889907360076904,18,597,108,777,90,180
660,22.724138,14,0,person,0.7503740191459656,470,590,553,770,83,180
660,22.724138,8,0,person,0.7402176260948181,105,630,183,826,78,196
660,22.724138,18,0,person,0.7349128723144531,770,574,837,758,67,184
660,22.724138,15,0,person,0.6423864960670471,930,518,973,673,43,155
660,22.724138,13,0,person,0.5881454944610596,580,567,627,736,47,169
660,22.724138,34,0,person,0.5135019421577454,806,556,869,707,63,151
660,22.724138,22,0,person,0.4176586866378784,966,436,1014,512,48,76
660,22.724138,41,0,person,0.3891552984714508,482,547,534,631,52,84
661,22.758621,1,2,car,0.8868201375007629,1524,397,1848,546,324,149
661,22.758621,2,2,car,0.8306501507759094,848,486,1108,654,260,168
661,22.758621,3,2,car,0.8163873553276062,1721,387,1919,525,198,138
661,22.758621,9,0,person,0.8159067034721375,150,647,238,841,88,194
661,22.758621,26,0,person,0.8105708956718445,1078,519,1150,683,72,164
661,22.758621,24,0,person,0.8011717796325684,279,577,326,763,47,186
661,22.758621,32,0,person,0.7944862246513367,530,623,610,793,80,170
661,22.758621,14,0,person,0.7698213458061218,467,592,552,771,85,179
661,22.758621,23,0,person,0.7682543992996216,16,596,107,777,91,181
661,22.758621,18,0,person,0.7315879464149475,767,575,833,759,66,184
661,22.758621,8,0,person,0.6843328475952148,106,630,177,826,71,196
661,22.758621,15,0,person,0.6627474427223206,925,522,968,674,43,152
661,22.758621,13,0,person,0.644311785697937,576,567,623,748,47,181
661,22.758621,22,0,person,0.426708459854126,963,436,1010,509,47,73
661,22.758621,34,0,person,0.42349973320961,805,557,846,707,41,150
661,22.758621,41,0,person,0.28010880947113037,478,547,531,634,53,87
662,22.793103,1,2,car,0.8827381730079651,1525,397,1847,546,322,149
662,22.793103,2,2,car,0.839057207107544,849,486,1107,653,258,167
662,22.793103,9,0,person,0.8261919021606445,142,647,239,842,97,195
662,22.793103,3,2,car,0.8180516362190247,1721,387,1919,525,198,138
662,22.793103,26,0,person,0.8079842329025269,1078,519,1150,685,72,166
662,22.793103,32,0,person,0.8015826344490051,526,625,610,793,84,168
662,22.793103,24,0,person,0.7829347252845764,274,578,324,762,50,184
662,22.793103,14,0,person,0.7806216478347778,467,590,549,771,82,181
662,22.793103,23,0,person,0.7363423109054565,12,595,106,777,94,182
662,22.793103,18,0,person,0.7213224172592163,766,574,830,757,64,183
662,22.793103,15,0,person,0.719763457775116,923,521,967,673,44,152
662,22.793103,13,0,person,0.7113789916038513,574,568,620,747,46,179
662,22.793103,8,0,person,0.680790364742279,105,628,174,826,69,198
662,22.793103,34,0,person,0.4907923936843872,803,557,847,706,44,149
662,22.793103,22,0,person,0.45674023032188416,960,436,1004,506,44,70
662,22.793103,41,0,person,0.34444817900657654,474,546,527,632,53,86
663,22.827586,1,2,car,0.8815638422966003,1524,397,1847,546,323,149
663,22.827586,2,2,car,0.8322221636772156,848,487,1101,651,253,164
663,22.827586,3,2,car,0.8163313865661621,1721,387,1919,525,198,138
663,22.827586,9,0,person,0.8132405281066895,137,648,239,841,102,193
663,22.827586,32,0,person,0.807563841342926,527,626,607,793,80,167
663,22.827586,26,0,person,0.8052147626876831,1079,518,1150,685,71,167
663,22.827586,24,0,person,0.7742494940757751,268,579,324,761,56,182
663,22.827586,14,0,person,0.7708321213722229,467,592,546,771,79,179
663,22.827586,23,0,person,0.7518962621688843,10,596,104,777,94,181
663,22.827586,15,0,person,0.7459294199943542,913,520,967,675,54,155
663,22.827586,18,0,person,0.7266662120819092,767,577,821,758,54,181
663,22.827586,8,0,person,0.7078872919082642,104,630,171,828,67,198
663,22.827586,13,0,person,0.6982690691947937,572,567,617,747,45,180
663,22.827586,34,0,person,0.5499618649482727,801,556,843,714,42,158
663,22.827586,22,0,person,0.49892953038215637,956,434,1000,502,44,68
664,22.862069,1,2,car,0.8740710020065308,1524,397,1847,546,323,149
664,22.862069,2,2,car,0.8474388122558594,849,487,1099,652,250,165
664,22.862069,9,0,person,0.8286036849021912,128,647,239,842,111,195
664,22.862069,3,2,car,0.8160908222198486,1721,387,1919,525,198,138
664,22.862069,24,0,person,0.7975043058395386,259,579,324,764,65,185
664,22.862069,26,0,person,0.7945424318313599,1079,516,1150,685,71,169
664,22.862069,15,0,person,0.7774061560630798,902,518,966,674,64,156
664,22.862069,23,0,person,0.7620173692703247,8,594,104,775,96,181
664,22.862069,32,0,person,0.7527827024459839,525,627,604,793,79,166
664,22.862069,8,0,person,0.7459310293197632,103,630,168,828,65,198
664,22.862069,18,0,person,0.7286953330039978,768,577,816,760,48,183
664,22.862069,14,0,person,0.7060527205467224,466,591,544,772,78,181
664,22.862069,13,0,person,0.6983351707458496,568,567,619,748,51,181
664,22.862069,22,0,person,0.6120264530181885,954,433,996,501,42,68
664,22.862069,34,0,person,0.518057107925415,798,555,836,717,38,162
665,22.896552,1,2,car,0.8717027306556702,1525,398,1847,546,322,148
665,22.896552,9,0,person,0.8515169620513916,126,648,239,844,113,196
665,22.896552,2,2,car,0.8344689011573792,848,487,1098,654,250,167
665,22.896552,24,0,person,0.8245771527290344,251,581,325,763,74,182
665,22.896552,3,2,car,0.8143734931945801,1722,387,1919,525,197,138
665,22.896552,15,0,person,0.790276288986206,895,515,966,674,71,159
665,22.896552,26,0,person,0.7862685322761536,1078,517,1147,684,69,167
665,22.896552,23,0,person,0.7567400932312012,7,594,102,776,95,182
665,22.896552,8,0,person,0.7365051507949829,104,631,166,829,62,198
665,22.896552,18,0,person,0.7084401845932007,768,578,813,759,45,181
665,22.896552,32,0,person,0.7063145637512207,508,625,597,793,89,168
665,22.896552,13,0,person,0.6871054768562317,563,568,618,748,55,180
665,22.896552,14,0,person,0.6732611060142517,466,589,539,772,73,183
665,22.896552,22,0,person,0.6542782187461853,954,433,992,500,38,67
665,22.896552,34,0,person,0.5962205529212952,793,557,835,725,42,168
666,22.931034,1,2,car,0.8711750507354736,1525,398,1847,546,322,148
666,22.931034,9,0,person,0.851769208908081,125,647,239,843,114,196
666,22.931034,24,0,person,0.8362053632736206,241,579,325,761,84,182
666,22.931034,3,2,car,0.818023145198822,1721,387,1919,525,198,138
666,22.931034,2,2,car,0.8155551552772522,848,488,1096,655,248,167
666,22.931034,15,0,person,0.7935690879821777,888,515,966,672,78,157
666,22.931034,26,0,person,0.7541995048522949,1078,517,1145,685,67,168
666,22.931034,23,0,person,0.7509271502494812,6,594,96,776,90,182
666,22.931034,13,0,person,0.7134292125701904,559,569,621,746,62,177
666,22.931034,8,0,person,0.7118588089942932,104,631,161,828,57,197
666,22.931034,32,0,person,0.7105517983436584,515,627,592,793,77,166
666,22.931034,18,0,person,0.7079415917396545,765,578,811,759,46,181
666,22.931034,14,0,person,0.6789417862892151,465,587,534,772,69,185
666,22.931034,22,0,person,0.6590752005577087,950,433,990,498,40,65
666,22.931034,34,0,person,0.533915102481842,791,556,834,721,43,165
666,22.931034,41,0,person,0.450111448764801,463,546,514,641,51,95
667,22.965517,1,2,car,0.8699924349784851,1525,398,1847,546,322,148
667,22.965517,24,0,person,0.8602128028869629,232,580,325,762,93,182
667,22.965517,9,0,person,0.8563829064369202,124,649,237,842,113,193
667,22.965517,3,2,car,0.8152150511741638,1721,387,1919,525,198,138
667,22.965517,15,0,person,0.8071796298027039,886,515,967,671,81,156
667,22.965517,2,2,car,0.7907541394233704,848,488,1095,655,247,167
667,22.965517,23,0,person,0.7754030823707581,9,593,92,775,83,182
667,22.965517,13,0,person,0.7397657036781311,556,570,622,745,66,175
667,22.965517,18,0,person,0.7354704141616821,760,578,807,759,47,181
667,22.965517,32,0,person,0.7347511649131775,520,627,586,793,66,166
667,22.965517,8,0,person,0.7208178639411926,102,631,159,830,57,199
667,22.965517,26,0,person,0.697181224822998,1078,517,1129,684,51,167
667,22.965517,14,0,person,0.6911353468894958,465,588,525,771,60,183
667,22.965517,22,0,person,0.6276838183403015,947,432,986,497,39,65
667,22.965517,34,0,person,0.5839857459068298,788,557,834,717,46,160
667,22.965517,41,0,person,0.46954140067100525,460,546,508,648,48,102
668,23.0,1,2,car,0.8773990869522095,1525,398,1847,546,322,148
668,23.0,24,0,person,0.860707700252533,226,580,324,762,98,182
668,23.0,9,0,person,0.8482665419578552,124,648,236,843,112,195
668,23.0,3,2,car,0.8174383640289307,1722,387,1919,525,197,138
668,23.0,15,0,person,0.8024939894676208,885,518,967,672,82,154
668,23.0,23,0,person,0.7935564517974854,9,593,86,774,77,181
668,23.0,2,2,car,0.7583184242248535,848,488,1091,657,243,169
668,23.0,18,0,person,0.7415309548377991,757,579,808,760,51,181
668,23.0,13,0,person,0.7361848950386047,552,571,622,746,70,175
668,23.0,8,0,person,0.7125241160392761,99,631,156,830,57,199
668,23.0,26,0,person,0.6983477473258972,1078,517,1125,685,47,168
668,23.0,32,0,person,0.6963784694671631,519,628,580,794,61,166
668,23.0,14,0,person,0.670292854309082,461,586,518,771,57,185
668,23.0,22,0,person,0.6186431646347046,946,432,983,496,37,64
668,23.0,34,0,person,0.5993367433547974,786,559,832,718,46,159
668,23.0,41,0,person,0.41409340500831604,455,546,506,655,51,109
669,23.034483,1,2,car,0.8808735609054565,1525,398,1847,546,322,148
669,23.034483,24,0,person,0.8571941256523132,223,582,322,763,99,181
669,23.034483,9,0,person,0.8526098132133484,124,646,232,843,108,197
669,23.034483,3,2,car,0.8215253949165344,1722,387,1919,525,197,138
669,23.034483,15,0,person,0.7801833748817444,883,516,965,673,82,157
669,23.034483,23,0,person,0.7705935835838318,13,592,78,772,65,180
669,23.034483,18,0,person,0.7628860473632812,755,579,805,759,50,180
669,23.034483,2,2,car,0.7565395832061768,849,487,1091,657,242,170
669,23.034483,13,0,person,0.7505579590797424,550,572,622,746,72,174
669,23.034483,32,0,person,0.7300576567649841,515,627,568,794,53,167
669,23.034483,26,0,person,0.7179656624794006,1078,519,1123,684,45,165
669,23.034483,8,0,person,0.7119452357292175,94,632,154,830,60,198
669,23.034483,14,0,person,0.6888319849967957,454,586,511,772,57,186
669,23.034483,34,0,person,0.6248582005500793,781,557,832,719,51,162
669,23.034483,22,0,person,0.5725514888763428,944,433,980,495,36,62
669,23.034483,41,0,person,0.3607107996940613,452,547,505,648,53,101
670,23.068966,1,2,car,0.8779095411300659,1525,398,1847,546,322,148
670,23.068966,24,0,person,0.8620697855949402,222,583,322,763,100,180
670,23.068966,9,0,person,0.8420202136039734,124,647,226,843,102,196
670,23.068966,3,2,car,0.8227121829986572,1722,387,1919,524,197,137
670,23.068966,18,0,person,0.7728356719017029,750,579,806,759,56,180
670,23.068966,8,0,person,0.7654098272323608,89,632,147,829,58,197
670,23.068966,15,0,person,0.7615047097206116,882,516,964,671,82,155
670,23.068966,32,0,person,0.7521384954452515,514,628,565,793,51,165
670,23.068966,14,0,person,0.7481424808502197,443,586,508,773,65,187
670,23.068966,13,0,person,0.7461084723472595,548,572,622,747,74,175
670,23.068966,2,2,car,0.7362188100814819,849,486,1089,657,240,171
670,23.068966,23,0,person,0.7237810492515564,12,590,71,772,59,182
670,23.068966,26,0,person,0.7145644426345825,1074,518,1123,684,49,166
670,23.068966,34,0,person,0.6356571912765503,781,557,830,719,49,162
670,23.068966,22,0,person,0.5457190871238708,941,433,977,494,36,61
670,23.068966,41,0,person,0.4087420105934143,448,546,500,637,52,91
671,23.103448,1,2,car,0.8806849718093872,1525,398,1848,546,323,148
671,23.103448,24,0,person,0.8503152132034302,223,583,322,763,99,180
671,23.103448,9,0,person,0.8339000940322876,121,648,217,844,96,196
671,23.103448,3,2,car,0.8209441900253296,1722,387,1919,524,197,137
671,23.103448,18,0,person,0.7924327254295349,741,579,805,760,64,181
671,23.103448,14,0,person,0.789559543132782,435,588,503,771,68,183
671,23.103448,8,0,person,0.7551316022872925,86,632,143,827,57,195
671,23.103448,26,0,person,0.7482635974884033,1072,517,1122,684,50,167
671,23.103448,15,0,person,0.7450990676879883,882,516,961,671,79,155
671,23.103448,2,2,car,0.7395238280296326,849,486,1088,658,239,172
671,23.103448,13,0,person,0.7326669096946716,543,572,621,746,78,174
671,23.103448,32,0,person,0.7298173308372498,509,629,562,794,53,165
671,23.103448,23,0,person,0.7135332226753235,8,589,63,773,55,184
671,23.103448,22,0,person,0.6143621802330017,938,433,976,492,38,59
671,23.103448,34,0,person,0.5926445126533508,777,558,829,720,52,162
671,23.103448,41,0,person,0.4207657277584076,447,546,495,628,48,82
672,23.137931,1,2,car,0.8791497945785522,1525,398,1847,546,322,148
672,23.137931,24,0,person,0.8565500378608704,221,583,320,764,99,181
672,23.137931,9,0,person,0.828416645526886,123,648,211,843,88,195
672,23.137931,3,2,car,0.8204560279846191,1722,387,1919,524,197,137
672,23.137931,18,0,person,0.8119739890098572,734,582,804,762,70,180
672,23.137931,14,0,person,0.7631443738937378,429,589,500,771,71,182
672,23.137931,2,2,car,0.7545813322067261,849,487,1088,658,239,171
672,23.137931,8,0,person,0.7517284154891968,80,626,140,826,60,200
672,23.137931,32,0,person,0.7482509613037109,497,625,559,793,62,168
672,23.137931,13,0,person,0.7414524555206299,541,572,620,745,79,173
672,23.137931,15,0,person,0.7351129055023193,880,517,957,672,77,155
672,23.137931,26,0,person,0.7277867197990417,1070,517,1120,684,50,167
672,23.137931,23,0,person,0.7223524451255798,2,590,52,774,50,184
672,23.137931,22,0,person,0.6760877966880798,935,433,972,492,37,59
672,23.137931,34,0,person,0.5942896008491516,770,559,829,720,59,161
672,23.137931,41,0,person,0.5171732306480408,446,546,493,637,47,91
673,23.172414,1,2,car,0.8838455080986023,1525,398,1847,546,322,148
673,23.172414,24,0,person,0.8660439252853394,220,583,318,764,98,181
673,23.172414,18,0,person,0.821770429611206,726,584,804,763,78,179
673,23.172414,3,2,car,0.8161369562149048,1722,387,1919,524,197,137
673,23.172414,32,0,person,0.7900838851928711,490,626,559,793,69,167
673,23.172414,9,0,person,0.7898693084716797,122,647,206,844,84,197
673,23.172414,14,0,person,0.7771664261817932,424,594,499,769,75,175
673,23.172414,26,0,person,0.749297559261322,1068,516,1117,684,49,168
673,23.172414,2,2,car,0.7389209866523743,849,488,1087,658,238,170
673,23.172414,23,0,person,0.7365239262580872,1,592,51,776,50,184
673,23.172414,13,0,person,0.7318682074546814,535,572,616,746,81,174
673,23.172414,8,0,person,0.7282516360282898,74,632,136,826,62,194
673,23.172414,15,0,person,0.703288197517395,882,516,950,672,68,156
673,23.172414,34,0,person,0.6447013020515442,762,560,831,718,69,158
673,23.172414,22,0,person,0.6138495802879333,933,434,969,492,36,58
673,23.172414,41,0,person,0.4108748435974121,443,546,490,641,47,95
674,23.206897,1,2,car,0.8834053874015808,1525,398,1847,546,322,148
674,23.206897,24,0,person,0.852454662322998,219,582,314,763,95,181
674,23.206897,3,2,car,0.8133610486984253,1723,387,1919,525,196,138
674,23.206897,18,0,person,0.8101662397384644,721,588,804,763,83,175
674,23.206897,32,0,person,0.7950996160507202,482,627,560,794,78,167
674,23.206897,14,0,person,0.7748636603355408,418,592,499,770,81,178
674,23.206897,2,2,car,0.7393966913223267,849,488,1084,659,235,171
674,23.206897,8,0,person,0.7390856146812439,66,631,137,826,71,195
674,23.206897,26,0,person,0.7314631938934326,1066,516,1117,684,51,168
674,23.206897,13,0,person,0.7294230461120605,532,572,608,746,76,174
674,23.206897,15,0,person,0.6944099068641663,881,515,947,671,66,156
674,23.206897,23,0,person,0.6928861737251282,0,591,50,775,50,184
674,23.206897,9,0,person,0.6636545658111572,116,647,189,845,73,198
674,23.206897,34,0,person,0.6186157464981079,757,561,832,718,75,157
674,23.206897,22,0,person,0.5328977704048157,930,434,967,491,37,57
674,23.206897,41,0,person,0.35075250267982483,439,546,489,645,50,99
675,23.241379,1,2,car,0.8857875466346741,1525,398,1848,546,323,148
675,23.241379,18,0,person,0.8375577926635742,717,590,803,764,86,174
675,23.241379,24,0,person,0.8278505802154541,218,582,307,763,89,181
675,23.241379,14,0,person,0.8257869482040405,412,593,498,772,86,179
675,23.241379,3,2,car,0.8139205574989319,1712,386,1918,525,206,139
675,23.241379,32,0,person,0.8050622940063477,471,629,560,796,89,167
675,23.241379,13,0,person,0.7253466844558716,529,571,604,747,75,176
675,23.241379,8,0,person,0.7252190113067627,46,634,136,828,90,194
675,23.241379,2,2,car,0.722277820110321,849,489,1083,660,234,171
675,23.241379,26,0,person,0.7100498080253601,1059,518,1114,685,55,167
675,23.241379,15,0,person,0.676580011844635,881,514,941,671,60,157
675,23.241379,23,0,person,0.6644911766052246,0,592,49,776,49,184
675,23.241379,34,0,person,0.6487249135971069,755,560,828,718,73,158
675,23.241379,9,0,person,0.6406588554382324,110,646,181,847,71,201
675,23.241379,22,0,person,0.4959805905818939,926,435,964,492,38,57
675,23.241379,41,0,person,0.3902412950992584,436,547,487,647,51,100
676,23.275862,1,2,car,0.884456217288971,1525,398,1847,547,322,149
676,23.275862,18,0,person,0.8305262923240662,717,594,802,765,85,171
676,23.275862,24,0,person,0.8203089237213135,215,583,300,763,85,180
676,23.275862,3,2,car,0.8021241426467896,1723,387,1919,525,196,138
676,23.275862,32,0,person,0.7959586381912231,469,632,557,795,88,163
676,23.275862,14,0,person,0.785830020904541,405,596,496,770,91,174
676,23.275862,8,0,person,0.7583814859390259,37,635,134,829,97,194
676,23.275862,13,0,person,0.7283454537391663,527,572,597,748,70,176
676,23.275862,26,0,person,0.7016347646713257,1053,518,1111,685,58,167
676,23.275862,15,0,person,0.6889677047729492,877,513,933,670,56,157
676,23.275862,23,0,person,0.6866239309310913,0,594,50,774,50,180
676,23.275862,9,0,person,0.6730069518089294,103,648,174,847,71,199
676,23.275862,2,2,car,0.6663890480995178,845,488,1087,659,242,171
676,23.275862,34,0,person,0.6251915097236633,751,561,828,718,77,157
676,23.275862,22,0,person,0.47564029693603516,922,435,961,493,39,58
676,23.275862,41,0,person,0.4031409025192261,434,549,483,643,49,94
677,23.310345,1,2,car,0.8829007744789124,1524,398,1847,547,323,149
677,23.310345,24,0,person,0.8090612888336182,211,581,292,762,81,181
677,23.310345,18,0,person,0.8069161772727966,718,597,801,765,83,168
677,23.310345,3,2,car,0.8066587448120117,1712,386,1918,525,206,139
677,23.310345,32,0,person,0.8011661171913147,468,632,557,795,89,163
677,23.310345,14,0,person,0.7880269289016724,401,598,494,771,93,173
677,23.310345,8,0,person,0.768377959728241,30,637,138,831,108,194
677,23.310345,13,0,person,0.7171638011932373,522,571,591,748,69,177
677,23.310345,26,0,person,0.7009565830230713,1047,518,1110,685,63,167
677,23.310345,2,2,car,0.6790446639060974,845,489,1087,659,242,170
677,23.310345,15,0,person,0.6636936068534851,879,515,930,668,51,153
677,23.310345,9,0,person,0.6528748273849487,106,647,164,849,58,202
677,23.310345,23,0,person,0.6526122093200684,0,595,48,772,48,177
677,23.310345,34,0,person,0.5232068300247192,747,560,821,718,74,158
677,23.310345,41,0,person,0.5043725967407227,430,549,480,647,50,98
677,23.310345,22,0,person,0.49040552973747253,918,435,958,493,40,58
678,23.344828,1,2,car,0.8817464113235474,1524,398,1847,547,323,149
678,23.344828,24,0,person,0.8214355111122131,208,582,285,762,77,180
678,23.344828,18,0,person,0.811573326587677,718,591,799,766,81,175
678,23.344828,32,0,person,0.8048697710037231,463,632,556,797,93,165
678,23.344828,3,2,car,0.8035526871681213,1711,386,1918,525,207,139
678,23.344828,14,0,person,0.7866787910461426,400,596,493,771,93,175
678,23.344828,26,0,person,0.783039927482605,1038,517,1111,684,73,167
678,23.344828,13,0,person,0.7141395211219788,518,572,583,748,65,176
678,23.344828,8,0,person,0.7071226835250854,29,636,126,831,97,195
678,23.344828,9,0,person,0.6708961725234985,106,648,163,849,57,201
678,23.344828,2,2,car,0.659413754940033,844,488,1084,659,240,171
678,23.344828,23,0,person,0.6501120328903198,0,593,49,773,49,180
678,23.344828,15,0,person,0.6139370203018188,876,515,923,667,47,152
678,23.344828,22,0,person,0.501267671585083,910,435,953,493,43,58
678,23.344828,34,0,person,0.4807439148426056,742,560,817,717,75,157
678,23.344828,41,0,person,0.449481725692749,428,550,477,655,49,105
679,23.37931,1,2,car,0.8858646154403687,1524,398,1847,547,323,149
679,23.37931,18,0,person,0.8140726089477539,718,585,798,766,80,181
679,23.37931,3,2,car,0.8107858896255493,1722,387,1919,524,197,137
679,23.37931,14,0,person,0.8054904341697693,399,599,491,771,92,172
679,23.37931,32,0,person,0.8043257594108582,464,631,555,798,91,167
679,23.37931,26,0,person,0.7971638441085815,1034,521,1112,685,78,164
679,23.37931,24,0,person,0.7788974046707153,203,582,274,762,71,180
679,23.37931,9,0,person,0.7668545246124268,99,648,163,850,64,202
679,23.37931,13,0,person,0.6934642195701599,515,574,573,748,58,174
679,23.37931,8,0,person,0.6907217502593994,27,637,118,833,91,196
679,23.37931,23,0,person,0.6602563261985779,0,597,48,772,48,175
679,23.37931,2,2,car,0.6506146788597107,841,487,1098,661,257,174
679,23.37931,41,0,person,0.5392021536827087,424,550,474,654,50,104
679,23.37931,15,0,person,0.5336526036262512,874,515,918,669,44,154
679,23.37931,22,0,person,0.42916736006736755,906,435,951,491,45,56
679,23.37931,34,0,person,0.4263322055339813,751,562,813,719,62,157
680,23.413793,1,2,car,0.8846806287765503,1524,398,1847,547,323,149
680,23.413793,32,0,person,0.8140806555747986,462,631,552,799,90,168
680,23.413793,18,0,person,0.813126266002655,718,586,796,766,78,180
680,23.413793,9,0,person,0.8118325471878052,84,650,162,851,78,201
680,23.413793,26,0,person,0.8114479184150696,1031,520,1111,686,80,166
680,23.413793,3,2,car,0.8088770508766174,1712,386,1918,525,206,139
680,23.413793,14,0,person,0.7856788039207458,399,594,489,771,90,177
680,23.413793,24,0,person,0.7673655152320862,205,581,267,762,62,181
680,23.413793,13,0,person,0.6310263872146606,512,572,559,748,47,176
680,23.413793,2,2,car,0.6199695467948914,841,489,1110,660,269,171
680,23.413793,15,0,person,0.61680668592453,869,515,914,669,45,154
680,23.413793,8,0,person,0.592853307723999,25,636,114,833,89,197
680,23.413793,34,0,person,0.5880475044250488,745,563,815,720,70,157
680,23.413793,23,0,person,0.5866440534591675,0,602,49,773,49,171
680,23.413793,22,0,person,0.49399545788764954,907,434,947,493,40,59
680,23.413793,41,0,person,0.47850921750068665,421,552,470,653,49,101
681,23.448276,1,2,car,0.8866163492202759,1524,398,1847,547,323,149
681,23.448276,26,0,person,0.8155868649482727,1030,522,1111,686,81,164
681,23.448276,3,2,car,0.8132981657981873,1712,386,1918,525,206,139
681,23.448276,9,0,person,0.8048525452613831,67,650,160,849,93,199
681,23.448276,32,0,person,0.804552435874939,458,630,551,799,93,169
681,23.448276,18,0,person,0.7842860817909241,718,586,793,767,75,181
681,23.448276,14,0,person,0.7713133692741394,399,594,484,771,85,177
681,23.448276,24,0,person,0.7585439682006836,196,581,256,762,60,181
681,23.448276,13,0,person,0.6702871322631836,509,572,556,748,47,176
681,23.448276,15,0,person,0.6557748913764954,868,514,913,668,45,154
681,23.448276,23,0,person,0.5981224179267883,0,602,48,772,48,170
681,23.448276,2,2,car,0.5897729396820068,845,489,1114,660,269,171
681,23.448276,8,0,person,0.5488978624343872,23,635,111,832,88,197
681,23.448276,22,0,person,0.5032786726951599,907,434,944,493,37,59
681,23.448276,41,0,person,0.48457053303718567,417,552,467,654,50,102
681,23.448276,34,0,person,0.4098842740058899,740,565,805,718,65,153
682,23.482759,1,2,car,0.8874796032905579,1524,398,1847,547,323,149
682,23.482759,3,2,car,0.8162163496017456,1714,385,1919,525,205,140
682,23.482759,26,0,person,0.8146145939826965,1029,522,1111,686,82,164
682,23.482759,9,0,person,0.7943434119224548,53,651,161,851,108,200
682,23.482759,18,0,person,0.7795238494873047,718,586,789,767,71,181
682,23.482759,24,0,person,0.7731706500053406,191,582,255,761,64,179
682,23.482759,32,0,person,0.7717511057853699,455,630,544,799,89,169
682,23.482759,14,0,person,0.7616525888442993,399,594,479,770,80,176
682,23.482759,2,2,car,0.7061981558799744,842,488,1115,660,273,172
682,23.482759,15,0,person,0.6840777397155762,861,512,912,668,51,156
682,23.482759,13,0,person,0.6707789301872253,507,573,552,746,45,173
682,23.482759,8,0,person,0.6572741866111755,22,631,105,831,83,200
682,23.482759,23,0,person,0.5716187953948975,0,606,46,771,46,165
682,23.482759,41,0,person,0.5366655588150024,414,553,463,654,49,101
682,23.482759,22,0,person,0.5222081542015076,905,433,941,492,36,59
682,23.482759,34,0,person,0.40869659185409546,739,561,787,679,48,118
683,23.517241,1,2,car,0.8852846026420593,1524,398,1847,546,323,148
683,23.517241,26,0,person,0.8206499814987183,1028,523,1109,686,81,163
683,23.517241,3,2,car,0.819836437702179,1714,385,1919,525,205,140
683,23.517241,9,0,person,0.7944450974464417,48,652,161,851,113,199
683,23.517241,32,0,person,0.7869098782539368,448,629,538,799,90,170
683,23.517241,24,0,person,0.7853182554244995,190,585,254,762,64,177
683,23.517241,18,0,person,0.7842539548873901,717,586,784,767,67,181
683,23.517241,14,0,person,0.7682649493217468,400,591,478,769,78,178
683,23.517241,2,2,car,0.737756073474884,841,488,1116,660,275,172
683,23.517241,15,0,person,0.7067238092422485,851,514,911,668,60,154
683,23.517241,13,0,person,0.6920177340507507,504,573,551,746,47,173
683,23.517241,8,0,person,0.6885998845100403,21,631,99,834,78,203
683,23.517241,41,0,person,0.5727274417877197,411,553,458,656,47,103
683,23.517241,23,0,person,0.5709318518638611,0,605,44,772,44,167
683,23.517241,22,0,person,0.5554585456848145,902,434,938,491,36,57
683,23.517241,34,0,person,0.49317947030067444,740,564,795,719,55,155
684,23.551724,1,2,car,0.8831859827041626,1524,398,1847,547,323,149
684,23.551724,26,0,person,0.8334589600563049,1028,522,1109,687,81,165
684,23.551724,3,2,car,0.8129787445068359,1714,385,1919,526,205,141
684,23.551724,24,0,person,0.8022825121879578,181,584,254,761,73,177
684,23.551724,18,0,person,0.7826465964317322,713,588,777,767,64,179
684,23.551724,9,0,person,0.7815752625465393,47,651,162,852,115,201
684,23.551724,32,0,person,0.7521676421165466,450,630,531,800,81,170
684,23.551724,14,0,person,0.741470456123352,397,591,475,770,78,179
684,23.551724,2,2,car,0.7410087585449219,845,488,1118,660,273,172
684,23.551724,15,0,person,0.7329778075218201,847,514,910,668,63,154
684,23.551724,13,0,person,0.7009241580963135,502,574,553,746,51,172
684,23.551724,8,0,person,0.6649876832962036,23,629,94,837,71,208
684,23.551724,41,0,person,0.5549717545509338,410,553,454,656,44,103
684,23.551724,22,0,person,0.5253186225891113,900,433,936,492,36,59
684,23.551724,34,0,person,0.49926069378852844,738,568,787,720,49,152
684,23.551724,23,0,person,0.44812706112861633,0,609,40,771,40,162
685,23.586207,1,2,car,0.880179762840271,1524,398,1847,547,323,149
685,23.586207,24,0,person,0.8233095407485962,169,584,253,761,84,177
685,23.586207,26,0,person,0.8172945380210876,1029,520,1108,686,79,166
685,23.586207,3,2,car,0.8136377334594727,1711,386,1918,525,207,139
685,23.586207,9,0,person,0.8013578653335571,46,654,162,850,116,196
685,23.586207,2,2,car,0.7556459903717041,845,488,1118,660,273,172
685,23.586207,18,0,person,0.7520701885223389,710,590,771,768,61,178
685,23.586207,15,0,person,0.7360143065452576,845,517,909,667,64,150
685,23.586207,14,0,person,0.7316828966140747,391,591,472,770,81,179
685,23.586207,32,0,person,0.6707192659378052,458,633,523,800,65,167
685,23.586207,13,0,person,0.6629226207733154,496,575,549,749,53,174
685,23.586207,8,0,person,0.6232610940933228,24,630,86,836,62,206
685,23.586207,22,0,person,0.5278869867324829,897,433,934,493,37,60
685,23.586207,41,0,person,0.4883427321910858,407,553,451,658,44,105
685,23.586207,34,0,person,0.455996572971344,734,560,778,689,44,129
686,23.62069,1,2,car,0.8762649297714233,1524,398,1847,546,323,148
686,23.62069,24,0,person,0.8369059562683105,159,588,253,761,94,173
686,23.62069,26,0,person,0.8287484049797058,1028,521,1108,687,80,166
686,23.62069,9,0,person,0.8232329487800598,47,655,161,850,114,195
686,23.62069,3,2,car,0.8103891015052795,1711,386,1918,525,207,139
686,23.62069,15,0,person,0.7641913294792175,842,517,909,667,67,150
686,23.62069,2,2,car,0.7595139741897583,852,487,1119,660,267,173
686,23.62069,18,0,person,0.7437026500701904,708,589,767,768,59,179
686,23.62069,14,0,person,0.7030073404312134,382,588,462,769,80,181
686,23.62069,13,0,person,0.7013846635818481,493,576,547,752,54,176
686,23.62069,32,0,person,0.6739377379417419,456,631,511,799,55,168
686,23.62069,22,0,person,0.5854777693748474,894,433,932,493,38,60
686,23.62069,34,0,person,0.5656139254570007,733,560,774,722,41,162
686,23.62069,8,0,person,0.5624546408653259,26,634,81,832,55,198
686,23.62069,41,0,person,0.45263242721557617,403,553,448,687,45,134
687,23.655172,1,2,car,0.8763675689697266,1524,398,1847,546,323,148
687,23.655172,24,0,person,0.8587570786476135,155,589,253,760,98,171
687,23.655172,9,0,person,0.8397092223167419,43,655,158,850,115,195
687,23.655172,26,0,person,0.8267099261283875,1027,520,1106,685,79,165
687,23.655172,3,2,car,0.8133142590522766,1711,386,1918,525,207,139
687,23.655172,15,0,person,0.7757916450500488,841,518,908,668,67,150
687,23.655172,2,2,car,0.757987916469574,851,487,1119,660,268,173
687,23.655172,18,0,person,0.7318305969238281,707,590,764,770,57,180
687,23.655172,13,0,person,0.7247072458267212,489,574,548,750,59,176
687,23.655172,32,0,person,0.7239665389060974,454,632,506,801,52,169
687,23.655172,14,0,person,0.7181975245475769,375,587,457,772,82,185
687,23.655172,8,0,person,0.6086140871047974,29,633,75,833,46,200
687,23.655172,22,0,person,0.5734255313873291,892,433,930,494,38,61
687,23.655172,41,0,person,0.4872216284275055,400,554,445,664,45,110
687,23.655172,34,0,person,0.40988218784332275,733,559,773,715,40,156
688,23.689655,1,2,car,0.881100594997406,1524,398,1847,546,323,148
688,23.689655,24,0,person,0.8763730525970459,150,589,254,761,104,172
688,23.689655,9,0,person,0.8457702994346619,40,654,157,851,117,197
688,23.689655,26,0,person,0.8184497356414795,1026,520,1104,687,78,167
688,23.689655,3,2,car,0.815609872341156,1711,386,1918,525,207,139
688,23.689655,15,0,person,0.7785503268241882,838,516,905,667,67,151
688,23.689655,2,2,car,0.7678970098495483,851,487,1120,660,269,173
688,23.689655,13,0,person,0.7561998963356018,487,575,549,751,62,176
688,23.689655,14,0,person,0.7370483875274658,368,585,449,773,81,188
688,23.689655,32,0,person,0.7309919595718384,448,631,497,802,49,171
688,23.689655,18,0,person,0.707222580909729,704,590,766,772,62,182
688,23.689655,8,0,person,0.6007879972457886,26,634,71,832,45,198
688,23.689655,22,0,person,0.5247378945350647,889,433,928,494,39,61
688,23.689655,41,0,person,0.4980807304382324,397,553,443,657,46,104
689,23.724138,1,2,car,0.8791632056236267,1524,398,1847,546,323,148
689,23.724138,24,0,person,0.8774016499519348,141,590,253,762,112,172
689,23.724138,9,0,person,0.8307040929794312,40,654,155,853,115,199
689,23.724138,26,0,person,0.8174880146980286,1025,519,1102,687,77,168
689,23.724138,3,2,car,0.8110299706459045,1711,386,1918,525,207,139
689,23.724138,2,2,car,0.7815117239952087,853,487,1119,661,266,174
689,23.724138,15,0,person,0.7735931873321533,839,515,903,666,64,151
689,23.724138,18,0,person,0.7710751295089722,684,590,763,775,79,185
689,23.724138,13,0,person,0.750761091709137,483,577,548,752,65,175
689,23.724138,14,0,person,0.7428411245346069,361,588,439,775,78,187
689,23.724138,32,0,person,0.7351149916648865,441,634,496,804,55,170
689,23.724138,8,0,person,0.6015782356262207,21,633,69,834,48,201
689,23.724138,41,0,person,0.5287503600120544,395,553,440,653,45,100
689,23.724138,34,0,person,0.49965763092041016,722,562,769,725,47,163
689,23.724138,22,0,person,0.44131651520729065,886,433,927,495,41,62
690,23.758621,24,0,person,0.8825569748878479,137,591,253,762,116,171
690,23.758621,1,2,car,0.8803405165672302,1524,398,1847,546,323,148
690,23.758621,9,0,person,0.8102026581764221,40,655,149,852,109,197
690,23.758621,3,2,car,0.8092489242553711,1711,386,1918,525,207,139
690,23.758621,2,2,car,0.8016918301582336,853,486,1120,661,267,175
690,23.758621,13,0,person,0.7961908578872681,481,578,549,752,68,174
690,23.758621,26,0,person,0.7889121174812317,1026,519,1096,687,70,168
690,23.758621,18,0,person,0.7874820828437805,677,591,760,779,83,188
690,23.758621,32,0,person,0.7746537923812866,430,635,496,804,66,169
690,23.758621,15,0,person,0.7649866342544556,836,514,898,666,62,152
690,23.758621,8,0,person,0.6884005069732666,14,632,65,835,51,203
690,23.758621,14,0,person,0.6557193398475647,366,592,436,778,70,186
690,23.758621,34,0,person,0.5612844228744507,720,565,769,726,49,161
690,23.758621,41,0,person,0.48907187581062317,391,552,438,652,47,100
690,23.758621,22,0,person,0.40301835536956787,883,434,923,496,40,62
691,23.793103,24,0,person,0.880700409412384,136,591,251,762,115,171
691,23.793103,1,2,car,0.8777807950973511,1524,398,1848,546,324,148
691,23.793103,3,2,car,0.8067971467971802,1714,386,1919,526,205,140
691,23.793103,26,0,person,0.793473482131958,1026,519,1092,687,66,168
691,23.793103,13,0,person,0.7900890707969666,477,577,548,750,71,173
691,23.793103,2,2,car,0.7872874736785889,854,487,1122,661,268,174
691,23.793103,32,0,person,0.7761154174804688,418,635,497,803,79,168
691,23.793103,9,0,person,0.7621580958366394,39,655,140,852,101,197
691,23.793103,18,0,person,0.7584275603294373,675,597,762,780,87,183
691,23.793103,15,0,person,0.7435402870178223,836,515,893,666,57,151
691,23.793103,8,0,person,0.6715729236602783,7,635,62,835,55,200
691,23.793103,14,0,person,0.6127520203590393,351,590,439,781,88,191
691,23.793103,34,0,person,0.48234719038009644,714,567,768,726,54,159
691,23.793103,41,0,person,0.46515411138534546,388,552,435,652,47,100
691,23.793103,22,0,person,0.3362496495246887,869,434,921,500,52,66
692,23.827586,24,0,person,0.875675618648529,135,591,250,761,115,170
692,23.827586,1,2,car,0.8752837181091309,1524,398,1848,547,324,149
692,23.827586,32,0,person,0.8111258149147034,408,634,497,803,89,169
692,23.827586,3,2,car,0.8022032976150513,1721,387,1919,525,198,138
692,23.827586,26,0,person,0.7929879426956177,1026,519,1088,685,62,166
692,23.827586,2,2,car,0.7696873545646667,855,487,1125,661,270,174
692,23.827586,13,0,person,0.7653934359550476,473,575,545,752,72,177
692,23.827586,18,0,person,0.7597509622573853,675,595,753,781,78,186
692,23.827586,15,0,person,0.7294108271598816,834,515,886,665,52,150
692,23.827586,9,0,person,0.7271823287010193,38,655,132,852,94,197
692,23.827586,14,0,person,0.68435138463974,347,589,437,781,90,192
692,23.827586,8,0,person,0.645931601524353,0,633,60,839,60,206
692,23.827586,34,0,person,0.5309079885482788,715,567,769,726,54,159
692,23.827586,41,0,person,0.45587271451950073,384,552,432,652,48,100
692,23.827586,22,0,person,0.3516350984573364,873,435,919,495,46,60
693,23.862069,1,2,car,0.8728936910629272,1524,398,1848,547,324,149
693,23.862069,24,0,person,0.8494188785552979,135,591,247,761,112,170
693,23.862069,32,0,person,0.822008490562439,403,636,496,802,93,166
693,23.862069,3,2,car,0.8057069778442383,1722,387,1919,525,197,138
693,23.862069,26,0,person,0.801240861415863,1024,519,1081,684,57,165
693,23.862069,18,0,person,0.7897445559501648,673,596,756,780,83,184
693,23.862069,13,0,person,0.7688627243041992,471,575,542,755,71,180
693,23.862069,2,2,car,0.734386146068573,849,487,1126,662,277,175
693,23.862069,14,0,person,0.7257633209228516,348,593,435,782,87,189
693,23.862069,9,0,person,0.7098151445388794,39,654,123,853,84,199
693,23.862069,15,0,person,0.6612569093704224,831,514,882,664,51,150
693,23.862069,8,0,person,0.5587494373321533,0,633,60,838,60,205
693,23.862069,34,0,person,0.522509753704071,715,569,767,727,52,158
693,23.862069,41,0,person,0.4967365562915802,382,553,429,653,47,100
694,23.896552,1,2,car,0.8702033758163452,1524,398,1848,546,324,148
694,23.896552,24,0,person,0.8606747984886169,130,592,244,761,114,169
694,23.896552,3,2,car,0.8046600818634033,1722,387,1919,525,197,138
694,23.896552,26,0,person,0.8016911745071411,1020,518,1078,685,58,167
694,23.896552,32,0,person,0.7894702553749084,402,643,497,802,95,159
694,23.896552,18,0,person,0.7746289968490601,670,597,754,781,84,184
694,23.896552,13,0,person,0.7467297315597534,467,575,536,757,69,182
694,23.896552,2,2,car,0.7142359614372253,848,488,1125,663,277,175
694,23.896552,9,0,person,0.7064796686172485,37,654,113,853,76,199
694,23.896552,14,0,person,0.6954658627510071,357,596,434,779,77,183
694,23.896552,15,0,person,0.6762070655822754,830,513,878,662,48,149
694,23.896552,8,0,person,0.6033406257629395,0,632,55,835,55,203
694,23.896552,34,0,person,0.5493441224098206,712,568,767,726,55,158
694,23.896552,41,0,person,0.47834569215774536,378,553,427,658,49,105
694,23.896552,22,0,person,0.3670668601989746,872,437,914,496,42,59
695,23.931034,1,2,car,0.8676237463951111,1525,398,1848,547,323,149
695,23.931034,24,0,person,0.8557959794998169,127,593,241,761,114,168
695,23.931034,3,2,car,0.8067880868911743,1723,387,1919,525,196,138
695,23.931034,32,0,person,0.8039479851722717,400,639,496,802,96,163
695,23.931034,26,0,person,0.7890978455543518,1018,518,1073,685,55,167
695,23.931034,18,0,person,0.7784554362297058,674,597,750,782,76,185
695,23.931034,14,0,person,0.7428791522979736,351,597,429,781,78,184
695,23.931034,13,0,person,0.7169286608695984,466,575,531,757,65,182
695,23.931034,2,2,car,0.7154144644737244,858,488,1126,663,268,175
695,23.931034,15,0,person,0.7049403190612793,828,512,879,665,51,153
695,23.931034,8,0,person,0.6257127523422241,0,635,75,836,75,201
695,23.931034,9,0,person,0.6039167642593384,35,654,102,848,67,194
695,23.931034,22,0,person,0.5202651619911194,851,437,912,519,61,82
695,23.931034,34,0,person,0.5136496424674988,711,568,765,726,54,158
695,23.931034,41,0,person,0.41696587204933167,373,553,425,671,52,118
696,23.965517,1,2,car,0.8686229586601257,1525,398,1848,547,323,149
696,23.965517,24,0,person,0.8509461283683777,125,593,238,762,113,169
696,23.965517,3,2,car,0.8036131858825684,1723,387,1919,525,196,138
696,23.965517,32,0,person,0.7989049553871155,399,639,492,804,93,165
696,23.965517,26,0,person,0.7708467841148376,1012,517,1068,685,56,168
696,23.965517,18,0,person,0.763530433177948,675,598,748,783,73,185
696,23.965517,2,2,car,0.7562227249145508,858,487,1126,661,268,174
696,23.965517,14,0,person,0.7330887317657471,349,596,425,783,76,187
696,23.965517,15,0,person,0.7071442604064941,825,512,872,665,47,153
696,23.965517,13,0,person,0.6633345484733582,465,578,523,756,58,178
696,23.965517,8,0,person,0.6523601412773132,0,635,49,832,49,197
696,23.965517,9,0,person,0.607535719871521,27,653,90,854,63,201
696,23.965517,22,0,person,0.5639790296554565,850,438,910,524,60,86
696,23.965517,34,0,person,0.5134283304214478,707,568,762,728,55,160
696,23.965517,41,0,person,0.46295079588890076,371,554,423,656,52,102
697,24.0,1,2,car,0.8735335469245911,1525,398,1848,547,323,149
697,24.0,24,0,person,0.8530644774436951,120,593,235,761,115,168
697,24.0,3,2,car,0.8033363223075867,1723,387,1919,525,196,138
697,24.0,32,0,person,0.7993788123130798,399,641,489,804,90,163
697,24.0,26,0,person,0.7614215612411499,1008,517,1065,689,57,172
697,24.0,18,0,person,0.7260681986808777,674,597,748,784,74,187
697,24.0,2,2,car,0.7240574359893799,856,487,1125,661,269,174
697,24.0,15,0,person,0.7109243273735046,821,512,868,666,47,154
697,24.0,14,0,person,0.6841564774513245,347,600,422,783,75,183
697,24.0,9,0,person,0.673307478427887,24,653,81,852,57,199
697,24.0,8,0,person,0.6731343865394592,0,635,43,817,43,182
697,24.0,13,0,person,0.6721049547195435,463,577,507,757,44,180
697,24.0,22,0,person,0.6503511667251587,848,438,906,525,58,87
697,24.0,41,0,person,0.47351837158203125,368,554,421,673,53,119
697,24.0,34,0,person,0.45720475912094116,703,567,756,726,53,159
698,24.034483,1,2,car,0.8741397857666016,1525,398,1848,547,323,149
698,24.034483,24,0,person,0.8667436838150024,116,593,229,760,113,167
698,24.034483,3,2,car,0.806034505367279,1724,387,1919,524,195,137
698,24.034483,32,0,person,0.7889379858970642,400,642,481,804,81,162
698,24.034483,9,0,person,0.747290313243866,22,656,79,852,57,196
698,24.034483,2,2,car,0.7468664050102234,849,488,1124,663,275,175
698,24.034483,26,0,person,0.7344526052474976,1012,517,1063,691,51,174
698,24.034483,18,0,person,0.725192129611969,675,598,746,784,71,186
698,24.034483,15,0,person,0.694729208946228,816,511,867,665,51,154
698,24.034483,13,0,person,0.6857606172561646,459,578,508,759,49,181
698,24.034483,14,0,person,0.6634215712547302,349,597,418,784,69,187
698,24.034483,8,0,person,0.558359682559967,0,637,38,818,38,181
698,24.034483,41,0,person,0.548714816570282,364,555,418,657,54,102
698,24.034483,34,0,person,0.520482063293457,700,567,756,726,56,159
698,24.034483,22,0,person,0.4915768802165985,848,438,903,525,55,87
699,24.068966,1,2,car,0.8727331161499023,1525,398,1848,547,323,149
699,24.068966,24,0,person,0.8524489402770996,113,592,226,756,113,164
699,24.068966,3,2,car,0.8065919876098633,1724,387,1919,524,195,137
699,24.068966,9,0,person,0.7727987170219421,14,656,78,852,64,196
699,24.068966,32,0,person,0.760012686252594,399,643,472,804,73,161
699,24.068966,15,0,person,0.756493866443634,809,511,867,666,58,155
699,24.068966,2,2,car,0.7425695657730103,851,488,1124,661,273,173
699,24.068966,13,0,person,0.719708263874054,453,580,504,759,51,179
699,24.068966,26,0,person,0.7167964577674866,1007,518,1062,689,55,171
699,24.068966,18,0,person,0.6876729726791382,675,599,743,784,68,185
699,24.068966,14,0,person,0.597538411617279,352,598,415,784,63,186
699,24.068966,41,0,person,0.597208559513092,361,555,411,649,50,94
699,24.068966,22,0,person,0.5836458206176758,845,437,900,526,55,89
699,24.068966,8,0,person,0.4796018600463867,0,637,33,809,33,172
699,24.068966,34,0,person,0.38134777545928955,694,569,744,721,50,152
700,24.103448,1,2,car,0.8734715580940247,1525,398,1848,547,323,149
700,24.103448,24,0,person,0.8630707263946533,109,591,220,755,111,164
700,24.103448,3,2,car,0.805442750453949,1723,387,1919,524,196,137
700,24.103448,15,0,person,0.7782273888587952,802,512,867,664,65,152
700,24.103448,2,2,car,0.7696238160133362,852,490,1124,658,272,168
700,24.103448,9,0,person,0.7677046656608582,1,657,78,852,77,195
700,24.103448,32,0,person,0.7586337327957153,396,643,464,803,68,160
700,24.103448,13,0,person,0.6911817193031311,450,580,497,764,47,184
700,24.103448,26,0,person,0.6899793744087219,1001,519,1059,688,58,169
700,24.103448,22,0,person,0.6561612486839294,846,437,897,526,51,89
700,24.103448,18,0,person,0.6352414488792419,675,598,737,784,62,186
700,24.103448,14,0,person,0.5536500215530396,350,599,413,782,63,183
700,24.103448,41,0,person,0.4923437535762787,359,555,408,659,49,104
700,24.103448,34,0,person,0.43896767497062683,695,569,739,730,44,161
700,24.103448,8,0,person,0.4117688238620758,0,639,27,809,27,170
701,24.137931,1,2,car,0.873453676700592,1525,398,1848,547,323,149
701,24.137931,24,0,person,0.8719660639762878,106,591,214,754,108,163
701,24.137931,9,0,person,0.8512700796127319,0,657,78,853,78,196
701,24.137931,3,2,car,0.8088056445121765,1723,387,1919,524,196,137
701,24.137931,2,2,car,0.7992927432060242,853,490,1124,657,271,167
701,24.137931,15,0,person,0.7749996185302734,795,513,867,664,72,151
701,24.137931,32,0,person,0.7431725859642029,394,639,454,803,60,164
701,24.137931,13,0,person,0.7389683127403259,447,578,498,762,51,184
701,24.137931,26,0,person,0.7330805063247681,991,521,1059,687,68,166
701,24.137931,22,0,person,0.6809196472167969,849,437,894,525,45,88
701,24.137931,18,0,person,0.6340947151184082,674,597,720,784,46,187
701,24.137931,14,0,person,0.5371872186660767,342,598,403,781,61,183
701,24.137931,41,0,person,0.4438014328479767,355,556,404,662,49,106
701,24.137931,34,0,person,0.3730049133300781,686,568,738,754,52,186
702,24.172414,24,0,person,0.8807078003883362,103,589,207,754,104,165
702,24.172414,1,2,car,0.8776677846908569,1525,398,1848,546,323,148
702,24.172414,9,0,person,0.8622362017631531,0,657,77,854,77,197
702,24.172414,2,2,car,0.822106122970581,851,490,1123,657,272,167
702,24.172414,3,2,car,0.8103247284889221,1722,387,1919,524,197,137
702,24.172414,13,0,person,0.7927533388137817,440,576,496,766,56,190
702,24.172414,15,0,person,0.7891172170639038,789,513,866,662,77,149
702,24.172414,26,0,person,0.7507269382476807,987,518,1058,687,71,169
702,24.172414,32,0,person,0.7440863847732544,391,639,445,803,54,164
702,24.172414,22,0,person,0.7072722315788269,850,437,891,526,41,89
702,24.172414,18,0,person,0.6924427151679993,673,599,723,783,50,184
702,24.172414,34,0,person,0.5577775835990906,687,569,738,738,51,169
702,24.172414,41,0,person,0.5556859970092773,353,555,401,655,48,100
702,24.172414,14,0,person,0.5442306399345398,337,597,398,781,61,184
703,24.206897,1,2,car,0.874912440776825,1526,398,1849,547,323,149
703,24.206897,24,0,person,0.8748635053634644,100,588,199,754,99,166
703,24.206897,9,0,person,0.8434882760047913,0,657,78,853,78,196
703,24.206897,3,2,car,0.8145151734352112,1723,387,1919,524,196,137
703,24.206897,13,0,person,0.8139230012893677,435,577,495,765,60,188
703,24.206897,26,0,person,0.8070182800292969,985,521,1059,685,74,164
703,24.206897,2,2,car,0.8025948405265808,852,490,1123,657,271,167
703,24.206897,15,0,person,0.7982503771781921,788,513,866,662,78,149
703,24.206897,18,0,person,0.761948823928833,669,600,721,784,52,184
703,24.206897,32,0,person,0.7490916848182678,387,638,434,803,47,165
703,24.206897,22,0,person,0.6135409474372864,850,437,888,534,38,97
703,24.206897,41,0,person,0.6073377728462219,348,553,398,661,50,108
703,24.206897,34,0,person,0.5822381973266602,690,572,738,738,48,166
703,24.206897,14,0,person,0.5527368187904358,338,595,396,783,58,188
704,24.241379,1,2,car,0.8772342801094055,1525,398,1848,546,323,148
704,24.241379,9,0,person,0.8591949343681335,0,658,77,853,77,195
704,24.241379,24,0,person,0.8557757139205933,96,588,191,754,95,166
704,24.241379,13,0,person,0.8287348747253418,427,579,495,763,68,184
704,24.241379,3,2,car,0.8105419278144836,1724,387,1919,525,195,138
704,24.241379,15,0,person,0.8102917671203613,788,514,866,662,78,148
704,24.241379,2,2,car,0.8089930415153503,848,487,1123,661,275,174
704,24.241379,26,0,person,0.8041289448738098,982,524,1058,686,76,162
704,24.241379,32,0,person,0.740985095500946,382,637,433,804,51,167
704,24.241379,18,0,person,0.7308149337768555,663,603,713,785,50,182
704,24.241379,14,0,person,0.7088680267333984,337,596,390,783,53,187
704,24.241379,34,0,person,0.6387960910797119,686,572,742,736,56,164
704,24.241379,41,0,person,0.5844636559486389,344,553,394,660,50,107
704,24.241379,22,0,person,0.5320816040039062,845,437,887,549,42,112
705,24.275862,1,2,car,0.8801958560943604,1525,398,1848,546,323,148
705,24.275862,9,0,person,0.8743265271186829,0,661,78,853,78,192
705,24.275862,15,0,person,0.825316846370697,789,513,863,662,74,149
705,24.275862,13,0,person,0.8230423927307129,423,581,496,766,73,185
705,24.275862,26,0,person,0.8159539699554443,982,524,1058,685,76,161
705,24.275862,2,2,car,0.8149356842041016,848,487,1123,662,275,175
705,24.275862,3,2,car,0.8115760087966919,1724,387,1919,525,195,138
705,24.275862,24,0,person,0.8087263703346252,95,585,181,754,86,169
705,24.275862,32,0,person,0.7892387509346008,371,643,432,805,61,162
705,24.275862,18,0,person,0.7684859037399292,656,602,711,785,55,183
705,24.275862,14,0,person,0.7621006965637207,329,598,385,782,56,184
705,24.275862,34,0,person,0.6518584489822388,682,572,741,734,59,162
705,24.275862,22,0,person,0.6416923403739929,845,437,885,551,40,114
705,24.275862,41,0,person,0.5813060998916626,343,553,389,646,46,93
706,24.310345,1,2,car,0.8798717260360718,1525,398,1849,546,324,148
706,24.310345,9,0,person,0.860299825668335,0,662,77,853,77,191
706,24.310345,15,0,person,0.8308234214782715,788,513,864,661,76,148
706,24.310345,13,0,person,0.824781596660614,421,579,495,767,74,188
706,24.310345,32,0,person,0.8205422163009644,358,639,432,806,74,167
706,24.310345,2,2,car,0.8158891201019287,848,487,1123,661,275,174
706,24.310345,26,0,person,0.8140094876289368,981,524,1058,686,77,162
706,24.310345,3,2,car,0.8115777373313904,1724,387,1919,525,195,138
706,24.310345,24,0,person,0.7960321307182312,91,585,173,753,82,168
706,24.310345,18,0,person,0.7710407376289368,652,602,711,785,59,183
706,24.310345,14,0,person,0.7413774132728577,319,598,382,777,63,179
706,24.310345,22,0,person,0.680757999420166,840,437,883,552,43,115
706,24.310345,34,0,person,0.6325462460517883,679,571,742,736,63,165
706,24.310345,41,0,person,0.6317746639251709,340,553,385,652,45,99
707,24.344828,1,2,car,0.8771755695343018,1525,398,1849,547,324,149
707,24.344828,9,0,person,0.8760773539543152,0,661,77,853,77,192
707,24.344828,24,0,person,0.8291110396385193,89,583,172,753,83,170
707,24.344828,32,0,person,0.8284488320350647,346,641,432,805,86,164
707,24.344828,26,0,person,0.8216279745101929,980,525,1057,687,77,162
707,24.344828,15,0,person,0.8180891275405884,786,515,862,661,76,146
707,24.344828,13,0,person,0.8132491707801819,417,582,495,766,78,184
707,24.344828,3,2,car,0.8125239610671997,1723,387,1919,525,196,138
707,24.344828,2,2,car,0.7913289070129395,848,487,1123,661,275,174
707,24.344828,18,0,person,0.7610157132148743,651,603,709,785,58,182
707,24.344828,14,0,person,0.7370840907096863,310,597,378,777,68,180
707,24.344828,22,0,person,0.6929001212120056,837,436,878,557,41,121
707,24.344828,34,0,person,0.676031768321991,677,571,743,737,66,166
707,24.344828,41,0,person,0.6652969121932983,337,553,383,654,46,101
708,24.37931,1,2,car,0.8771478533744812,1526,399,1849,547,323,148
708,24.37931,9,0,person,0.8660229444503784,0,661,76,854,76,193
708,24.37931,32,0,person,0.8352439999580383,340,643,433,806,93,163
708,24.37931,24,0,person,0.8298993706703186,86,583,172,754,86,171
708,24.37931,26,0,person,0.8273941278457642,979,525,1057,688,78,163
708,24.37931,13,0,person,0.823253870010376,415,582,495,766,80,184
708,24.37931,3,2,car,0.8136356472969055,1723,387,1919,525,196,138
708,24.37931,15,0,person,0.7958616018295288,785,515,857,661,72,146
708,24.37931,2,2,car,0.792159378528595,847,487,1123,661,276,174
708,24.37931,14,0,person,0.7546699643135071,302,599,377,782,75,183
708,24.37931,18,0,person,0.7467804551124573,646,604,707,786,61,182
708,24.37931,34,0,person,0.6935660243034363,673,574,742,737,69,163
708,24.37931,22,0,person,0.684756875038147,834,437,876,577,42,140
708,24.37931,41,0,person,0.5782051086425781,335,553,380,659,45,106
709,24.413793,1,2,car,0.8783957958221436,1526,399,1849,547,323,148
709,24.413793,32,0,person,0.8532812595367432,339,644,433,806,94,162
709,24.413793,9,0,person,0.8415837287902832,0,662,73,854,73,192
709,24.413793,13,0,person,0.8364307880401611,411,583,495,766,84,183
709,24.413793,18,0,person,0.8225114345550537,625,607,708,785,83,178
709,24.413793,26,0,person,0.8223849534988403,980,524,1056,687,76,163
709,24.413793,3,2,car,0.8170216679573059,1723,388,1919,525,196,137
709,24.413793,15,0,person,0.8011175394058228,784,514,851,662,67,148
709,24.413793,24,0,person,0.7945775389671326,83,582,172,755,89,173
709,24.413793,2,2,car,0.7827143669128418,850,489,1124,657,274,168
709,24.413793,14,0,person,0.7820002436637878,296,600,373,782,77,182
709,24.413793,34,0,person,0.6952396631240845,669,574,741,735,72,161
709,24.413793,22,0,person,0.6917953491210938,832,436,874,580,42,144
709,24.413793,41,0,person,0.5000133514404297,332,553,376,666,44,113
710,24.448276,1,2,car,0.8817055225372314,1525,399,1849,547,324,148
710,24.448276,18,0,person,0.85664302110672,623,607,707,786,84,179
710,24.448276,32,0,person,0.8519205451011658,337,645,432,806,95,161
710,24.448276,13,0,person,0.8349197506904602,408,583,495,766,87,183
710,24.448276,24,0,person,0.8287972807884216,80,582,173,754,93,172
710,24.448276,3,2,car,0.8161427974700928,1723,387,1919,525,196,138
710,24.448276,9,0,person,0.8152440190315247,0,661,67,856,67,195
710,24.448276,26,0,person,0.8122406005859375,979,523,1054,688,75,165
710,24.448276,15,0,person,0.805496871471405,782,513,847,661,65,148
710,24.448276,2,2,car,0.7945632338523865,851,487,1123,660,272,173
710,24.448276,14,0,person,0.7840424180030823,291,601,371,780,80,179
710,24.448276,22,0,person,0.713007390499115,828,438,872,581,44,143
710,24.448276,34,0,person,0.6815210580825806,667,575,736,735,69,160
710,24.448276,41,0,person,0.5552049875259399,329,553,372,653,43,100
711,24.482759,1,2,car,0.8799991011619568,1526,399,1849,547,323,148
711,24.482759,24,0,person,0.8607505559921265,78,582,173,755,95,173
711,24.482759,18,0,person,0.8514673113822937,618,609,708,786,90,177
711,24.482759,32,0,person,0.8426352739334106,335,645,430,807,95,162
711,24.482759,13,0,person,0.8424320220947266,403,583,492,763,89,180
711,24.482759,3,2,car,0.8134325742721558,1723,387,1919,525,196,138
711,24.482759,2,2,car,0.8052507042884827,849,487,1123,661,274,174
711,24.482759,14,0,person,0.7994840741157532,285,603,365,781,80,178
711,24.482759,26,0,person,0.7959762215614319,979,524,1049,691,70,167
711,24.482759,15,0,person,0.78823322057724,778,513,842,661,64,148
711,24.482759,22,0,person,0.726750910282135,825,438,869,586,44,148
711,24.482759,9,0,person,0.7083425521850586,0,688,65,855,65,167
711,24.482759,34,0,person,0.6925243139266968,660,577,737,735,77,158
711,24.482759,41,0,person,0.6320531964302063,326,552,368,651,42,99
712,24.517241,1,2,car,0.8788898587226868,1526,399,1849,547,323,148
712,24.517241,24,0,person,0.8608953356742859,73,582,172,755,99,173
712,24.517241,18,0,person,0.8512482643127441,613,610,707,787,94,177
712,24.517241,13,0,person,0.8351631760597229,401,583,493,768,92,185
712,24.517241,32,0,person,0.8330785632133484,334,643,428,809,94,166
712,24.517241,26,0,person,0.8104135990142822,978,523,1046,690,68,167
712,24.517241,2,2,car,0.809478759765625,848,487,1123,659,275,172
712,24.517241,3,2,car,0.8087326884269714,1723,388,1919,525,196,137
712,24.517241,14,0,person,0.7914902567863464,281,606,359,782,78,176
712,24.517241,15,0,person,0.7713069319725037,778,513,837,661,59,148
712,24.517241,22,0,person,0.7437095642089844,822,440,868,581,46,141
712,24.517241,34,0,person,0.6946245431900024,659,579,731,735,72,156
712,24.517241,9,0,person,0.6727898716926575,0,690,65,853,65,163
712,24.517241,41,0,person,0.598375678062439,322,553,365,648,43,95
713,24.551724,1,2,car,0.8862693905830383,1526,399,1849,547,323,148
713,24.551724,24,0,person,0.8675949573516846,71,582,171,756,100,174
713,24.551724,18,0,person,0.8461968302726746,610,610,706,788,96,178
713,24.551724,13,0,person,0.8403719663619995,399,583,491,767,92,184
713,24.551724,32,0,person,0.8352456092834473,335,639,423,809,88,170
713,24.551724,2,2,car,0.823296844959259,848,487,1124,659,276,172
713,24.551724,3,2,car,0.8138747811317444,1713,387,1918,526,205,139
713,24.551724,26,0,person,0.8057820796966553,979,523,1042,690,63,167
713,24.551724,15,0,person,0.7669535875320435,775,513,830,660,55,147
713,24.551724,14,0,person,0.7366471290588379,277,607,355,783,78,176
713,24.551724,34,0,person,0.7283012866973877,653,579,733,737,80,158
713,24.551724,22,0,person,0.7221871614456177,819,441,865,581,46,140
713,24.551724,41,0,person,0.6016849875450134,321,553,362,654,41,101
714,24.586207,1,2,car,0.885749340057373,1526,399,1849,547,323,148
714,24.586207,24,0,person,0.8789032101631165,67,581,170,756,103,175
714,24.586207,18,0,person,0.8418551087379456,608,609,707,790,99,181
714,24.586207,2,2,car,0.8309585452079773,846,487,1124,661,278,174
714,24.586207,13,0,person,0.8107054233551025,398,582,491,768,93,186
714,24.586207,3,2,car,0.8086978197097778,1722,388,1919,526,197,138
714,24.586207,15,0,person,0.7709649801254272,774,512,823,660,49,148
714,24.586207,32,0,person,0.7650375366210938,335,643,416,808,81,165
714,24.586207,26,0,person,0.7604907155036926,978,524,1037,688,59,164
714,24.586207,14,0,person,0.7434704303741455,276,606,352,783,76,177
714,24.586207,34,0,person,0.7228087782859802,652,580,722,737,70,157
714,24.586207,41,0,person,0.6734050512313843,317,554,359,654,42,100
714,24.586207,22,0,person,0.6705265045166016,816,440,861,585,45,145
715,24.62069,1,2,car,0.883426308631897,1526,399,1849,547,323,148
715,24.62069,24,0,person,0.8740304112434387,65,582,169,756,104,174
715,24.62069,2,2,car,0.8660728931427002,847,487,1124,661,277,174
715,24.62069,18,0,person,0.8158400654792786,608,609,705,790,97,181
715,24.62069,3,2,car,0.8068078756332397,1714,387,1918,526,204,139
715,24.62069,13,0,person,0.7823649644851685,397,582,476,762,79,180
715,24.62069,32,0,person,0.7748225927352905,332,641,405,808,73,167
715,24.62069,15,0,person,0.765938401222229,772,512,820,661,48,149
715,24.62069,26,0,person,0.7507889270782471,978,525,1023,688,45,163
715,24.62069,22,0,person,0.7162565588951111,812,442,859,591,47,149
715,24.62069,14,0,person,0.7138711214065552,271,610,353,786,82,176
715,24.62069,34,0,person,0.7086278200149536,652,580,720,738,68,158
715,24.62069,41,0,person,0.643892765045166,312,556,357,655,45,99
716,24.655172,1,2,car,0.8872813582420349,1526,399,1848,547,322,148
716,24.655172,24,0,person,0.8782588839530945,63,581,166,756,103,175
716,24.655172,2,2,car,0.8746585845947266,847,488,1124,662,277,174
716,24.655172,13,0,person,0.8188321590423584,397,582,465,760,68,178
716,24.655172,3,2,car,0.8162590861320496,1718,386,1919,527,201,141
716,24.655172,18,0,person,0.8004044890403748,611,608,703,790,92,182
716,24.655172,32,0,person,0.7774420976638794,330,642,397,808,67,166
716,24.655172,26,0,person,0.7669207453727722,978,526,1020,688,42,162
716,24.655172,15,0,person,0.761189877986908,771,511,818,660,47,149
716,24.655172,22,0,person,0.7506999969482422,808,442,859,594,51,152
716,24.655172,14,0,person,0.7237271070480347,270,608,347,786,77,178
716,24.655172,34,0,person,0.6547721028327942,648,582,717,738,69,156
716,24.655172,41,0,person,0.5257909297943115,307,555,354,658,47,103
717,24.689655,1,2,car,0.8892325162887573,1525,399,1848,548,323,149
717,24.689655,24,0,person,0.8811632394790649,59,580,162,757,103,177
717,24.689655,2,2,car,0.8619223237037659,848,489,1125,661,277,172
717,24.689655,13,0,person,0.8116490244865417,395,580,456,762,61,182
717,24.689655,18,0,person,0.7967522740364075,609,613,698,792,89,179
717,24.689655,3,2,car,0.7941901683807373,1725,389,1919,527,194,138
717,24.689655,26,0,person,0.7928538918495178,978,528,1018,689,40,161
717,24.689655,15,0,person,0.7557643055915833,769,510,815,662,46,152
717,24.689655,14,0,person,0.739565372467041,263,608,343,784,80,176
717,24.689655,32,0,person,0.7324976921081543,328,643,389,811,61,168
717,24.689655,22,0,person,0.7240049839019775,804,443,859,595,55,152
717,24.689655,34,0,person,0.6629682183265686,636,583,716,738,80,155
717,24.689655,41,0,person,0.581830620765686,304,557,348,650,44,93
718,24.724138,1,2,car,0.8991693258285522,1526,402,1848,550,322,148
718,24.724138,2,2,car,0.8774822354316711,849,489,1126,660,277,171
718,24.724138,24,0,person,0.8763424754142761,57,580,157,760,100,180
718,24.724138,3,2,car,0.8054656386375427,1727,391,1919,528,192,137
718,24.724138,18,0,person,0.7987673282623291,613,614,694,795,81,181
718,24.724138,26,0,person,0.7867383360862732,976,528,1015,690,39,162
718,24.724138,13,0,person,0.7814375162124634,394,581,447,765,53,184
718,24.724138,15,0,person,0.7762806415557861,764,512,815,665,51,153
718,24.724138,22,0,person,0.7393406629562378,800,445,859,595,59,150
718,24.724138,14,0,person,0.7305043339729309,260,612,336,786,76,174
718,24.724138,32,0,person,0.7161228656768799,325,643,378,814,53,171
718,24.724138,34,0,person,0.5062638521194458,637,584,714,740,77,156
718,24.724138,41,0,person,0.41377830505371094,301,559,345,659,44,100
719,24.758621,1,2,car,0.8954737186431885,1526,403,1848,552,322,149
719,24.758621,24,0,person,0.8685373067855835,53,580,152,761,99,181
719,24.758621,2,2,car,0.8607535362243652,850,492,1125,658,275,166
719,24.758621,18,0,person,0.8090925216674805,613,615,688,796,75,181
719,24.758621,3,2,car,0.8084068894386292,1723,392,1918,530,195,138
719,24.758621,15,0,person,0.79515540599823,757,515,814,667,57,152
719,24.758621,26,0,person,0.7689394354820251,972,528,1013,692,41,164
719,24.758621,13,0,person,0.7521114349365234,391,585,435,768,44,183
719,24.758621,32,0,person,0.7443170547485352,320,646,369,816,49,170
719,24.758621,14,0,person,0.7380640506744385,260,613,328,788,68,175
719,24.758621,22,0,person,0.7197808623313904,800,447,858,598,58,151
719,24.758621,41,0,person,0.5753044486045837,297,562,343,660,46,98
719,24.758621,34,0,person,0.4742904305458069,637,581,696,738,59,157
720,24.793103,1,2,car,0.8968862891197205,1526,405,1849,553,323,148
720,24.793103,2,2,car,0.8675938844680786,848,494,1125,659,277,165
720,24.793103,24,0,person,0.8435442447662354,51,582,146,762,95,180
720,24.793103,3,2,car,0.8291176557540894,1722,394,1918,532,196,138
720,24.793103,18,0,person,0.8257058262825012,612,616,682,799,70,183
720,24.793103,15,0,person,0.7888700366020203,751,518,814,668,63,150
720,24.793103,14,0,person,0.7759426832199097,257,616,324,790,67,174
720,24.793103,26,0,person,0.7564361095428467,967,532,1012,692,45,160
720,24.793103,13,0,person,0.7539017796516418,386,588,432,770,46,182
720,24.793103,32,0,person,0.746001124382019,314,649,367,822,53,173
720,24.793103,22,0,person,0.7067466974258423,797,448,856,601,59,153
720,24.793103,34,0,person,0.6701288819313049,639,582,702,752,63,170
720,24.793103,41,0,person,0.6021365523338318,293,562,339,664,46,102
721,24.827586,1,2,car,0.8986873030662537,1526,406,1849,555,323,149
721,24.827586,2,2,car,0.8717743754386902,847,496,1125,659,278,163
721,24.827586,24,0,person,0.8320974111557007,49,582,140,762,91,180
721,24.827586,3,2,car,0.8267402052879333,1723,395,1918,533,195,138
721,24.827586,18,0,person,0.7958864569664001,611,615,673,799,62,184
721,24.827586,15,0,person,0.7944064736366272,748,518,814,668,66,150
721,24.827586,32,0,person,0.7935564517974854,305,650,366,822,61,172
721,24.827586,13,0,person,0.7694352269172668,382,589,432,771,50,182
721,24.827586,26,0,person,0.7602999210357666,957,534,1010,693,53,159
721,24.827586,14,0,person,0.7576144933700562,258,614,320,791,62,177
721,24.827586,22,0,person,0.7274261116981506,798,449,857,602,59,153
721,24.827586,34,0,person,0.6866253614425659,636,585,693,753,57,168
721,24.827586,41,0,person,0.6108382344245911,288,564,335,674,47,110
722,24.862069,1,2,car,0.8959347009658813,1525,406,1849,555,324,149
722,24.862069,2,2,car,0.8763639330863953,846,496,1125,658,279,162
722,24.862069,24,0,person,0.830607533454895,48,580,132,762,84,182
722,24.862069,3,2,car,0.826015055179596,1723,395,1918,533,195,138
722,24.862069,15,0,person,0.8033024072647095,745,518,813,668,68,150
722,24.862069,26,0,person,0.7991219162940979,951,531,1009,695,58,164
722,24.862069,32,0,person,0.7934596538543701,292,654,366,821,74,167
722,24.862069,13,0,person,0.7867905497550964,373,592,431,773,58,181
722,24.862069,18,0,person,0.7478821873664856,605,614,665,801,60,187
722,24.862069,14,0,person,0.7302752137184143,256,615,318,790,62,175
722,24.862069,22,0,person,0.7132768034934998,794,449,855,604,61,155
722,24.862069,34,0,person,0.6966008543968201,633,587,686,755,53,168
722,24.862069,41,0,person,0.5612561106681824,286,564,332,667,46,103
723,24.896552,1,2,car,0.8959386348724365,1525,406,1849,555,324,149
723,24.896552,2,2,car,0.8818399310112,845,496,1125,658,280,162
723,24.896552,13,0,person,0.8259620666503906,365,592,430,775,65,183
723,24.896552,3,2,car,0.8246469497680664,1723,395,1918,533,195,138
723,24.896552,32,0,person,0.8155431151390076,284,650,366,821,82,171
723,24.896552,24,0,person,0.8152115345001221,46,580,127,761,81,181
723,24.896552,15,0,person,0.8071606755256653,742,517,813,669,71,152
723,24.896552,26,0,person,0.8054233193397522,943,532,1008,696,65,164
723,24.896552,34,0,person,0.7354372143745422,632,587,680,758,48,171
723,24.896552,22,0,person,0.7315040230751038,793,449,846,604,53,155
723,24.896552,18,0,person,0.7310495376586914,597,618,656,800,59,182
723,24.896552,14,0,person,0.7297295331954956,255,615,314,788,59,173
723,24.896552,41,0,person,0.44499364495277405,281,563,327,664,46,101
724,24.931034,1,2,car,0.8951095938682556,1525,406,1849,555,324,149
724,24.931034,2,2,car,0.8814257979393005,845,497,1124,657,279,160
724,24.931034,13,0,person,0.8299729228019714,357,591,430,772,73,181
724,24.931034,24,0,person,0.8259071111679077,41,579,117,762,76,183
724,24.931034,3,2,car,0.8209525942802429,1722,395,1918,533,196,138
724,24.931034,26,0,person,0.8204306364059448,937,533,1007,695,70,162
724,24.931034,32,0,person,0.8110665082931519,278,654,366,821,88,167
724,24.931034,15,0,person,0.7866911292076111,741,518,812,669,71,151
724,24.931034,18,0,person,0.7611191868782043,591,622,650,802,59,180
724,24.931034,22,0,person,0.7167900800704956,787,449,842,607,55,158
724,24.931034,14,0,person,0.7003539204597473,254,621,309,795,55,174
724,24.931034,34,0,person,0.6861749887466431,625,589,676,760,51,171
724,24.931034,41,0,person,0.43255186080932617,275,562,323,661,48,99
725,24.965517,1,2,car,0.8965170383453369,1525,406,1849,555,324,149
725,24.965517,2,2,car,0.8791366815567017,845,496,1124,658,279,162
725,24.965517,13,0,person,0.8326537013053894,350,593,429,772,79,179
725,24.965517,26,0,person,0.8280711770057678,931,534,1007,695,76,161
725,24.965517,24,0,person,0.8275530934333801,39,578,109,764,70,186
725,24.965517,3,2,car,0.8220511078834534,1722,395,1918,533,196,138
725,24.965517,32,0,person,0.7963321805000305,276,655,366,824,90,169
725,24.965517,15,0,person,0.786756157875061,741,517,809,668,68,151
725,24.965517,18,0,person,0.7661274075508118,591,622,651,805,60,183
725,24.965517,22,0,person,0.7376492023468018,787,448,833,604,46,156
725,24.965517,34,0,person,0.7021439671516418,624,590,673,762,49,172
725,24.965517,14,0,person,0.5866236686706543,252,620,305,796,53,176
725,24.965517,41,0,person,0.3985200524330139,272,562,319,663,47,101
726,25.0,1,2,car,0.896771252155304,1525,406,1849,555,324,149
726,25.0,2,2,car,0.8772928714752197,845,496,1124,658,279,162
726,25.0,13,0,person,0.8416975736618042,346,590,431,771,85,181
726,25.0,3,2,car,0.8279044032096863,1722,395,1918,533,196,138
726,25.0,18,0,person,0.823894739151001,581,618,654,808,73,190
726,25.0,26,0,person,0.8228384852409363,932,536,1008,695,76,159
726,25.0,24,0,person,0.8125060796737671,35,578,102,766,67,188
726,25.0,32,0,person,0.8115469813346863,273,656,364,825,91,169
726,25.0,15,0,person,0.7821791768074036,741,515,804,669,63,154
726,25.0,22,0,person,0.7413280010223389,784,449,826,601,42,152
726,25.0,34,0,person,0.6756305694580078,622,592,670,761,48,169
726,25.0,14,0,person,0.644960343837738,244,612,298,798,54,186
726,25.0,41,0,person,0.4274164140224457,268,562,317,668,49,106
727,25.034483,1,2,car,0.8979312181472778,1525,405,1848,554,323,149
727,25.034483,2,2,car,0.862980842590332,845,495,1124,657,279,162
727,25.034483,13,0,person,0.8443391919136047,340,595,431,772,91,177
727,25.034483,18,0,person,0.8341537714004517,579,618,655,810,76,192
727,25.034483,26,0,person,0.8319729566574097,932,537,1007,695,75,158
727,25.034483,32,0,person,0.8266401886940002,272,656,362,825,90,169
727,25.034483,3,2,car,0.8248302936553955,1722,395,1918,532,196,137
727,25.034483,24,0,person,0.8192296624183655,35,578,102,767,67,189
727,25.034483,15,0,person,0.7792170643806458,739,517,801,668,62,151
727,25.034483,22,0,person,0.7478057146072388,779,448,827,606,48,158
727,25.034483,34,0,person,0.7029266953468323,621,592,668,758,47,166
727,25.034483,14,0,person,0.6979224681854248,236,613,293,797,57,184
727,25.034483,41,0,person,0.4367726445198059,264,561,315,680,51,119
728,25.068966,1,2,car,0.8998286724090576,1525,405,1848,554,323,149
728,25.068966,2,2,car,0.8546594381332397,845,495,1125,657,280,162
728,25.068966,13,0,person,0.8486053347587585,340,596,431,773,91,177
728,25.068966,18,0,person,0.8306462168693542,572,618,655,808,83,190
728,25.068966,26,0,person,0.8265942931175232,930,540,1006,695,76,155
728,25.068966,3,2,car,0.8245753645896912,1723,395,1918,532,195,137
728,25.068966,24,0,person,0.8231289982795715,32,579,104,766,72,187
728,25.068966,32,0,person,0.7874640226364136,269,655,357,824,88,169
728,25.068966,15,0,person,0.7665649056434631,736,515,795,666,59,151
728,25.068966,22,0,person,0.7527909278869629,778,449,823,605,45,156
728,25.068966,14,0,person,0.7256383299827576,224,613,289,798,65,185
728,25.068966,34,0,person,0.7237524390220642,617,593,667,757,50,164
728,25.068966,41,0,person,0.5196558237075806,264,562,310,672,46,110
729,25.103448,1,2,car,0.9002238512039185,1525,405,1848,554,323,149
729,25.103448,2,2,car,0.8462584614753723,845,495,1125,658,280,163
729,25.103448,24,0,person,0.8372048139572144,28,579,103,767,75,188
729,25.103448,18,0,person,0.8330252766609192,563,618,656,807,93,189
729,25.103448,3,2,car,0.8271846771240234,1723,395,1918,532,195,137
729,25.103448,13,0,person,0.8221530318260193,338,597,430,774,92,177
729,25.103448,26,0,person,0.8207144737243652,927,541,1007,695,80,154
729,25.103448,32,0,person,0.757496178150177,270,657,352,824,82,167
729,25.103448,22,0,person,0.7495092749595642,776,449,820,607,44,158
729,25.103448,15,0,person,0.7465172410011292,736,514,791,664,55,150
729,25.103448,34,0,person,0.7185630798339844,614,593,666,757,52,164
729,25.103448,14,0,person,0.626861035823822,215,619,285,796,70,177
729,25.103448,41,0,person,0.3249029517173767,250,561,308,687,58,126
730,25.137931,1,2,car,0.9014828205108643,1525,405,1848,554,323,149
730,25.137931,24,0,person,0.8536407947540283,20,580,102,765,82,185
730,25.137931,2,2,car,0.8516815304756165,845,494,1125,658,280,164
730,25.137931,18,0,person,0.8427216410636902,559,618,657,808,98,190
730,25.137931,3,2,car,0.8228728175163269,1723,395,1918,532,195,137
730,25.137931,13,0,person,0.8121521472930908,337,595,427,774,90,179
730,25.137931,26,0,person,0.8067249059677124,926,538,1007,696,81,158
730,25.137931,15,0,person,0.7443831562995911,733,512,785,663,52,151
730,25.137931,32,0,person,0.7093790769577026,270,654,342,825,72,171
730,25.137931,34,0,person,0.7014102339744568,610,595,668,756,58,161
730,25.137931,22,0,person,0.692500650882721,774,449,819,606,45,157
730,25.137931,14,0,person,0.6557376384735107,207,622,279,795,72,173
730,25.137931,41,0,person,0.31907913088798523,247,562,305,684,58,122
731,25.172414,1,2,car,0.9023839235305786,1525,405,1848,554,323,149
731,25.172414,24,0,person,0.8602059483528137,9,581,101,764,92,183
731,25.172414,2,2,car,0.8464069366455078,845,494,1125,659,280,165
731,25.172414,18,0,person,0.8380546569824219,553,619,653,808,100,189
731,25.172414,3,2,car,0.8277283310890198,1722,395,1918,532,196,137
731,25.172414,13,0,person,0.8206773996353149,335,595,421,776,86,181
731,25.172414,26,0,person,0.8042214512825012,926,533,1006,696,80,163
731,25.172414,15,0,person,0.753563404083252,727,512,782,662,55,150
731,25.172414,32,0,person,0.7519741654396057,267,656,335,824,68,168
731,25.172414,14,0,person,0.7392553687095642,206,619,275,799,69,180
731,25.172414,22,0,person,0.7315317988395691,762,449,819,605,57,156
731,25.172414,34,0,person,0.681962251663208,608,594,667,757,59,163
731,25.172414,41,0,person,0.3946106433868408,250,562,301,682,51,120
732,25.206897,1,2,car,0.9007984399795532,1525,405,1848,554,323,149
732,25.206897,18,0,person,0.8635891675949097,550,620,651,808,101,188
732,25.206897,24,0,person,0.8559396862983704,5,579,101,764,96,185
732,25.206897,2,2,car,0.8432129621505737,845,494,1125,659,280,165
732,25.206897,13,0,person,0.8281474113464355,334,595,418,777,84,182
732,25.206897,3,2,car,0.8275002241134644,1722,395,1918,532,196,137
732,25.206897,26,0,person,0.8060789108276367,925,532,1005,696,80,164
732,25.206897,15,0,person,0.7578713893890381,727,513,778,664,51,151
732,25.206897,14,0,person,0.7429143786430359,203,620,272,800,69,180
732,25.206897,32,0,person,0.7376971244812012,261,656,324,824,63,168
732,25.206897,22,0,person,0.7026700973510742,765,451,817,607,52,156
732,25.206897,34,0,person,0.6463852524757385,605,594,666,757,61,163
732,25.206897,41,0,person,0.4437389671802521,250,562,299,686,49,124
733,25.241379,1,2,car,0.9003769159317017,1525,405,1849,554,324,149
733,25.241379,24,0,person,0.867590606212616,1,582,101,763,100,181
733,25.241379,18,0,person,0.8547636866569519,545,621,647,808,102,187
733,25.241379,2,2,car,0.8364260196685791,847,494,1125,659,278,165
733,25.241379,3,2,car,0.8234292268753052,1722,395,1918,532,196,137
733,25.241379,13,0,person,0.8119431138038635,334,594,412,776,78,182
733,25.241379,26,0,person,0.7720293998718262,925,530,1002,698,77,168
733,25.241379,14,0,person,0.768210768699646,203,623,271,797,68,174
733,25.241379,15,0,person,0.7609648108482361,726,512,774,665,48,153
733,25.241379,22,0,person,0.7340050339698792,761,452,818,608,57,156
733,25.241379,32,0,person,0.6692274212837219,257,656,315,826,58,170
733,25.241379,34,0,person,0.5928092002868652,601,597,663,757,62,160
733,25.241379,41,0,person,0.45931342244148254,247,562,295,686,48,124
734,25.275862,1,2,car,0.9005929231643677,1525,405,1849,554,324,149
734,25.275862,18,0,person,0.8678451180458069,545,622,645,809,100,187
734,25.275862,24,0,person,0.8621684908866882,1,583,101,764,100,181
734,25.275862,3,2,car,0.8225887417793274,1722,395,1918,532,196,137
734,25.275862,2,2,car,0.8221545219421387,846,494,1125,659,279,165
734,25.275862,13,0,person,0.8093340992927551,335,594,406,776,71,182
734,25.275862,15,0,person,0.7592426538467407,725,511,772,666,47,155
734,25.275862,26,0,person,0.7453024387359619,925,529,999,699,74,170
734,25.275862,22,0,person,0.7335624098777771,755,452,816,606,61,154
734,25.275862,14,0,person,0.7330640554428101,201,625,261,797,60,172
734,25.275862,32,0,person,0.6899235248565674,251,657,307,825,56,168
734,25.275862,34,0,person,0.5689238905906677,599,597,657,766,58,169
734,25.275862,41,0,person,0.4652149975299835,244,562,293,680,49,118
735,25.310345,1,2,car,0.9009378552436829,1525,405,1849,554,324,149
735,25.310345,18,0,person,0.8688924908638,544,621,640,809,96,188
735,25.310345,24,0,person,0.8672042489051819,0,582,99,764,99,182
735,25.310345,3,2,car,0.822966456413269,1721,395,1918,532,197,137
735,25.310345,2,2,car,0.8223325610160828,847,494,1125,660,278,166
735,25.310345,13,0,person,0.8087072372436523,332,592,399,775,67,183
735,25.310345,32,0,person,0.7790719270706177,248,658,307,824,59,166
735,25.310345,26,0,person,0.7681244611740112,923,532,996,704,73,172
735,25.310345,15,0,person,0.7667531371116638,722,511,771,666,49,155
735,25.310345,14,0,person,0.7583025097846985,199,626,254,798,55,172
735,25.310345,22,0,person,0.7519318461418152,752,453,817,605,65,152
735,25.310345,34,0,person,0.640800952911377,596,597,658,757,62,160
735,25.310345,41,0,person,0.565199613571167,241,563,289,682,48,119
736,25.344828,1,2,car,0.900367796421051,1525,405,1849,554,324,149
736,25.344828,18,0,person,0.8614506125450134,542,621,635,810,93,189
736,25.344828,24,0,person,0.8576194047927856,0,583,98,764,98,181
736,25.344828,2,2,car,0.8400022983551025,847,494,1125,660,278,166
736,25.344828,3,2,car,0.8230273127555847,1721,395,1918,532,197,137
736,25.344828,32,0,person,0.7724364399909973,238,657,305,825,67,168
736,25.344828,15,0,person,0.7588645219802856,719,512,770,666,51,154
736,25.344828,22,0,person,0.7485122680664062,750,454,816,606,66,152
736,25.344828,13,0,person,0.7458487749099731,333,593,386,775,53,182
736,25.344828,14,0,person,0.7340115308761597,196,624,251,798,55,174
736,25.344828,26,0,person,0.7299924492835999,923,534,989,706,66,172
736,25.344828,34,0,person,0.6431049108505249,595,597,653,758,58,161
736,25.344828,41,0,person,0.5944992899894714,237,564,287,677,50,113
737,25.37931,1,2,car,0.8998404741287231,1524,405,1849,554,325,149
737,25.37931,24,0,person,0.8474405407905579,0,582,95,764,95,182
737,25.37931,2,2,car,0.8316245079040527,847,494,1125,660,278,166
737,25.37931,3,2,car,0.8250027298927307,1723,395,1918,532,195,137
737,25.37931,18,0,person,0.8235345482826233,538,620,628,810,90,190
737,25.37931,13,0,person,0.7909389138221741,330,593,383,775,53,182
737,25.37931,15,0,person,0.788642942905426,708,511,770,666,62,155
737,25.37931,32,0,person,0.7568444013595581,224,660,304,827,80,167
737,25.37931,22,0,person,0.7446975111961365,752,453,816,605,64,152
737,25.37931,26,0,person,0.6989517211914062,924,535,984,695,60,160
737,25.37931,14,0,person,0.6584241390228271,193,622,251,797,58,175
737,25.37931,34,0,person,0.6570509672164917,592,597,647,761,55,164
737,25.37931,41,0,person,0.5775342583656311,231,564,285,682,54,118
738,25.413793,1,2,car,0.9012869000434875,1524,405,1849,553,325,148
738,25.413793,24,0,person,0.8590408563613892,0,582,88,764,88,182
738,25.413793,2,2,car,0.8395119309425354,849,494,1126,660,277,166
738,25.413793,3,2,car,0.8298123478889465,1721,394,1918,531,197,137
738,25.413793,13,0,person,0.7990884184837341,327,594,373,775,46,181
738,25.413793,32,0,person,0.7875304818153381,212,659,304,827,92,168
738,25.413793,18,0,person,0.7851453423500061,534,623,622,809,88,186
738,25.413793,15,0,person,0.7779542207717896,705,512,769,663,64,151
738,25.413793,22,0,person,0.7445966601371765,747,453,813,608,66,155
738,25.413793,26,0,person,0.7276208400726318,924,536,979,694,55,158
738,25.413793,14,0,person,0.7162843346595764,190,621,246,798,56,177
738,25.413793,34,0,person,0.6925889849662781,586,599,635,763,49,164
738,25.413793,41,0,person,0.4201326370239258,229,563,281,680,52,117
739,25.448276,1,2,car,0.9018778204917908,1524,405,1849,553,325,148
739,25.448276,2,2,car,0.8568726778030396,850,493,1125,659,275,166
739,25.448276,24,0,person,0.8543340563774109,0,581,83,765,83,184
739,25.448276,3,2,car,0.830203115940094,1720,394,1918,531,198,137
739,25.448276,32,0,person,0.7923871874809265,206,666,305,826,99,160
739,25.448276,13,0,person,0.7858480215072632,321,594,369,776,48,182
739,25.448276,15,0,person,0.7843737006187439,699,511,768,662,69,151
739,25.448276,26,0,person,0.7470054030418396,924,535,975,694,51,159
739,25.448276,22,0,person,0.7190718650817871,748,454,811,605,63,151
739,25.448276,18,0,person,0.7101603150367737,533,622,600,810,67,188
739,25.448276,14,0,person,0.6894944906234741,187,617,242,802,55,185
739,25.448276,34,0,person,0.6812250018119812,585,600,630,768,45,168
739,25.448276,41,0,person,0.6041820645332336,227,562,277,674,50,112
740,25.482759,1,2,car,0.9018067121505737,1524,405,1848,553,324,148
740,25.482759,2,2,car,0.8548233509063721,850,493,1125,661,275,168
740,25.482759,24,0,person,0.8419407606124878,0,580,76,765,76,185
740,25.482759,3,2,car,0.8280020356178284,1720,394,1918,531,198,137
740,25.482759,32,0,person,0.8045576810836792,205,656,303,829,98,173
740,25.482759,15,0,person,0.8044629096984863,696,513,768,661,72,148
740,25.482759,18,0,person,0.7642775774002075,528,622,598,810,70,188
740,25.482759,13,0,person,0.762927234172821,318,593,368,776,50,183
740,25.482759,26,0,person,0.7452554106712341,923,533,969,698,46,165
740,25.482759,22,0,person,0.6988400816917419,744,452,805,604,61,152
740,25.482759,34,0,person,0.6783517003059387,583,598,626,771,43,173
740,25.482759,14,0,person,0.668922483921051,184,618,239,798,55,180
740,25.482759,41,0,person,0.39981508255004883,224,563,273,673,49,110
741,25.517241,1,2,car,0.9020572900772095,1524,405,1848,553,324,148
741,25.517241,2,2,car,0.8610318303108215,847,493,1124,663,277,170
741,25.517241,3,2,car,0.8255425095558167,1720,394,1918,531,198,137
741,25.517241,32,0,person,0.811843991279602,204,658,301,829,97,171
741,25.517241,15,0,person,0.8051617741584778,695,514,768,661,73,147
741,25.517241,24,0,person,0.7994502782821655,0,580,68,765,68,185
741,25.517241,13,0,person,0.7843324542045593,306,592,368,775,62,183
741,25.517241,18,0,person,0.7730382084846497,528,622,594,806,66,184
741,25.517241,26,0,person,0.7651958465576172,921,530,965,698,44,168
741,25.517241,22,0,person,0.7149361968040466,745,453,799,603,54,150
741,25.517241,34,0,person,0.6962265372276306,577,598,625,775,48,177
741,25.517241,14,0,person,0.5346958041191101,178,620,234,795,56,175
741,25.517241,41,0,person,0.4844689965248108,220,563,270,672,50,109
742,25.551724,1,2,car,0.9008346199989319,1524,405,1848,553,324,148
742,25.551724,2,2,car,0.8543884754180908,848,493,1125,662,277,169
742,25.551724,3,2,car,0.8242191076278687,1720,394,1918,531,198,137
742,25.551724,15,0,person,0.8095363974571228,693,513,767,662,74,149
742,25.551724,32,0,person,0.7987022995948792,202,661,299,829,97,168
742,25.551724,13,0,person,0.7973721027374268,295,595,368,774,73,179
742,25.551724,18,0,person,0.7881855964660645,526,622,591,808,65,186
742,25.551724,26,0,person,0.7759218215942383,917,529,964,701,47,172
742,25.551724,24,0,person,0.77210533618927,0,579,62,765,62,186
742,25.551724,34,0,person,0.7210102081298828,575,599,626,773,51,174
742,25.551724,22,0,person,0.6209246516227722,741,451,795,602,54,151
742,25.551724,41,0,person,0.6166536211967468,218,562,266,682,48,120
742,25.551724,14,0,person,0.5715181231498718,172,616,231,779,59,163
743,25.586207,1,2,car,0.9001125693321228,1524,405,1848,553,324,148
743,25.586207,2,2,car,0.8597657680511475,847,493,1125,663,278,170
743,25.586207,13,0,person,0.8429900407791138,286,597,369,775,83,178
743,25.586207,15,0,person,0.8279778361320496,694,514,766,661,72,147
743,25.586207,3,2,car,0.8274748921394348,1720,394,1918,531,198,137
743,25.586207,18,0,person,0.7958845496177673,525,622,590,807,65,185
743,25.586207,32,0,person,0.7929465770721436,200,660,295,829,95,169
743,25.586207,26,0,person,0.7532524466514587,910,528,962,702,52,174
743,25.586207,34,0,person,0.7417532801628113,573,600,625,774,52,174
743,25.586207,24,0,person,0.7002690434455872,0,578,53,765,53,187
743,25.586207,41,0,person,0.6431191563606262,216,562,263,679,47,117
743,25.586207,22,0,person,0.6255697011947632,740,451,783,599,43,148
743,25.586207,14,0,person,0.576005220413208,162,616,229,781,67,165
744,25.62069,1,2,car,0.9005241990089417,1524,405,1848,553,324,148
744,25.62069,13,0,person,0.841306209564209,278,597,369,776,91,179
744,25.62069,2,2,car,0.8362595438957214,847,493,1125,663,278,170
744,25.62069,3,2,car,0.8290192484855652,1720,394,1918,531,198,137
744,25.62069,15,0,person,0.8206191658973694,692,512,766,661,74,149
744,25.62069,18,0,person,0.7991667985916138,525,623,588,809,63,186
744,25.62069,34,0,person,0.783443033695221,571,601,624,773,53,172
744,25.62069,26,0,person,0.7720528244972229,900,529,960,700,60,171
744,25.62069,32,0,person,0.7561241388320923,199,658,289,829,90,171
744,25.62069,22,0,person,0.7023962736129761,737,451,780,605,43,154
744,25.62069,24,0,person,0.6775286197662354,0,580,45,764,45,184
744,25.62069,14,0,person,0.6374759078025818,156,614,229,773,73,159
744,25.62069,41,0,person,0.6311534643173218,211,561,259,682,48,121
745,25.655172,1,2,car,0.8995199203491211,1524,405,1848,553,324,148
745,25.655172,13,0,person,0.8494015336036682,272,596,368,776,96,180
745,25.655172,2,2,car,0.8260865211486816,847,494,1124,663,277,169
745,25.655172,3,2,car,0.8237484693527222,1721,394,1918,531,197,137
745,25.655172,18,0,person,0.817063570022583,513,623,588,808,75,185
745,25.655172,26,0,person,0.814565896987915,892,531,958,700,66,169
745,25.655172,15,0,person,0.8107181787490845,692,512,765,661,73,149
745,25.655172,34,0,person,0.7851313352584839,567,604,623,774,56,170
745,25.655172,22,0,person,0.7234709858894348,734,450,775,609,41,159
745,25.655172,32,0,person,0.7074160575866699,195,655,282,830,87,175
745,25.655172,41,0,person,0.607127845287323,207,560,255,681,48,121
745,25.655172,14,0,person,0.5336124897003174,151,615,221,770,70,155
746,25.689655,1,2,car,0.8983592987060547,1524,404,1848,553,324,149
746,25.689655,18,0,person,0.8435899615287781,505,624,590,807,85,183
746,25.689655,13,0,person,0.8387803435325623,270,596,368,775,98,179
746,25.689655,26,0,person,0.8276116251945496,887,528,957,697,70,169
746,25.689655,2,2,car,0.8270145058631897,847,493,1125,662,278,169
746,25.689655,3,2,car,0.8125733733177185,1722,393,1918,530,196,137
746,25.689655,15,0,person,0.7965853214263916,691,512,762,661,71,149
746,25.689655,34,0,person,0.7588767409324646,563,604,623,772,60,168
746,25.689655,22,0,person,0.7166013121604919,730,451,772,608,42,157
746,25.689655,24,0,person,0.7122084498405457,0,589,36,764,36,175
746,25.689655,32,0,person,0.6792165040969849,194,657,273,830,79,173
746,25.689655,41,0,person,0.6414011120796204,205,560,256,706,51,146
746,25.689655,14,0,person,0.5390814542770386,143,614,214,772,71,158
747,25.724138,1,2,car,0.896655797958374,1524,404,1848,552,324,148
747,25.724138,18,0,person,0.8682996034622192,494,625,589,808,95,183
747,25.724138,13,0,person,0.8562980890274048,270,595,365,776,95,181
747,25.724138,3,2,car,0.8147627115249634,1721,393,1918,530,197,137
747,25.724138,2,2,car,0.8141763806343079,847,493,1125,661,278,168
747,25.724138,26,0,person,0.7981445789337158,884,528,956,700,72,172
747,25.724138,15,0,person,0.7909638285636902,691,512,759,661,68,149
747,25.724138,34,0,person,0.7723338007926941,560,605,623,770,63,165
747,25.724138,22,0,person,0.754192590713501,729,450,771,611,42,161
747,25.724138,24,0,person,0.7017037868499756,0,595,35,764,35,169
747,25.724138,41,0,person,0.6821779012680054,201,559,252,709,51,150
747,25.724138,14,0,person,0.5711392164230347,139,615,211,773,72,158
747,25.724138,32,0,person,0.5446604490280151,176,656,265,832,89,176
748,25.758621,1,2,car,0.8984265923500061,1524,404,1848,552,324,148
748,25.758621,13,0,person,0.8773134350776672,270,595,366,776,96,181
748,25.758621,18,0,person,0.8605741858482361,489,623,589,808,100,185
748,25.758621,3,2,car,0.8105347156524658,1721,393,1918,530,197,137
748,25.758621,2,2,car,0.8073511719703674,848,493,1125,662,277,169
748,25.758621,15,0,person,0.7951636910438538,690,514,755,663,65,149
748,25.758621,26,0,person,0.7656265497207642,882,528,956,700,74,172
748,25.758621,22,0,person,0.764616072177887,727,451,770,612,43,161
748,25.758621,34,0,person,0.763669490814209,557,605,623,771,66,166
748,25.758621,24,0,person,0.751960277557373,0,594,35,765,35,171
748,25.758621,41,0,person,0.7098573446273804,199,559,249,717,50,158
748,25.758621,14,0,person,0.6387879252433777,135,614,207,777,72,163
748,25.758621,32,0,person,0.6384834051132202,175,656,255,830,80,174
749,25.793103,1,2,car,0.8983180522918701,1524,404,1848,553,324,149
749,25.793103,13,0,person,0.8651596903800964,269,595,363,776,94,181
749,25.793103,18,0,person,0.8637785911560059,486,625,586,808,100,183
749,25.793103,3,2,car,0.8140636086463928,1720,393,1918,530,198,137
749,25.793103,2,2,car,0.8025219440460205,848,493,1125,662,277,169
749,25.793103,15,0,person,0.7814697623252869,687,513,753,662,66,149
749,25.793103,22,0,person,0.7746882438659668,724,451,769,612,45,161
749,25.793103,34,0,person,0.7629814147949219,554,604,622,772,68,168
749,25.793103,26,0,person,0.7622593641281128,881,530,956,700,75,170
749,25.793103,24,0,person,0.7004019618034363,0,596,35,765,35,169
749,25.793103,41,0,person,0.6932775378227234,194,558,248,724,54,166
749,25.793103,32,0,person,0.672248899936676,180,660,245,831,65,171
749,25.793103,14,0,person,0.6626871228218079,131,615,202,779,71,164
750,25.827586,1,2,car,0.8980045318603516,1524,404,1848,553,324,149
750,25.827586,18,0,person,0.8629712462425232,486,623,585,809,99,186
750,25.827586,13,0,person,0.8542355895042419,268,596,359,777,91,181
750,25.827586,3,2,car,0.8188140988349915,1720,394,1918,530,198,136
750,25.827586,2,2,car,0.8015501499176025,848,493,1125,663,277,170
750,25.827586,15,0,person,0.7890740036964417,687,513,748,661,61,148
750,25.827586,22,0,person,0.7689610123634338,723,452,768,610,45,158
750,25.827586,34,0,person,0.768108606338501,548,605,621,774,73,169
750,25.827586,26,0,person,0.767444372177124,879,531,957,700,78,169
750,25.827586,41,0,person,0.7160003185272217,191,559,247,727,56,168
750,25.827586,32,0,person,0.6638123989105225,184,664,238,833,54,169
750,25.827586,24,0,person,0.6470375061035156,0,600,35,765,35,165
750,25.827586,14,0,person,0.6459055542945862,131,612,200,778,69,166
751,25.862069,1,2,car,0.901585042476654,1524,404,1848,553,324,149
751,25.862069,18,0,person,0.8516811728477478,485,626,585,810,100,184
751,25.862069,13,0,person,0.8483166694641113,268,595,353,777,85,182
751,25.862069,2,2,car,0.8207042217254639,848,492,1125,663,277,171
751,25.862069,3,2,car,0.8174821734428406,1721,394,1918,530,197,136
751,25.862069,22,0,person,0.7921759486198425,720,451,768,612,48,161
751,25.862069,34,0,person,0.7890762686729431,544,606,621,772,77,166
751,25.862069,26,0,person,0.7885637879371643,880,530,957,702,77,172
751,25.862069,15,0,person,0.775048017501831,685,513,741,661,56,148
751,25.862069,41,0,person,0.7073827981948853,190,559,247,727,57,168
751,25.862069,32,0,person,0.675571084022522,177,666,240,838,63,172
751,25.862069,14,0,person,0.6754895448684692,131,610,198,779,67,169
751,25.862069,24,0,person,0.6191607713699341,0,604,34,765,34,161
752,25.896552,1,2,car,0.9013590812683105,1524,405,1848,553,324,148
752,25.896552,18,0,person,0.8440582752227783,484,625,583,808,99,183
752,25.896552,13,0,person,0.8404917120933533,268,595,349,777,81,182
752,25.896552,2,2,car,0.8222625851631165,848,493,1125,664,277,171
752,25.896552,3,2,car,0.8215468525886536,1717,394,1918,530,201,136
752,25.896552,22,0,person,0.8139795660972595,715,453,768,612,53,159
752,25.896552,15,0,person,0.7806984782218933,683,512,735,661,52,149
752,25.896552,26,0,person,0.7780420184135437,880,529,956,701,76,172
752,25.896552,34,0,person,0.7543421387672424,542,607,620,772,78,165
752,25.896552,32,0,person,0.7310300469398499,167,665,239,837,72,172
752,25.896552,14,0,person,0.6995587944984436,131,608,192,779,61,171
752,25.896552,41,0,person,0.6904773712158203,186,560,247,726,61,166
752,25.896552,24,0,person,0.6406296491622925,0,605,34,765,34,160
753,25.931034,1,2,car,0.9017150402069092,1524,405,1848,553,324,148
753,25.931034,18,0,person,0.8284808993339539,483,624,579,809,96,185
753,25.931034,2,2,car,0.823752760887146,846,493,1124,666,278,173
753,25.931034,3,2,car,0.8221064209938049,1717,394,1918,530,201,136
753,25.931034,13,0,person,0.8147337436676025,268,594,342,776,74,182
753,25.931034,22,0,person,0.814023494720459,713,453,767,611,54,158
753,25.931034,15,0,person,0.7850032448768616,680,512,731,660,51,148
753,25.931034,32,0,person,0.7655200958251953,153,665,239,837,86,172
753,25.931034,26,0,person,0.7507632374763489,880,529,954,700,74,171
753,25.931034,34,0,person,0.7484217882156372,538,609,619,772,81,163
753,25.931034,41,0,person,0.6802846789360046,181,561,245,726,64,165
753,25.931034,14,0,person,0.6695190668106079,130,607,187,779,57,172
753,25.931034,24,0,person,0.6163138151168823,0,608,34,766,34,158
754,25.965517,1,2,car,0.9034479260444641,1524,405,1848,553,324,148
754,25.965517,2,2,car,0.8257614374160767,847,493,1124,666,277,173
754,25.965517,18,0,person,0.825173020362854,484,622,574,810,90,188
754,25.965517,3,2,car,0.8229618072509766,1717,394,1918,531,201,137
754,25.965517,13,0,person,0.8068444132804871,267,592,333,775,66,183
754,25.965517,32,0,person,0.7836284041404724,148,667,238,837,90,170
754,25.965517,22,0,person,0.7830622792243958,709,453,766,611,57,158
754,25.965517,15,0,person,0.7675879597663879,678,511,726,660,48,149
754,25.965517,26,0,person,0.7482621073722839,879,529,949,702,70,173
754,25.965517,34,0,person,0.7442929744720459,535,607,618,772,83,165
754,25.965517,41,0,person,0.7040330171585083,178,561,242,726,64,165
754,25.965517,14,0,person,0.6898800730705261,131,604,185,779,54,175
754,25.965517,24,0,person,0.5455079674720764,0,612,31,765,31,153
755,26.0,1,2,car,0.9028542041778564,1524,405,1848,553,324,148
755,26.0,2,2,car,0.8282941579818726,846,493,1124,666,278,173
755,26.0,3,2,car,0.8253103494644165,1717,394,1918,531,201,137
755,26.0,18,0,person,0.8227704763412476,484,622,567,810,83,188
755,26.0,13,0,person,0.7975134253501892,264,592,323,775,59,183
755,26.0,32,0,person,0.7844756245613098,143,669,236,838,93,169
755,26.0,26,0,person,0.7649644613265991,879,530,943,701,64,171
755,26.0,22,0,person,0.7605490684509277,707,453,767,611,60,158
755,26.0,15,0,person,0.7539787888526917,677,511,724,660,47,149
755,26.0,34,0,person,0.7201443910598755,531,607,607,775,76,168
755,26.0,41,0,person,0.7089936137199402,174,561,242,723,68,162
755,26.0,14,0,person,0.6544320583343506,132,602,181,779,49,177
755,26.0,24,0,person,0.5443075299263,0,619,30,765,30,146
756,26.034483,1,2,car,0.9031270742416382,1524,405,1848,553,324,148
756,26.034483,32,0,person,0.8341662883758545,143,666,232,839,89,173
756,26.034483,3,2,car,0.82125324010849,1719,394,1918,531,199,137
756,26.034483,2,2,car,0.814378559589386,846,492,1125,666,279,174
756,26.034483,18,0,person,0.8099216222763062,484,622,560,808,76,186
756,26.034483,34,0,person,0.779650866985321,531,607,599,776,68,169
756,26.034483,15,0,person,0.7727598547935486,676,510,724,660,48,150
756,26.034483,13,0,person,0.7654129266738892,265,591,318,775,53,184
756,26.034483,22,0,person,0.755031406879425,703,454,766,611,63,157
756,26.034483,26,0,person,0.7437753677368164,880,529,938,702,58,173
756,26.034483,41,0,person,0.7325994968414307,176,562,240,731,64,169
756,26.034483,14,0,person,0.6706132888793945,131,601,179,778,48,177
756,26.034483,24,0,person,0.4429154694080353,0,622,28,765,28,143
757,26.068966,1,2,car,0.9020676612854004,1524,405,1848,553,324,148
757,26.068966,32,0,person,0.8300395011901855,141,669,230,839,89,170
757,26.068966,3,2,car,0.8202548027038574,1721,394,1918,531,197,137
757,26.068966,13,0,person,0.7865619659423828,259,593,306,776,47,183
757,26.068966,18,0,person,0.7839761972427368,484,623,553,808,69,185
757,26.068966,2,2,car,0.7787883281707764,847,492,1124,665,277,173
757,26.068966,15,0,person,0.7738441824913025,672,510,722,660,50,150
757,26.068966,34,0,person,0.7644824385643005,529,607,591,780,62,173
757,26.068966,22,0,person,0.7550086379051208,702,454,765,610,63,156
757,26.068966,41,0,person,0.7489327192306519,168,564,240,727,72,163
757,26.068966,26,0,person,0.7355409264564514,879,533,930,702,51,169
757,26.068966,14,0,person,0.6003455519676208,131,600,177,777,46,177
758,26.103448,1,2,car,0.9000973105430603,1524,405,1848,553,324,148
758,26.103448,32,0,person,0.8292834162712097,137,673,229,841,92,168
758,26.103448,3,2,car,0.8207091093063354,1723,394,1918,531,195,137
758,26.103448,13,0,person,0.7967055439949036,255,595,303,777,48,182
758,26.103448,18,0,person,0.7936192750930786,483,626,544,810,61,184
758,26.103448,2,2,car,0.7790160179138184,847,492,1124,666,277,174
758,26.103448,15,0,person,0.7722674012184143,664,511,721,661,57,150
758,26.103448,34,0,person,0.7619621753692627,523,606,585,783,62,177
758,26.103448,22,0,person,0.7560288906097412,698,454,764,612,66,158
758,26.103448,41,0,person,0.7553489804267883,166,563,241,727,75,164
758,26.103448,26,0,person,0.7442087531089783,878,532,926,702,48,170
758,26.103448,14,0,person,0.32988274097442627,128,598,174,779,46,181
759,26.137931,1,2,car,0.9007769823074341,1525,405,1849,553,324,148
759,26.137931,3,2,car,0.8179488182067871,1725,394,1918,532,193,138
759,26.137931,13,0,person,0.7972486615180969,251,595,303,778,52,183
759,26.137931,32,0,person,0.7954877614974976,139,675,225,841,86,166
759,26.137931,15,0,person,0.7905425429344177,658,510,721,662,63,152
759,26.137931,2,2,car,0.783489465713501,847,492,1124,667,277,175
759,26.137931,41,0,person,0.7591786980628967,163,564,241,730,78,166
759,26.137931,22,0,person,0.7491734027862549,696,455,762,613,66,158
759,26.137931,34,0,person,0.7457289099693298,521,610,577,783,56,173
759,26.137931,26,0,person,0.7341727614402771,876,532,920,702,44,170
759,26.137931,18,0,person,0.7287641167640686,480,625,534,810,54,185
759,26.137931,14,0,person,0.3647151291370392,126,599,169,776,43,177
760,26.172414,1,2,car,0.8987826108932495,1525,405,1849,554,324,149
760,26.172414,3,2,car,0.817662239074707,1723,395,1918,532,195,137
760,26.172414,13,0,person,0.8166273236274719,240,595,302,778,62,183
760,26.172414,15,0,person,0.8127209544181824,654,511,721,661,67,150
760,26.172414,32,0,person,0.8044049739837646,137,671,219,841,82,170
760,26.172414,2,2,car,0.7806988954544067,846,493,1124,667,278,174
760,26.172414,41,0,person,0.763669490814209,160,565,238,732,78,167
760,26.172414,18,0,person,0.7624011039733887,478,624,528,812,50,188
760,26.172414,22,0,person,0.7574112415313721,693,454,759,613,66,159
760,26.172414,34,0,person,0.744662344455719,518,610,567,784,49,174
760,26.172414,26,0,person,0.7394382357597351,871,533,918,703,47,170
760,26.172414,14,0,person,0.5517973303794861,123,599,166,704,43,105
761,26.206897,1,2,car,0.898342490196228,1525,405,1849,554,324,149
761,26.206897,13,0,person,0.8387755155563354,228,597,302,779,74,182
761,26.206897,3,2,car,0.8173578977584839,1725,394,1918,532,193,138
761,26.206897,15,0,person,0.7983213067054749,653,512,720,661,67,149
761,26.206897,41,0,person,0.7977644205093384,150,563,233,732,83,169
761,26.206897,32,0,person,0.7951498031616211,132,672,208,841,76,169
761,26.206897,18,0,person,0.7872060537338257,472,624,523,815,51,191
761,26.206897,2,2,car,0.7633495926856995,846,493,1125,667,279,174
761,26.206897,34,0,person,0.7576608061790466,514,610,564,788,50,178
761,26.206897,26,0,person,0.7497687935829163,867,533,915,703,48,170
761,26.206897,22,0,person,0.7414364218711853,688,452,756,609,68,157
761,26.206897,14,0,person,0.6757271885871887,121,599,164,705,43,106
762,26.241379,1,2,car,0.9036685824394226,1525,405,1849,554,324,149
762,26.241379,13,0,person,0.8556210398674011,217,597,302,778,85,181
762,26.241379,3,2,car,0.8206781148910522,1723,395,1918,532,195,137
762,26.241379,15,0,person,0.8059590458869934,651,512,719,661,68,149
762,26.241379,18,0,person,0.7707264423370361,467,624,523,816,56,192
762,26.241379,34,0,person,0.7640940546989441,512,611,563,787,51,176
762,26.241379,32,0,person,0.7611396312713623,132,672,201,842,69,170
762,26.241379,2,2,car,0.7589266300201416,846,493,1125,666,279,173
762,26.241379,26,0,person,0.7506236433982849,865,534,913,704,48,170
762,26.241379,41,0,person,0.7471809387207031,149,562,223,728,74,166
762,26.241379,22,0,person,0.6876572370529175,685,451,747,609,62,158
762,26.241379,14,0,person,0.5056319236755371,117,596,166,712,49,116
763,26.275862,1,2,car,0.9038437008857727,1525,405,1849,554,324,149
763,26.275862,13,0,person,0.8666732907295227,209,598,302,776,93,178
763,26.275862,3,2,car,0.8224470615386963,1723,394,1918,532,195,138
763,26.275862,15,0,person,0.8053551912307739,650,512,719,661,69,149
763,26.275862,18,0,person,0.8002949357032776,458,625,522,816,64,191
763,26.275862,2,2,car,0.7669594287872314,846,493,1124,667,278,174
763,26.275862,34,0,person,0.7563735842704773,509,611,562,789,53,178
763,26.275862,26,0,person,0.7472072243690491,855,534,911,703,56,169
763,26.275862,41,0,person,0.7074232697486877,146,562,215,719,69,157
763,26.275862,32,0,person,0.6747868657112122,130,673,187,842,57,169
763,26.275862,22,0,person,0.6364648342132568,684,453,739,610,55,157
763,26.275862,14,0,person,0.6230069398880005,112,599,173,784,61,185
764,26.310345,1,2,car,0.9002419710159302,1525,405,1849,554,324,149
764,26.310345,13,0,person,0.8568028807640076,207,599,301,777,94,178
764,26.310345,18,0,person,0.8247008323669434,444,628,522,819,78,191
764,26.310345,3,2,car,0.8178667426109314,1724,394,1918,532,194,138
764,26.310345,15,0,person,0.7950646877288818,650,510,717,661,67,151
764,26.310345,34,0,person,0.7888233661651611,508,612,562,783,54,171
764,26.310345,26,0,person,0.7761596441268921,847,535,911,704,64,169
764,26.310345,2,2,car,0.7461642622947693,845,493,1125,667,280,174
764,26.310345,41,0,person,0.7000381946563721,143,560,211,726,68,166
764,26.310345,22,0,person,0.6473272442817688,680,453,732,608,52,155
764,26.310345,14,0,person,0.643825888633728,110,601,173,789,63,188
764,26.310345,32,0,person,0.6411160826683044,127,677,173,842,46,165
765,26.344828,1,2,car,0.8991421461105347,1525,405,1849,554,324,149
765,26.344828,13,0,person,0.859366238117218,205,599,301,778,96,179
765,26.344828,18,0,person,0.8307181596755981,432,628,521,819,89,191
765,26.344828,3,2,car,0.8190750479698181,1725,394,1918,532,193,138
765,26.344828,15,0,person,0.7898355722427368,650,507,714,661,64,154
765,26.344828,34,0,person,0.7872272729873657,504,614,562,783,58,169
765,26.344828,26,0,person,0.7848791480064392,834,536,911,705,77,169
765,26.344828,2,2,car,0.7469444870948792,844,493,1125,667,281,174
765,26.344828,41,0,person,0.7122302651405334,138,560,197,725,59,165
765,26.344828,22,0,person,0.7050607800483704,679,453,723,612,44,159
765,26.344828,32,0,person,0.5893418192863464,121,670,173,843,52,173
765,26.344828,14,0,person,0.5840280652046204,99,601,169,788,70,187
766,26.37931,1,2,car,0.9003615975379944,1525,405,1849,554,324,149
766,26.37931,13,0,person,0.8692400455474854,202,603,300,779,98,176
766,26.37931,18,0,person,0.8475221395492554,423,627,522,818,99,191
766,26.37931,3,2,car,0.8219851851463318,1725,394,1918,532,193,138
766,26.37931,26,0,person,0.8130000233650208,830,536,911,704,81,168
766,26.37931,34,0,person,0.7901372909545898,497,617,562,782,65,165
766,26.37931,15,0,person,0.7648734450340271,650,509,706,662,56,153
766,26.37931,2,2,car,0.7532394528388977,845,493,1125,667,280,174
766,26.37931,22,0,person,0.7458013892173767,676,453,717,613,41,160
766,26.37931,41,0,person,0.7202509045600891,132,560,185,727,53,167
766,26.37931,32,0,person,0.6637404561042786,116,671,173,842,57,171
766,26.37931,14,0,person,0.4615369737148285,89,602,166,786,77,184
767,26.413793,1,2,car,0.8990405201911926,1525,405,1849,554,324,149
767,26.413793,13,0,person,0.86252361536026,201,603,299,780,98,177
767,26.413793,18,0,person,0.8614360094070435,420,631,521,819,101,188
767,26.413793,26,0,person,0.8275099992752075,829,538,911,705,82,167
767,26.413793,3,2,car,0.8246506452560425,1725,395,1918,532,193,137
767,26.413793,34,0,person,0.8145852088928223,493,617,561,783,68,166
767,26.413793,2,2,car,0.7589823007583618,847,494,1124,667,277,173
767,26.413793,22,0,person,0.7501595616340637,673,453,714,615,41,162
767,26.413793,15,0,person,0.7373257279396057,648,507,703,663,55,156
767,26.413793,32,0,person,0.7315487861633301,101,670,172,842,71,172
767,26.413793,41,0,person,0.700634777545929,129,561,183,727,54,166
767,26.413793,14,0,person,0.4646957516670227,103,602,166,721,63,119
768,26.448276,1,2,car,0.8983683586120605,1525,405,1849,554,324,149
768,26.448276,13,0,person,0.8707172870635986,202,606,296,780,94,174
768,26.448276,18,0,person,0.8512826561927795,419,631,520,820,101,189
768,26.448276,3,2,car,0.8269753456115723,1724,395,1918,532,194,137
768,26.448276,26,0,person,0.820220410823822,828,538,911,705,83,167
768,26.448276,32,0,person,0.8074570894241333,92,672,172,842,80,170
768,26.448276,34,0,person,0.8044537305831909,491,618,561,783,70,165
768,26.448276,2,2,car,0.7537257671356201,846,494,1125,667,279,173
768,26.448276,22,0,person,0.737205982208252,671,454,712,617,41,163
768,26.448276,15,0,person,0.7326415777206421,648,511,700,660,52,149
768,26.448276,41,0,person,0.7062374353408813,128,561,181,726,53,165
768,26.448276,14,0,person,0.3514951765537262,99,603,156,717,57,114
769,26.482759,1,2,car,0.8976788520812988,1525,405,1849,554,324,149
769,26.482759,18,0,person,0.8601038455963135,416,632,517,821,101,189
769,26.482759,13,0,person,0.8564765453338623,202,604,292,779,90,175
769,26.482759,32,0,person,0.8400090932846069,78,674,172,843,94,169
769,26.482759,3,2,car,0.8281652331352234,1723,395,1918,532,195,137
769,26.482759,26,0,person,0.8227409720420837,824,537,911,705,87,168
769,26.482759,34,0,person,0.8160753846168518,488,616,557,783,69,167
769,26.482759,41,0,person,0.7869328260421753,124,560,180,726,56,166
769,26.482759,2,2,car,0.7653598785400391,846,493,1125,667,279,174
769,26.482759,22,0,person,0.7335711717605591,668,454,710,614,42,160
769,26.482759,15,0,person,0.7114725112915039,642,512,695,658,53,146
769,26.482759,14,0,person,0.5012545585632324,97,604,151,720,54,116
770,26.517241,1,2,car,0.9062285423278809,1525,405,1849,554,324,149
770,26.517241,18,0,person,0.8451586961746216,414,633,513,821,99,188
770,26.517241,3,2,car,0.8311439752578735,1722,394,1918,531,196,137
770,26.517241,13,0,person,0.8304551243782043,201,602,287,778,86,176
770,26.517241,26,0,person,0.8175758719444275,823,536,911,705,88,169
770,26.517241,34,0,person,0.8083665370941162,483,616,557,784,74,168
770,26.517241,32,0,person,0.8082486391067505,74,674,173,843,99,169
770,26.517241,41,0,person,0.7889502048492432,121,559,180,729,59,170
770,26.517241,2,2,car,0.785062313079834,848,493,1125,667,277,174
770,26.517241,15,0,person,0.7646855115890503,642,509,690,657,48,148
770,26.517241,22,0,person,0.7491044402122498,664,455,709,612,45,157
770,26.517241,14,0,person,0.4042275547981262,94,604,141,720,47,116
771,26.551724,1,2,car,0.9071566462516785,1525,405,1849,554,324,149
771,26.551724,13,0,person,0.8552730679512024,200,601,280,779,80,178
771,26.551724,3,2,car,0.8338258862495422,1722,394,1918,531,196,137
771,26.551724,18,0,person,0.8288586139678955,414,633,511,821,97,188
771,26.551724,26,0,person,0.8255926966667175,824,538,910,705,86,167
771,26.551724,32,0,person,0.8060994744300842,74,675,170,844,96,169
771,26.551724,34,0,person,0.8025328516960144,484,616,554,785,70,169
771,26.551724,2,2,car,0.79258793592453,847,493,1125,667,278,174
771,26.551724,15,0,person,0.7906101942062378,640,509,687,656,47,147
771,26.551724,41,0,person,0.7739719748497009,118,559,180,725,62,166
771,26.551724,22,0,person,0.7629455327987671,663,454,709,610,46,156
771,26.551724,14,0,person,0.314849853515625,92,606,135,697,43,91
772,26.586207,1,2,car,0.9050621390342712,1525,405,1849,554,324,149
772,26.586207,18,0,person,0.8375858068466187,413,635,503,821,90,186
772,26.586207,3,2,car,0.831665575504303,1722,394,1918,531,196,137
772,26.586207,26,0,person,0.8166532516479492,825,536,909,705,84,169
772,26.586207,13,0,person,0.8111541867256165,199,600,273,779,74,179
772,26.586207,34,0,person,0.8094193339347839,484,615,550,788,66,173
772,26.586207,2,2,car,0.800469696521759,851,493,1125,667,274,174
772,26.586207,32,0,person,0.7957757711410522,71,675,168,843,97,168
772,26.586207,41,0,person,0.7806670665740967,113,560,180,726,67,166
772,26.586207,15,0,person,0.7727822661399841,638,507,684,657,46,150
772,26.586207,22,0,person,0.732197642326355,661,453,709,610,48,157
772,26.586207,14,0,person,0.3901759386062622,88,605,132,700,44,95
773,26.62069,1,2,car,0.9040328860282898,1524,405,1848,554,324,149
773,26.62069,32,0,person,0.8346225619316101,68,674,168,844,100,170
773,26.62069,3,2,car,0.8298059701919556,1722,394,1918,531,196,137
773,26.62069,26,0,person,0.8204007148742676,823,534,910,706,87,172
773,26.62069,18,0,person,0.8184862732887268,410,637,497,822,87,185
773,26.62069,2,2,car,0.8012120127677917,852,493,1125,667,273,174
773,26.62069,34,0,person,0.7910326719284058,482,616,544,788,62,172
773,26.62069,41,0,person,0.7747091054916382,110,562,179,731,69,169
773,26.62069,15,0,person,0.7588521242141724,635,508,680,658,45,150
773,26.62069,13,0,person,0.7349288463592529,195,602,262,779,67,177
773,26.62069,22,0,person,0.7122172713279724,657,454,708,610,51,156
773,26.62069,14,0,person,0.47569817304611206,84,605,124,696,40,91
774,26.655172,1,2,car,0.9024847149848938,1524,405,1848,554,324,149
774,26.655172,26,0,person,0.8389742374420166,823,539,906,706,83,167
774,26.655172,3,2,car,0.8285684585571289,1721,394,1918,531,197,137
774,26.655172,18,0,person,0.8104798793792725,409,638,489,822,80,184
774,26.655172,32,0,person,0.8030045628547668,68,672,163,843,95,171
774,26.655172,2,2,car,0.7941404581069946,846,493,1125,666,279,173
774,26.655172,13,0,person,0.7684757113456726,194,602,255,781,61,179
774,26.655172,41,0,person,0.7477766275405884,105,561,179,727,74,166
774,26.655172,15,0,person,0.7423757314682007,633,507,678,659,45,152
774,26.655172,34,0,person,0.7131019830703735,480,617,534,791,54,174
774,26.655172,22,0,person,0.697194516658783,656,455,706,609,50,154
774,26.655172,14,0,person,0.44635826349258423,77,604,123,698,46,94
775,26.689655,1,2,car,0.9021721482276917,1524,404,1848,554,324,150
775,26.689655,26,0,person,0.8298790454864502,823,540,902,705,79,165
775,26.689655,3,2,car,0.8280576467514038,1722,394,1918,531,196,137
775,26.689655,32,0,person,0.8136430978775024,62,674,157,844,95,170
775,26.689655,13,0,person,0.7939919829368591,188,602,242,780,54,178
775,26.689655,2,2,car,0.7866875529289246,845,493,1125,666,280,173
775,26.689655,41,0,person,0.7655500173568726,93,559,178,727,85,168
775,26.689655,15,0,person,0.756805956363678,628,506,677,658,49,152
775,26.689655,18,0,person,0.7311802506446838,410,633,473,823,63,190
775,26.689655,34,0,person,0.7221911549568176,479,615,526,792,47,177
775,26.689655,22,0,person,0.7111758589744568,651,457,709,610,58,153
775,26.689655,14,0,person,0.503771960735321,71,605,118,702,47,97
776,26.724138,1,2,car,0.9036064743995667,1524,404,1848,554,324,150
776,26.724138,3,2,car,0.8334693312644958,1722,394,1918,531,196,137
776,26.724138,26,0,person,0.8215196132659912,824,537,900,706,76,169
776,26.724138,2,2,car,0.8031613826751709,854,493,1125,666,271,173
776,26.724138,13,0,person,0.8031392693519592,183,601,238,780,55,179
776,26.724138,32,0,person,0.7917717099189758,61,676,151,844,90,168
776,26.724138,41,0,person,0.7770316004753113,91,558,178,728,87,170
776,26.724138,15,0,person,0.7755094766616821,620,506,677,658,57,152
776,26.724138,18,0,person,0.7570163607597351,407,633,467,822,60,189
776,26.724138,34,0,person,0.7358930110931396,475,615,523,793,48,178
776,26.724138,22,0,person,0.7009665966033936,649,459,706,610,57,151
776,26.724138,14,0,person,0.3202545642852783,69,606,114,702,45,96
777,26.758621,1,2,car,0.8989403247833252,1524,404,1848,553,324,149
777,26.758621,3,2,car,0.8255873918533325,1722,393,1918,530,196,137
777,26.758621,26,0,person,0.8243833780288696,825,538,893,704,68,166
777,26.758621,13,0,person,0.8226689696311951,178,602,237,780,59,178
777,26.758621,2,2,car,0.7968148589134216,853,493,1124,666,271,173
777,26.758621,15,0,person,0.7957780957221985,615,506,676,657,61,151
777,26.758621,41,0,person,0.788631796836853,89,556,176,728,87,172
777,26.758621,32,0,person,0.7734372019767761,60,673,140,844,80,171
777,26.758621,34,0,person,0.7666930556297302,472,616,516,793,44,177
777,26.758621,18,0,person,0.7478277087211609,401,633,457,821,56,188
777,26.758621,22,0,person,0.6747788190841675,647,459,705,610,58,151
778,26.793103,1,2,car,0.8945841789245605,1525,403,1848,552,323,149
778,26.793103,13,0,person,0.8292531371116638,173,604,236,779,63,175
778,26.793103,18,0,person,0.8270992040634155,396,630,454,821,58,191
778,26.793103,26,0,person,0.8154804706573486,824,536,887,703,63,167
778,26.793103,3,2,car,0.8149468898773193,1723,392,1918,530,195,138
778,26.793103,2,2,car,0.8030892014503479,853,493,1123,665,270,172
778,26.793103,15,0,person,0.8013381361961365,611,507,675,656,64,149
778,26.793103,41,0,person,0.7917512655258179,84,553,170,727,86,174
778,26.793103,34,0,person,0.7724846005439758,468,616,514,794,46,178
778,26.793103,32,0,person,0.709031343460083,57,644,132,843,75,199
778,26.793103,22,0,person,0.6825882196426392,644,457,705,612,61,155
779,26.827586,1,2,car,0.8899719715118408,1524,403,1848,552,324,149
779,26.827586,18,0,person,0.8232954740524292,392,631,453,820,61,189
779,26.827586,13,0,person,0.8214635252952576,161,603,234,779,73,176
779,26.827586,3,2,car,0.8139310479164124,1723,391,1918,530,195,139
779,26.827586,2,2,car,0.8054612874984741,853,493,1124,665,271,172
779,26.827586,26,0,person,0.8035359978675842,824,535,882,703,58,168
779,26.827586,15,0,person,0.8006600141525269,607,507,675,655,68,148
779,26.827586,34,0,person,0.787765383720398,462,616,514,793,52,177
779,26.827586,41,0,person,0.7596813440322876,80,552,167,725,87,173
779,26.827586,32,0,person,0.7002207636833191,55,668,120,842,65,174
779,26.827586,22,0,person,0.6566259860992432,640,455,703,614,63,159
779,26.827586,14,0,person,0.41784414649009705,46,604,112,704,66,100
780,26.862069,1,2,car,0.8862028121948242,1524,403,1848,552,324,149
780,26.862069,18,0,person,0.8312708139419556,386,632,451,820,65,188
780,26.862069,13,0,person,0.8169496655464172,160,605,234,779,74,174
780,26.862069,3,2,car,0.8131177425384521,1722,391,1918,529,196,138
780,26.862069,34,0,person,0.8100752830505371,459,617,513,793,54,176
780,26.862069,2,2,car,0.7986506819725037,852,493,1124,665,272,172
780,26.862069,15,0,person,0.7956048846244812,605,506,674,656,69,150
780,26.862069,26,0,person,0.7797369956970215,824,533,876,704,52,171
780,26.862069,32,0,person,0.6850997805595398,51,670,110,844,59,174
780,26.862069,41,0,person,0.6674702167510986,78,550,162,721,84,171
780,26.862069,22,0,person,0.615169107913971,635,454,700,611,65,157
781,26.896552,1,2,car,0.8866756558418274,1524,402,1848,552,324,150
781,26.896552,18,0,person,0.8427749872207642,374,633,452,820,78,187
781,26.896552,13,0,person,0.831602156162262,155,607,234,778,79,171
781,26.896552,34,0,person,0.8268578052520752,448,617,513,793,65,176
781,26.896552,3,2,car,0.8073036074638367,1721,391,1918,529,197,138
781,26.896552,2,2,car,0.8048191070556641,850,493,1123,665,273,172
781,26.896552,15,0,person,0.7909169793128967,606,508,674,655,68,147
781,26.896552,26,0,person,0.7719054818153381,822,534,870,705,48,171
781,26.896552,32,0,person,0.6722844243049622,51,668,102,847,51,179
781,26.896552,41,0,person,0.6573454141616821,75,549,155,716,80,167
781,26.896552,22,0,person,0.6523170471191406,633,454,692,608,59,154
782,26.931034,1,2,car,0.8837013244628906,1524,402,1848,551,324,149
782,26.931034,18,0,person,0.8657913208007812,361,634,452,820,91,186
782,26.931034,13,0,person,0.8375893235206604,148,605,234,778,86,173
782,26.931034,34,0,person,0.8357606530189514,446,620,513,794,67,174
782,26.931034,3,2,car,0.8121752142906189,1721,391,1918,529,197,138
782,26.931034,2,2,car,0.8043086528778076,849,493,1124,665,275,172
782,26.931034,26,0,person,0.7946993112564087,817,535,865,708,48,173
782,26.931034,15,0,person,0.7889538407325745,604,508,674,655,70,147
782,26.931034,32,0,person,0.6975630521774292,43,671,102,857,59,186
782,26.931034,22,0,person,0.6096590161323547,629,453,686,611,57,158
782,26.931034,41,0,person,0.6001291871070862,67,547,152,709,85,162
782,26.931034,49,0,person,0.5028402209281921,32,618,140,788,108,170
783,26.965517,1,2,car,0.8864838480949402,1524,402,1848,551,324,149
783,26.965517,18,0,person,0.8657708764076233,353,636,452,821,99,185
783,26.965517,13,0,person,0.8378435969352722,139,606,233,778,94,172
783,26.965517,34,0,person,0.8358795642852783,442,620,513,794,71,174
783,26.965517,3,2,car,0.8088372349739075,1720,391,1918,529,198,138
783,26.965517,26,0,person,0.7985718250274658,814,535,864,709,50,174
783,26.965517,2,2,car,0.794617772102356,849,493,1124,666,275,173
783,26.965517,15,0,person,0.7821905612945557,603,510,673,656,70,146
783,26.965517,32,0,person,0.7489701509475708,31,672,101,853,70,181
783,26.965517,41,0,person,0.6122278571128845,67,546,146,699,79,153
783,26.965517,22,0,person,0.6049709916114807,617,453,679,611,62,158
783,26.965517,49,0,person,0.4103751480579376,28,632,128,791,100,159
784,27.0,1,2,car,0.8887782096862793,1524,402,1847,551,323,149
784,27.0,18,0,person,0.8781245350837708,347,638,451,822,104,184
784,27.0,13,0,person,0.839959442615509,135,607,231,777,96,170
784,27.0,34,0,person,0.827162504196167,437,621,512,794,75,173
784,27.0,3,2,car,0.8087952136993408,1723,390,1918,529,195,139
784,27.0,26,0,person,0.7914902567863464,806,536,861,710,55,174
784,27.0,15,0,person,0.7829849720001221,603,505,672,656,69,151
784,27.0,2,2,car,0.7800856828689575,848,492,1124,666,276,174
784,27.0,32,0,person,0.7518394589424133,18,672,99,849,81,177
784,27.0,49,0,person,0.5619558095932007,24,613,110,788,86,175
784,27.0,22,0,person,0.5575175285339355,622,454,668,602,46,148
784,27.0,41,0,person,0.4394731819629669,63,544,146,712,83,168
785,27.034483,18,0,person,0.8841174244880676,344,639,451,822,107,183
785,27.034483,1,2,car,0.8831167817115784,1523,402,1847,551,324,149
785,27.034483,34,0,person,0.8538172245025635,432,621,511,795,79,174
785,27.034483,13,0,person,0.834096372127533,135,607,230,776,95,169
785,27.034483,26,0,person,0.8021071553230286,799,535,856,710,57,175
785,27.034483,3,2,car,0.7962940335273743,1717,389,1918,529,201,140
785,27.034483,15,0,person,0.7834212183952332,603,505,669,654,66,149
785,27.034483,32,0,person,0.7609606385231018,11,670,97,844,86,174
785,27.034483,2,2,car,0.7565116286277771,847,491,1123,665,276,174
785,27.034483,22,0,person,0.5613829493522644,616,453,665,600,49,147
785,27.034483,49,0,person,0.5555402636528015,20,614,106,789,86,175
785,27.034483,41,0,person,0.5412214398384094,60,544,131,702,71,158
786,27.068966,1,2,car,0.8874391317367554,1522,402,1847,550,325,148
786,27.068966,18,0,person,0.8611747622489929,345,637,448,824,103,187
786,27.068966,13,0,person,0.8574170470237732,134,607,228,776,94,169
786,27.068966,34,0,person,0.8518950343132019,430,622,511,794,81,172
786,27.068966,26,0,person,0.8208839297294617,786,534,855,707,69,173
786,27.068966,2,2,car,0.8008733987808228,846,490,1123,664,277,174
786,27.068966,32,0,person,0.79470294713974,1,673,97,844,96,171
786,27.068966,3,2,car,0.7924152612686157,1728,391,1919,528,191,137
786,27.068966,15,0,person,0.7582837343215942,603,504,665,653,62,149
786,27.068966,41,0,person,0.635357677936554,53,542,122,697,69,155
786,27.068966,49,0,person,0.5624786019325256,18,631,113,787,95,156
786,27.068966,22,0,person,0.4909549355506897,611,450,664,567,53,117
787,27.103448,1,2,car,0.8890995383262634,1522,401,1846,551,324,150
787,27.103448,13,0,person,0.8658941984176636,130,606,227,778,97,172
787,27.103448,18,0,person,0.8585571050643921,343,637,446,823,103,186
787,27.103448,26,0,person,0.8387419581413269,782,535,854,707,72,172
787,27.103448,34,0,person,0.8293609023094177,427,623,509,794,82,171
787,27.103448,32,0,person,0.8096316456794739,1,677,96,845,95,168
787,27.103448,2,2,car,0.8054717183113098,845,490,1123,664,278,174
787,27.103448,3,2,car,0.7938653230667114,1715,390,1918,528,203,138
787,27.103448,15,0,person,0.7513005137443542,601,507,660,652,59,145
787,27.103448,41,0,person,0.7206636071205139,54,542,117,701,63,159
787,27.103448,22,0,person,0.4971928596496582,609,449,657,549,48,100
787,27.103448,49,0,person,0.4804859459400177,19,628,112,789,93,161
788,27.137931,1,2,car,0.8902128338813782,1522,401,1846,550,324,149
788,27.137931,13,0,person,0.8832343220710754,130,605,222,777,92,172
788,27.137931,18,0,person,0.8522114753723145,343,638,443,823,100,185
788,27.137931,26,0,person,0.8454481363296509,778,535,854,707,76,172
788,27.137931,34,0,person,0.8352606892585754,425,622,509,794,84,172
788,27.137931,2,2,car,0.8208980560302734,845,490,1123,664,278,174
788,27.137931,32,0,person,0.7967451810836792,0,679,97,844,97,165
788,27.137931,3,2,car,0.7897753715515137,1726,391,1919,528,193,137
788,27.137931,41,0,person,0.736784040927887,52,539,108,702,56,163
788,27.137931,15,0,person,0.7290769815444946,599,504,657,652,58,148
788,27.137931,49,0,person,0.4739978313446045,32,628,109,788,77,160
788,27.137931,22,0,person,0.459592342376709,608,449,655,551,47,102
789,27.172414,1,2,car,0.8914920687675476,1522,401,1846,550,324,149
789,27.172414,13,0,person,0.8735188841819763,127,604,218,778,91,174
789,27.172414,34,0,person,0.8563448190689087,424,621,507,794,83,173
789,27.172414,18,0,person,0.8512462377548218,343,640,439,824,96,184
789,27.172414,26,0,person,0.8444875478744507,775,536,854,708,79,172
789,27.172414,2,2,car,0.819141149520874,845,490,1123,664,278,174
789,27.172414,3,2,car,0.7902572751045227,1727,391,1919,528,192,137
789,27.172414,32,0,person,0.784935474395752,0,675,96,846,96,171
789,27.172414,15,0,person,0.7600073218345642,592,505,652,652,60,147
789,27.172414,41,0,person,0.6700637936592102,48,539,106,708,58,169
789,27.172414,49,0,person,0.5535333752632141,32,613,107,792,75,179
789,27.172414,22,0,person,0.5408197641372681,606,453,652,611,46,158
790,27.206897,1,2,car,0.8922062516212463,1522,401,1846,550,324,149
790,27.206897,13,0,person,0.864452064037323,122,600,214,776,92,176
790,27.206897,26,0,person,0.8599163889884949,777,538,853,708,76,170
790,27.206897,34,0,person,0.8591870069503784,420,622,503,795,83,173
790,27.206897,18,0,person,0.8438912630081177,343,639,430,825,87,186
790,27.206897,2,2,car,0.8136488199234009,845,490,1123,664,278,174
790,27.206897,3,2,car,0.7894011735916138,1727,391,1919,528,192,137
790,27.206897,32,0,person,0.7685260772705078,0,675,93,844,93,169
790,27.206897,15,0,person,0.7647156119346619,592,503,647,652,55,149
790,27.206897,41,0,person,0.7371608018875122,46,538,103,706,57,168
790,27.206897,49,0,person,0.6020997762680054,28,605,104,793,76,188
790,27.206897,22,0,person,0.5453993082046509,604,454,655,611,51,157
791,27.241379,1,2,car,0.8935108780860901,1522,401,1846,550,324,149
791,27.241379,26,0,person,0.8606302738189697,773,538,854,708,81,170
791,27.241379,18,0,person,0.8589932918548584,344,638,425,824,81,186
791,27.241379,13,0,person,0.8575830459594727,120,598,208,775,88,177
791,27.241379,34,0,person,0.8573114275932312,419,623,500,797,81,174
791,27.241379,2,2,car,0.8136976957321167,845,490,1123,664,278,174
791,27.241379,3,2,car,0.7900871634483337,1726,391,1919,528,193,137
791,27.241379,32,0,person,0.7784030437469482,0,677,86,845,86,168
791,27.241379,41,0,person,0.7658725380897522,43,539,102,704,59,165
791,27.241379,15,0,person,0.6714325547218323,592,498,642,651,50,153
791,27.241379,49,0,person,0.535034716129303,18,606,100,791,82,185
791,27.241379,22,0,person,0.443110853433609,604,454,655,611,51,157
792,27.275862,1,2,car,0.8906305432319641,1522,401,1846,550,324,149
792,27.275862,26,0,person,0.8665217161178589,773,540,853,708,80,168
792,27.275862,13,0,person,0.8545485138893127,117,596,206,769,89,173
792,27.275862,34,0,person,0.8460202217102051,417,623,494,796,77,173
792,27.275862,18,0,person,0.8117946982383728,343,635,417,824,74,189
792,27.275862,2,2,car,0.799205482006073,845,490,1123,664,278,174
792,27.275862,3,2,car,0.7877742052078247,1726,391,1919,528,193,137
792,27.275862,32,0,person,0.7562878131866455,1,677,79,844,78,167
792,27.275862,41,0,person,0.7239057421684265,38,537,100,704,62,167
792,27.275862,15,0,person,0.6666235327720642,589,504,636,650,47,146
792,27.275862,22,0,person,0.6102570295333862,600,454,650,610,50,156
792,27.275862,49,0,person,0.48112550377845764,10,603,100,792,90,189
793,27.310345,1,2,car,0.8882561922073364,1522,400,1846,550,324,150
793,27.310345,26,0,person,0.8484016060829163,770,539,851,710,81,171
793,27.310345,13,0,person,0.8389703631401062,114,594,198,766,84,172
793,27.310345,34,0,person,0.8353776335716248,415,619,490,797,75,178
793,27.310345,2,2,car,0.8065882325172424,846,489,1122,663,276,174
793,27.310345,18,0,person,0.7930105328559875,342,634,407,823,65,189
793,27.310345,3,2,car,0.7794772386550903,1713,389,1918,527,205,138
793,27.310345,32,0,person,0.719363808631897,0,672,70,845,70,173
793,27.310345,41,0,person,0.6938087940216064,35,538,100,712,65,174
793,27.310345,22,0,person,0.6502436995506287,596,454,651,611,55,157
793,27.310345,15,0,person,0.49997448921203613,587,505,628,650,41,145
793,27.310345,49,0,person,0.3921772241592407,5,600,97,790,92,190
794,27.344828,1,2,car,0.8863433003425598,1521,400,1846,550,325,150
794,27.344828,26,0,person,0.8374447822570801,769,536,849,710,80,174
794,27.344828,13,0,person,0.8276484608650208,111,592,192,764,81,172
794,27.344828,2,2,car,0.8140450716018677,845,489,1122,662,277,173
794,27.344828,34,0,person,0.804377555847168,408,621,488,798,80,177
794,27.344828,3,2,car,0.7942335605621338,1712,387,1919,527,207,140
794,27.344828,18,0,person,0.7800609469413757,337,636,398,823,61,187
794,27.344828,32,0,person,0.7394303679466248,0,671,66,843,66,172
794,27.344828,41,0,person,0.6815953254699707,31,538,99,714,68,176
794,27.344828,22,0,person,0.6655757427215576,593,454,651,613,58,159
794,27.344828,15,0,person,0.4619746506214142,581,544,629,653,48,109
795,27.37931,1,2,car,0.8846948742866516,1522,399,1846,550,324,151
795,27.37931,26,0,person,0.8356068730354309,770,535,845,710,75,175
795,27.37931,13,0,person,0.8087241053581238,109,591,185,761,76,170
795,27.37931,2,2,car,0.8043385148048401,845,488,1122,662,277,174
795,27.37931,3,2,car,0.8023324012756348,1712,387,1919,527,207,140
795,27.37931,18,0,person,0.7749531865119934,328,635,388,824,60,189
795,27.37931,34,0,person,0.7469838261604309,402,622,475,798,73,176
795,27.37931,22,0,person,0.694934070110321,589,454,650,613,61,159
795,27.37931,41,0,person,0.6535505056381226,31,539,100,707,69,168
795,27.37931,32,0,person,0.6340588331222534,0,671,51,842,51,171
795,27.37931,15,0,person,0.5304462313652039,583,535,627,651,44,116
796,27.413793,1,2,car,0.887849748134613,1522,400,1846,550,324,150
796,27.413793,26,0,person,0.8183082342147827,770,538,839,710,69,172
796,27.413793,13,0,person,0.8075600862503052,107,588,178,760,71,172
796,27.413793,2,2,car,0.8010779619216919,845,489,1123,663,278,174
796,27.413793,3,2,car,0.7861897349357605,1712,389,1918,528,206,139
796,27.413793,18,0,person,0.7813302874565125,319,636,383,827,64,191
796,27.413793,34,0,person,0.7737762331962585,395,622,464,797,69,175
796,27.413793,41,0,person,0.7028570175170898,26,539,100,703,74,164
796,27.413793,32,0,person,0.6947029829025269,0,671,39,845,39,174
796,27.413793,22,0,person,0.6611219048500061,585,454,650,614,65,160
796,27.413793,15,0,person,0.643153727054596,577,529,628,651,51,122
796,27.413793,49,0,person,0.4521116614341736,2,601,71,786,69,185
797,27.448276,1,2,car,0.890967607498169,1521,401,1846,550,325,149
797,27.448276,2,2,car,0.8215826749801636,845,490,1123,663,278,173
797,27.448276,18,0,person,0.8180158734321594,312,637,380,829,68,192
797,27.448276,26,0,person,0.816620945930481,771,538,833,709,62,171
797,27.448276,13,0,person,0.7944712042808533,103,588,172,763,69,175
797,27.448276,41,0,person,0.7938869595527649,25,542,102,704,77,162
797,27.448276,34,0,person,0.7923117876052856,391,621,456,800,65,179
797,27.448276,3,2,car,0.7834534049034119,1726,391,1919,528,193,137
797,27.448276,15,0,person,0.6988525390625,571,511,627,652,56,141
797,27.448276,22,0,person,0.6646014451980591,582,455,651,614,69,159
798,27.482759,1,2,car,0.8914483189582825,1522,401,1846,550,324,149
798,27.482759,18,0,person,0.8292412757873535,305,640,382,834,77,194
798,27.482759,2,2,car,0.8289454579353333,846,490,1123,664,277,174
798,27.482759,26,0,person,0.801702618598938,772,539,828,710,56,171
798,27.482759,34,0,person,0.8004992604255676,389,623,447,803,58,180
798,27.482759,3,2,car,0.7910705208778381,1722,390,1918,528,196,138
798,27.482759,13,0,person,0.7907633185386658,100,588,167,764,67,176
798,27.482759,41,0,person,0.7869961857795715,23,542,100,705,77,163
798,27.482759,15,0,person,0.6782732605934143,570,520,626,652,56,132
798,27.482759,22,0,person,0.6376996636390686,579,455,649,615,70,160
798,27.482759,52,0,person,0.5860495567321777,0,600,51,718,51,118
799,27.517241,1,2,car,0.8942263722419739,1521,401,1846,550,325,149
799,27.517241,18,0,person,0.8377624750137329,302,639,379,835,77,196
799,27.517241,2,2,car,0.8201884627342224,846,490,1123,664,277,174
799,27.517241,34,0,person,0.8138232827186584,383,624,448,806,65,182
799,27.517241,13,0,person,0.80524080991745,98,586,167,764,69,178
799,27.517241,3,2,car,0.7884588241577148,1722,390,1918,528,196,138
799,27.517241,26,0,person,0.7800025939941406,770,538,814,710,44,172
799,27.517241,41,0,person,0.7617442011833191,19,543,98,705,79,162
799,27.517241,15,0,person,0.757407009601593,561,507,627,652,66,145
799,27.517241,22,0,person,0.6672686338424683,577,454,648,614,71,160
799,27.517241,32,0,person,0.6625803112983704,0,671,33,848,33,177
799,27.517241,52,0,person,0.4921058714389801,0,602,49,782,49,180
800,27.551724,1,2,car,0.8929097652435303,1522,401,1846,550,324,149
800,27.551724,18,0,person,0.8564263582229614,294,642,379,835,85,193
800,27.551724,34,0,person,0.8269057273864746,380,624,448,807,68,183
800,27.551724,2,2,car,0.813868522644043,846,490,1123,664,277,174
800,27.551724,13,0,person,0.8040598034858704,96,584,167,765,71,181
800,27.551724,26,0,person,0.8013092279434204,765,538,812,710,47,172
800,27.551724,3,2,car,0.7928200960159302,1722,390,1918,528,196,138
800,27.551724,15,0,person,0.7188812494277954,560,502,627,652,67,150
800,27.551724,41,0,person,0.715881884098053,16,543,98,705,82,162
800,27.551724,22,0,person,0.6404984593391418,575,454,640,617,65,163
800,27.551724,32,0,person,0.634323239326477,0,672,33,848,33,176
800,27.551724,52,0,person,0.4800129234790802,0,604,47,783,47,179
801,27.586207,1,2,car,0.8919246196746826,1522,401,1846,550,324,149
801,27.586207,18,0,person,0.8296095728874207,287,642,381,833,94,191
801,27.586207,2,2,car,0.8267737627029419,846,490,1123,664,277,174
801,27.586207,34,0,person,0.817213237285614,379,625,448,807,69,182
801,27.586207,26,0,person,0.8136356472969055,761,538,807,710,46,172
801,27.586207,13,0,person,0.8022537231445312,94,585,167,765,73,180
801,27.586207,3,2,car,0.7917541265487671,1722,390,1918,528,196,138
801,27.586207,41,0,person,0.7129603028297424,12,541,95,706,83,165
801,27.586207,22,0,person,0.683931291103363,570,454,633,616,63,162
801,27.586207,32,0,person,0.6034258008003235,0,664,33,848,33,184
801,27.586207,52,0,person,0.5359424352645874,0,606,46,784,46,178
801,27.586207,15,0,person,0.4979238510131836,558,510,626,652,68,142
802,27.62069,1,2,car,0.8940916061401367,1522,401,1846,550,324,149
802,27.62069,18,0,person,0.8469387888908386,281,644,377,835,96,191
802,27.62069,34,0,person,0.8402674198150635,375,625,447,809,72,184
802,27.62069,2,2,car,0.83100825548172,846,490,1123,664,277,174
802,27.62069,13,0,person,0.8309451341629028,83,586,166,765,83,179
802,27.62069,26,0,person,0.8107649683952332,758,540,804,710,46,170
802,27.62069,3,2,car,0.7929724454879761,1719,390,1918,528,199,138
802,27.62069,22,0,person,0.7125170230865479,567,453,631,617,64,164
802,27.62069,41,0,person,0.5975502133369446,9,539,85,706,76,167
802,27.62069,32,0,person,0.5736294388771057,0,679,32,848,32,169
802,27.62069,52,0,person,0.5307696461677551,0,604,46,785,46,181
802,27.62069,15,0,person,0.3595695495605469,557,514,625,651,68,137
803,27.655172,1,2,car,0.8940045237541199,1521,401,1846,550,325,149
803,27.655172,18,0,person,0.8608132600784302,277,644,378,836,101,192
803,27.655172,34,0,person,0.8427850604057312,370,627,448,807,78,180
803,27.655172,13,0,person,0.8406781554222107,78,586,166,766,88,180
803,27.655172,2,2,car,0.8380175232887268,846,490,1123,664,277,174
803,27.655172,26,0,person,0.8147875070571899,754,539,802,710,48,171
803,27.655172,3,2,car,0.7911930084228516,1727,391,1919,528,192,137
803,27.655172,22,0,person,0.6972729563713074,565,453,627,610,62,157
803,27.655172,41,0,person,0.5443553328514099,4,539,77,708,73,169
803,27.655172,52,0,person,0.5260519981384277,0,608,48,782,48,174
803,27.655172,15,0,person,0.5259288549423218,557,512,624,651,67,139
803,27.655172,32,0,person,0.513687014579773,0,675,32,848,32,173
804,27.689655,1,2,car,0.8929455280303955,1522,402,1846,550,324,148
804,27.689655,18,0,person,0.8507310748100281,276,645,378,837,102,192
804,27.689655,13,0,person,0.847569465637207,71,589,166,766,95,177
804,27.689655,34,0,person,0.8436455130577087,369,627,448,809,79,182
804,27.689655,26,0,person,0.818252682685852,746,539,802,710,56,171
804,27.689655,2,2,car,0.8059645295143127,846,490,1123,664,277,174
804,27.689655,3,2,car,0.7998854517936707,1722,390,1918,529,196,139
804,27.689655,15,0,person,0.7045217752456665,556,499,619,650,63,151
804,27.689655,41,0,person,0.6355567574501038,3,539,57,701,54,162
804,27.689655,52,0,person,0.6342077851295471,0,613,48,785,48,172
804,27.689655,32,0,person,0.4588225185871124,0,692,31,849,31,157
804,27.689655,22,0,person,0.4554803967475891,562,452,617,596,55,144
805,27.724138,1,2,car,0.8992111086845398,1523,401,1846,551,323,150
805,27.724138,13,0,person,0.8633917570114136,68,590,166,766,98,176
805,27.724138,18,0,person,0.847097635269165,275,645,374,838,99,193
805,27.724138,34,0,person,0.8448702096939087,368,629,446,809,78,180
805,27.724138,26,0,person,0.8293492197990417,735,540,802,712,67,172
805,27.724138,2,2,car,0.8076534867286682,846,491,1124,665,278,174
805,27.724138,3,2,car,0.7973477840423584,1718,390,1918,529,200,139
805,27.724138,15,0,person,0.7114354968070984,555,496,613,651,58,155
805,27.724138,41,0,person,0.670859158039093,0,539,53,705,53,166
805,27.724138,52,0,person,0.5396836400032043,0,612,49,786,49,174
805,27.724138,22,0,person,0.4526689648628235,561,452,611,590,50,138
805,27.724138,32,0,person,0.4120243489742279,0,684,30,849,30,165
806,27.758621,1,2,car,0.8992219567298889,1523,402,1847,551,324,149
806,27.758621,13,0,person,0.8607925176620483,65,590,167,767,102,177
806,27.758621,26,0,person,0.8489722013473511,724,542,802,711,78,169
806,27.758621,34,0,person,0.8431987166404724,367,630,444,809,77,179
806,27.758621,18,0,person,0.8393327593803406,275,646,369,838,94,192
806,27.758621,2,2,car,0.8163465857505798,846,492,1124,665,278,173
806,27.758621,3,2,car,0.7931265830993652,1720,390,1918,529,198,139
806,27.758621,15,0,person,0.709725558757782,552,497,610,651,58,154
806,27.758621,41,0,person,0.7060920000076294,0,539,50,707,50,168
806,27.758621,52,0,person,0.6603184938430786,0,612,48,790,48,178
806,27.758621,32,0,person,0.39350107312202454,0,703,27,849,27,146
807,27.793103,1,2,car,0.8980903029441833,1523,402,1847,551,324,149
807,27.793103,26,0,person,0.8676608800888062,718,542,803,713,85,171
807,27.793103,13,0,person,0.8595835566520691,65,590,166,768,101,178
807,27.793103,18,0,person,0.8371983766555786,274,647,365,838,91,191
807,27.793103,34,0,person,0.8305204510688782,366,632,443,810,77,178
807,27.793103,2,2,car,0.8214053511619568,846,492,1124,665,278,173
807,27.793103,3,2,car,0.7987167239189148,1721,390,1918,529,197,139
807,27.793103,41,0,person,0.6960659027099609,0,539,46,707,46,168
807,27.793103,15,0,person,0.6410917639732361,549,501,607,651,58,150
807,27.793103,52,0,person,0.6171587109565735,0,624,47,789,47,165
808,27.827586,1,2,car,0.8992058634757996,1523,402,1847,551,324,149
808,27.827586,26,0,person,0.8790532946586609,713,545,802,712,89,167
808,27.827586,13,0,person,0.8589339256286621,65,589,163,768,98,179
808,27.827586,34,0,person,0.8334810733795166,366,632,441,809,75,177
808,27.827586,18,0,person,0.8289471864700317,274,648,356,838,82,190
808,27.827586,2,2,car,0.8189615607261658,846,492,1124,665,278,173
808,27.827586,3,2,car,0.8051966428756714,1724,391,1918,529,194,138
808,27.827586,41,0,person,0.671940267086029,0,540,44,707,44,167
808,27.827586,15,0,person,0.6696357131004333,544,454,601,649,57,195
808,27.827586,52,0,person,0.5925922393798828,0,626,47,788,47,162
809,27.862069,1,2,car,0.8984568119049072,1522,402,1847,551,325,149
809,27.862069,26,0,person,0.8902966380119324,710,547,802,711,92,164
809,27.862069,13,0,person,0.8680536150932312,63,589,158,768,95,179
809,27.862069,34,0,person,0.8353627920150757,362,633,435,812,73,179
809,27.862069,18,0,person,0.8289849162101746,272,647,349,838,77,191
809,27.862069,2,2,car,0.8057079911231995,845,492,1124,665,279,173
809,27.862069,3,2,car,0.7992013692855835,1720,390,1918,529,198,139
809,27.862069,15,0,person,0.7827138900756836,542,454,598,648,56,194
809,27.862069,41,0,person,0.6616235971450806,0,541,44,706,44,165
809,27.862069,52,0,person,0.45926111936569214,0,655,47,788,47,133
810,27.896552,1,2,car,0.9010614156723022,1523,402,1847,551,324,149
810,27.896552,26,0,person,0.8940204977989197,710,547,801,712,91,165
810,27.896552,13,0,person,0.8513767123222351,63,588,153,767,90,179
810,27.896552,34,0,person,0.8331141471862793,359,632,430,813,71,181
810,27.896552,2,2,car,0.803329586982727,845,492,1124,665,279,173
810,27.896552,3,2,car,0.7927688360214233,1718,390,1918,529,200,139
810,27.896552,18,0,person,0.7864707112312317,272,647,341,837,69,190
810,27.896552,41,0,person,0.733963131904602,0,542,44,706,44,164
810,27.896552,15,0,person,0.685929536819458,542,484,593,647,51,163
810,27.896552,52,0,person,0.5101185441017151,0,635,45,788,45,153
811,27.931034,1,2,car,0.9026307463645935,1523,402,1847,551,324,149
811,27.931034,26,0,person,0.8976536989212036,708,545,802,712,94,167
811,27.931034,13,0,person,0.8327227830886841,63,588,145,767,82,179
811,27.931034,2,2,car,0.8190459609031677,845,492,1124,665,279,173
811,27.931034,34,0,person,0.8035385608673096,358,632,424,813,66,181
811,27.931034,41,0,person,0.8013033866882324,0,542,42,708,42,166
811,27.931034,3,2,car,0.796772837638855,1721,390,1918,529,197,139
811,27.931034,15,0,person,0.72564697265625,541,499,589,650,48,151
811,27.931034,18,0,person,0.7106339931488037,270,646,326,838,56,192
811,27.931034,52,0,person,0.5041951537132263,0,655,42,787,42,132
812,27.965517,1,2,car,0.8982345461845398,1523,402,1846,551,323,149
812,27.965517,26,0,person,0.8926709890365601,707,544,802,714,95,170
812,27.965517,18,0,person,0.8180270195007324,266,647,323,838,57,191
812,27.965517,2,2,car,0.8128345012664795,845,492,1124,665,279,173
812,27.965517,13,0,person,0.8066667318344116,62,589,138,768,76,179
812,27.965517,3,2,car,0.7959356904029846,1723,390,1918,529,195,139
812,27.965517,41,0,person,0.7654213309288025,0,544,41,708,41,164
812,27.965517,34,0,person,0.7537145614624023,357,633,416,812,59,179
812,27.965517,15,0,person,0.7150382995605469,538,498,590,650,52,152
812,27.965517,52,0,person,0.45043548941612244,0,644,39,790,39,146
813,28.0,1,2,car,0.8999104499816895,1523,402,1847,551,324,149
813,28.0,26,0,person,0.882564127445221,708,544,801,715,93,171
813,28.0,2,2,car,0.8245641589164734,846,492,1124,665,278,173
813,28.0,3,2,car,0.7964065670967102,1722,391,1918,529,196,138
813,28.0,13,0,person,0.7903914451599121,61,589,129,770,68,181
813,28.0,41,0,person,0.7794706225395203,0,548,42,707,42,159
813,28.0,18,0,person,0.773630678653717,260,648,314,839,54,191
813,28.0,34,0,person,0.7315225601196289,354,633,406,814,52,181
813,28.0,15,0,person,0.620578408241272,537,494,590,650,53,156
814,28.034483,1,2,car,0.9023460745811462,1523,402,1847,551,324,149
814,28.034483,26,0,person,0.8751944303512573,707,544,799,715,92,171
814,28.034483,18,0,person,0.8304115533828735,252,647,314,839,62,192
814,28.034483,2,2,car,0.8264793753623962,846,492,1124,665,278,173
814,28.034483,3,2,car,0.8058834075927734,1723,390,1918,529,195,139
814,28.034483,34,0,person,0.7868895530700684,351,633,400,813,49,180
814,28.034483,13,0,person,0.7688945531845093,57,588,115,768,58,180
814,28.034483,41,0,person,0.7577299475669861,0,556,42,706,42,150
814,28.034483,15,0,person,0.7104552984237671,534,500,587,651,53,151
815,28.068966,1,2,car,0.8994551301002502,1523,402,1847,551,324,149
815,28.068966,26,0,person,0.8732696175575256,708,545,796,714,88,169
815,28.068966,18,0,person,0.8328889012336731,243,648,312,839,69,191
815,28.068966,2,2,car,0.8198085427284241,846,492,1124,665,278,173
815,28.068966,34,0,person,0.8038778305053711,346,634,393,813,47,179
815,28.068966,3,2,car,0.797978401184082,1723,390,1918,529,195,139
815,28.068966,13,0,person,0.7967770099639893,51,586,110,769,59,183
815,28.068966,41,0,person,0.7670972943305969,0,556,39,706,39,150
815,28.068966,15,0,person,0.7263391613960266,527,503,586,651,59,148
816,28.103448,1,2,car,0.8944910764694214,1523,402,1846,551,323,149
816,28.103448,26,0,person,0.8667258620262146,709,546,791,714,82,168
816,28.103448,18,0,person,0.8428630232810974,238,647,310,839,72,192
816,28.103448,34,0,person,0.8069607019424438,342,634,392,813,50,179
816,28.103448,2,2,car,0.7976347208023071,846,492,1124,665,278,173
816,28.103448,3,2,car,0.7897821068763733,1721,390,1918,529,197,139
816,28.103448,13,0,person,0.77351975440979,47,586,101,769,54,183
816,28.103448,41,0,person,0.7518564462661743,0,562,40,708,40,146
816,28.103448,15,0,person,0.7502920031547546,524,501,587,652,63,151
817,28.137931,1,2,car,0.8919634222984314,1523,401,1846,550,323,149
817,28.137931,18,0,person,0.8557219505310059,225,647,312,838,87,191
817,28.137931,26,0,person,0.8466549515724182,707,545,786,712,79,167
817,28.137931,2,2,car,0.8153562545776367,845,490,1123,664,278,174
817,28.137931,34,0,person,0.8121247887611389,337,634,393,812,56,178
817,28.137931,3,2,car,0.7897419929504395,1726,391,1919,528,193,137
817,28.137931,13,0,person,0.7824240922927856,39,586,100,768,61,182
817,28.137931,15,0,person,0.730628252029419,519,500,586,650,67,150
817,28.137931,41,0,person,0.7088186740875244,0,560,40,707,40,147
818,28.172414,1,2,car,0.8912233710289001,1522,400,1846,550,324,150
818,28.172414,18,0,person,0.862320065498352,213,648,312,839,99,191
818,28.172414,26,0,person,0.8349887728691101,708,543,780,712,72,169
818,28.172414,2,2,car,0.8303459882736206,846,489,1123,663,277,174
818,28.172414,34,0,person,0.8118513226509094,328,634,393,812,65,178
818,28.172414,13,0,person,0.8104878664016724,34,582,99,768,65,186
818,28.172414,3,2,car,0.782052218914032,1713,388,1919,528,206,140
818,28.172414,15,0,person,0.7665815353393555,517,501,585,647,68,146
819,28.206897,1,2,car,0.8895325064659119,1523,400,1846,550,323,150
819,28.206897,18,0,person,0.8788397312164307,206,649,311,840,105,191
819,28.206897,34,0,person,0.8498116135597229,320,637,392,814,72,177
819,28.206897,26,0,person,0.8487834334373474,707,543,774,712,67,169
819,28.206897,2,2,car,0.8213180303573608,845,489,1123,663,278,174
819,28.206897,13,0,person,0.7864575386047363,29,583,98,767,69,184
819,28.206897,3,2,car,0.7758684158325195,1713,388,1919,528,206,140
819,28.206897,15,0,person,0.7701111435890198,516,500,584,647,68,147
820,28.241379,1,2,car,0.8922193646430969,1522,401,1846,550,324,149
820,28.241379,18,0,person,0.8834190368652344,204,653,311,841,107,188
820,28.241379,34,0,person,0.8797078132629395,311,641,392,814,81,173
820,28.241379,13,0,person,0.8428528308868408,21,583,99,767,78,184
820,28.241379,26,0,person,0.825498640537262,704,542,767,711,63,169
820,28.241379,2,2,car,0.804638683795929,845,490,1123,664,278,174
820,28.241379,15,0,person,0.7871400117874146,515,502,582,647,67,145
820,28.241379,3,2,car,0.7796505689620972,1725,390,1919,527,194,137
820,28.241379,54,0,person,0.413413405418396,523,456,559,532,36,76
821,28.275862,1,2,car,0.8913460969924927,1522,401,1846,550,324,149
821,28.275862,34,0,person,0.8903589844703674,307,642,392,815,85,173
821,28.275862,18,0,person,0.8884463906288147,203,653,310,842,107,189
821,28.275862,13,0,person,0.8443172574043274,14,586,98,767,84,181
821,28.275862,2,2,car,0.8112767338752747,846,490,1123,664,277,174
821,28.275862,15,0,person,0.789734423160553,514,501,582,648,68,147
821,28.275862,26,0,person,0.786857545375824,700,542,759,712,59,170
821,28.275862,3,2,car,0.7809992432594299,1726,391,1919,528,193,137
821,28.275862,54,0,person,0.39401775598526,519,456,557,535,38,79
822,28.310345,1,2,car,0.8933738470077515,1522,401,1846,550,324,149
822,28.310345,18,0,person,0.8878098130226135,202,653,309,843,107,190
822,28.310345,34,0,person,0.8850480914115906,306,639,392,816,86,177
822,28.310345,13,0,person,0.8421955704689026,10,586,98,769,88,183
822,28.310345,2,2,car,0.8121767044067383,845,490,1123,664,278,174
822,28.310345,26,0,person,0.8076872229576111,687,542,752,714,65,172
822,28.310345,15,0,person,0.8013995289802551,512,501,580,649,68,148
822,28.310345,3,2,car,0.7868916392326355,1725,391,1919,528,194,137
822,28.310345,54,0,person,0.4179633557796478,515,456,552,543,37,87
823,28.344828,1,2,car,0.8952279090881348,1522,401,1846,550,324,149
823,28.344828,18,0,person,0.8873879909515381,202,654,306,843,104,189
823,28.344828,34,0,person,0.8842962980270386,303,639,392,815,89,176
823,28.344828,13,0,person,0.8622400760650635,9,587,98,767,89,180
823,28.344828,26,0,person,0.8410696387290955,681,541,749,713,68,172
823,28.344828,2,2,car,0.8257659673690796,846,490,1123,664,277,174
823,28.344828,15,0,person,0.7974536418914795,513,500,579,648,66,148
823,28.344828,3,2,car,0.784247100353241,1725,391,1919,528,194,137
823,28.344828,54,0,person,0.39562228322029114,514,456,549,547,35,91
824,28.37931,1,2,car,0.891304612159729,1522,401,1846,550,324,149
824,28.37931,18,0,person,0.8821506500244141,202,654,303,842,101,188
824,28.37931,34,0,person,0.8761218190193176,300,640,389,816,89,176
824,28.37931,13,0,person,0.8641066551208496,7,588,97,767,90,179
824,28.37931,26,0,person,0.8397042751312256,674,542,748,716,74,174
824,28.37931,2,2,car,0.8249701261520386,846,490,1123,664,277,174
824,28.37931,15,0,person,0.8032285571098328,511,498,578,649,67,151
824,28.37931,3,2,car,0.780410885810852,1726,391,1919,528,193,137
825,28.413793,1,2,car,0.8885288238525391,1522,400,1846,550,324,150
825,28.413793,18,0,person,0.8755131959915161,202,654,297,842,95,188
825,28.413793,13,0,person,0.8614717721939087,7,588,97,766,90,178
825,28.413793,34,0,person,0.8590551018714905,300,642,388,815,88,173
825,28.413793,26,0,person,0.8548417091369629,672,542,745,713,73,171
825,28.413793,2,2,car,0.8250290155410767,846,489,1123,663,277,174
825,28.413793,15,0,person,0.7845475077629089,510,498,575,648,65,150
825,28.413793,3,2,car,0.7806766629219055,1726,390,1919,527,193,137
826,28.448276,1,2,car,0.8912115693092346,1522,400,1846,550,324,150
826,28.448276,34,0,person,0.8758013248443604,297,642,386,817,89,175
826,28.448276,26,0,person,0.8585083484649658,667,543,743,715,76,172
826,28.448276,18,0,person,0.8565545678138733,202,653,288,841,86,188
826,28.448276,13,0,person,0.8528204560279846,7,583,95,766,88,183
826,28.448276,2,2,car,0.8346691131591797,846,489,1123,663,277,174
826,28.448276,15,0,person,0.7899593114852905,505,497,572,648,67,151
826,28.448276,3,2,car,0.7789734601974487,1725,390,1919,527,194,137
826,28.448276,54,0,person,0.3287450969219208,506,454,541,538,35,84
827,28.482759,1,2,car,0.8881973028182983,1522,400,1846,550,324,150
827,28.482759,34,0,person,0.8629024028778076,295,641,383,818,88,177
827,28.482759,26,0,person,0.862197995185852,663,544,741,713,78,169
827,28.482759,18,0,person,0.8579340577125549,201,653,279,842,78,189
827,28.482759,13,0,person,0.8421352505683899,6,583,92,767,86,184
827,28.482759,2,2,car,0.8314760327339172,846,489,1123,663,277,174
827,28.482759,15,0,person,0.7793217301368713,501,499,569,648,68,149
827,28.482759,3,2,car,0.7751436829566956,1726,390,1919,527,193,137
827,28.482759,54,0,person,0.33792367577552795,503,455,538,548,35,93
828,28.517241,1,2,car,0.8911657929420471,1522,401,1846,550,324,149
828,28.517241,26,0,person,0.8624410629272461,659,545,738,715,79,170
828,28.517241,34,0,person,0.844397246837616,295,638,379,818,84,180
828,28.517241,13,0,person,0.8395995497703552,6,582,90,767,84,185
828,28.517241,18,0,person,0.8359483480453491,197,652,273,844,76,192
828,28.517241,2,2,car,0.8299916982650757,845,490,1123,663,278,173
828,28.517241,3,2,car,0.7825563549995422,1726,391,1919,528,193,137
828,28.517241,15,0,person,0.7622383236885071,500,500,565,647,65,147
828,28.517241,54,0,person,0.3628777265548706,499,454,535,603,36,149
829,28.551724,1,2,car,0.8955200910568237,1523,402,1846,550,323,148
829,28.551724,26,0,person,0.8640255331993103,656,545,737,716,81,171
829,28.551724,34,0,person,0.858305037021637,294,637,373,821,79,184
829,28.551724,13,0,person,0.8314064145088196,6,582,85,768,79,186
829,28.551724,18,0,person,0.8200632333755493,192,653,261,844,69,191
829,28.551724,2,2,car,0.8128274083137512,846,491,1124,664,278,173
829,28.551724,3,2,car,0.7861067652702332,1725,391,1919,528,194,137
829,28.551724,15,0,person,0.7350718975067139,504,504,559,648,55,144
829,28.551724,54,0,person,0.5621592402458191,496,457,534,613,38,156
830,28.586207,1,2,car,0.900119423866272,1524,402,1847,551,323,149
830,28.586207,26,0,person,0.86614990234375,655,546,737,717,82,171
830,28.586207,34,0,person,0.8475931286811829,290,638,368,821,78,183
830,28.586207,13,0,person,0.8311850428581238,6,584,79,768,73,184
830,28.586207,2,2,car,0.8161644339561462,846,492,1124,665,278,173
830,28.586207,18,0,person,0.8159336447715759,181,653,251,845,70,192
830,28.586207,3,2,car,0.7852705121040344,1718,390,1918,529,200,139
830,28.586207,15,0,person,0.7228226661682129,504,494,551,649,47,155
830,28.586207,54,0,person,0.5221859812736511,490,457,532,611,42,154
831,28.62069,1,2,car,0.9021077752113342,1524,402,1847,551,323,149
831,28.62069,26,0,person,0.8611145615577698,656,546,738,718,82,172
831,28.62069,13,0,person,0.8450539708137512,5,584,72,767,67,183
831,28.62069,18,0,person,0.8321305513381958,170,654,240,847,70,193
831,28.62069,34,0,person,0.8243275880813599,287,640,361,821,74,181
831,28.62069,2,2,car,0.8211151957511902,846,492,1124,665,278,173
831,28.62069,3,2,car,0.7926944494247437,1720,390,1918,529,198,139
831,28.62069,15,0,person,0.6926677227020264,501,491,546,649,45,158
831,28.62069,54,0,person,0.6276865005493164,478,457,529,615,51,158
832,28.655172,1,2,car,0.9027867913246155,1524,402,1847,551,323,149
832,28.655172,26,0,person,0.8604943752288818,655,546,738,720,83,174
832,28.655172,13,0,person,0.8579189777374268,3,585,65,767,62,182
832,28.655172,18,0,person,0.845186173915863,159,655,239,849,80,194
832,28.655172,2,2,car,0.8230924606323242,846,493,1124,665,278,172
832,28.655172,34,0,person,0.8087902069091797,283,642,352,822,69,180
832,28.655172,3,2,car,0.7878361940383911,1720,390,1918,529,198,139
832,28.655172,54,0,person,0.6735919713973999,468,457,526,613,58,156
832,28.655172,15,0,person,0.6565561890602112,498,492,546,650,48,158
833,28.689655,1,2,car,0.9014999866485596,1524,402,1847,551,323,149
833,28.689655,26,0,person,0.8515270948410034,655,547,737,722,82,175
833,28.689655,18,0,person,0.8474542498588562,153,654,239,852,86,198
833,28.689655,2,2,car,0.8266289830207825,846,492,1124,665,278,173
833,28.689655,13,0,person,0.8250778913497925,1,584,58,766,57,182
833,28.689655,34,0,person,0.8179609179496765,276,642,345,822,69,180
833,28.689655,3,2,car,0.7889875769615173,1720,390,1918,529,198,139
833,28.689655,15,0,person,0.7082787752151489,495,499,542,647,47,148
833,28.689655,54,0,person,0.6798426508903503,461,457,524,615,63,158
834,28.724138,1,2,car,0.9015029072761536,1524,402,1847,551,323,149
834,28.724138,26,0,person,0.850213885307312,654,547,735,722,81,175
834,28.724138,18,0,person,0.8423932194709778,145,654,238,853,93,199
834,28.724138,34,0,person,0.8403103351593018,272,642,337,824,65,182
834,28.724138,13,0,person,0.8347420692443848,0,584,50,766,50,182
834,28.724138,2,2,car,0.8201056122779846,846,493,1124,665,278,172
834,28.724138,3,2,car,0.7881237864494324,1720,390,1918,529,198,139
834,28.724138,15,0,person,0.7092850804328918,493,501,541,648,48,147
834,28.724138,54,0,person,0.6548298597335815,458,458,521,616,63,158
835,28.758621,1,2,car,0.9023876190185547,1525,402,1848,551,323,149
835,28.758621,18,0,person,0.8658607006072998,143,656,238,853,95,197
835,28.758621,26,0,person,0.8400030136108398,654,548,735,723,81,175
835,28.758621,13,0,person,0.8382377624511719,0,584,41,768,41,184
835,28.758621,2,2,car,0.832306981086731,846,493,1124,665,278,172
835,28.758621,34,0,person,0.8164331316947937,269,642,327,827,58,185
835,28.758621,3,2,car,0.8003376126289368,1717,391,1918,530,201,139
835,28.758621,15,0,person,0.7583121061325073,486,503,541,649,55,146
835,28.758621,54,0,person,0.7074523568153381,452,458,519,619,67,161
836,28.793103,1,2,car,0.9036397337913513,1524,404,1847,552,323,148
836,28.793103,18,0,person,0.8664360046386719,137,658,238,853,101,195
836,28.793103,26,0,person,0.8322654962539673,655,549,727,723,72,174
836,28.793103,34,0,person,0.8293673396110535,265,645,326,829,61,184
836,28.793103,2,2,car,0.8245131373405457,847,493,1124,665,277,172
836,28.793103,13,0,person,0.8209646940231323,0,584,41,769,41,185
836,28.793103,3,2,car,0.8173689842224121,1720,392,1918,530,198,138
836,28.793103,15,0,person,0.7942761778831482,482,507,541,649,59,142
836,28.793103,54,0,person,0.7281927466392517,452,459,515,620,63,161
837,28.827586,1,2,car,0.9020940661430359,1524,404,1848,553,324,149
837,28.827586,18,0,person,0.8764542937278748,129,661,236,854,107,193
837,28.827586,2,2,car,0.8418270349502563,846,493,1125,666,279,173
837,28.827586,34,0,person,0.8374102115631104,261,646,327,833,66,187
837,28.827586,3,2,car,0.8221545219421387,1721,394,1918,531,197,137
837,28.827586,15,0,person,0.8107213973999023,476,508,541,651,65,143
837,28.827586,13,0,person,0.800316572189331,0,584,41,767,41,183
837,28.827586,26,0,person,0.7785696387290955,655,549,720,724,65,175
837,28.827586,54,0,person,0.7134162187576294,451,460,512,621,61,161
838,28.862069,1,2,car,0.9032050371170044,1525,404,1848,553,323,149
838,28.862069,18,0,person,0.878060519695282,127,661,237,856,110,195
838,28.862069,2,2,car,0.8445852994918823,846,493,1125,667,279,174
838,28.862069,13,0,person,0.8288034200668335,0,586,40,767,40,181
838,28.862069,34,0,person,0.828240692615509,258,648,326,833,68,185
838,28.862069,3,2,car,0.8273271918296814,1720,394,1918,531,198,137
838,28.862069,15,0,person,0.810581386089325,475,508,541,650,66,142
838,28.862069,26,0,person,0.7431075572967529,656,550,708,723,52,173
838,28.862069,54,0,person,0.7211260795593262,455,460,509,620,54,160
839,28.896552,1,2,car,0.9037580490112305,1525,405,1848,554,323,149
839,28.896552,18,0,person,0.892303466796875,124,664,236,857,112,193
839,28.896552,2,2,car,0.8525158166885376,846,493,1125,667,279,174
839,28.896552,34,0,person,0.8474909663200378,252,651,327,834,75,183
839,28.896552,13,0,person,0.8296470642089844,0,587,40,767,40,180
839,28.896552,3,2,car,0.8259416818618774,1723,393,1918,532,195,139
839,28.896552,15,0,person,0.8028109669685364,471,507,540,652,69,145
839,28.896552,26,0,person,0.7633290886878967,656,550,703,724,47,174
839,28.896552,54,0,person,0.6548489928245544,455,462,504,619,49,157
840,28.931034,1,2,car,0.901118814945221,1525,405,1848,554,323,149
840,28.931034,18,0,person,0.8867995142936707,123,664,231,857,108,193
840,28.931034,2,2,car,0.848339319229126,846,494,1125,668,279,174
840,28.931034,34,0,person,0.8420988321304321,246,648,327,834,81,186
840,28.931034,3,2,car,0.8232731819152832,1723,394,1918,532,195,138
840,28.931034,13,0,person,0.8207368850708008,0,589,40,767,40,178
840,28.931034,15,0,person,0.8038607239723206,470,506,539,652,69,146
840,28.931034,26,0,person,0.7559525966644287,654,549,699,723,45,174
840,28.931034,54,0,person,0.6876744627952576,451,461,502,620,51,159
841,28.965517,1,2,car,0.903174877166748,1525,405,1848,554,323,149
841,28.965517,18,0,person,0.8773052096366882,122,664,226,857,104,193
841,28.965517,34,0,person,0.8725064992904663,243,648,327,832,84,184
841,28.965517,2,2,car,0.8514844179153442,846,493,1125,668,279,175
841,28.965517,3,2,car,0.8266136646270752,1721,393,1918,532,197,139
841,28.965517,13,0,person,0.8164426684379578,0,589,40,767,40,178
841,28.965517,15,0,person,0.8102824091911316,469,505,536,651,67,146
841,28.965517,26,0,person,0.7769739627838135,649,548,697,722,48,174
841,28.965517,54,0,person,0.7101391553878784,454,459,498,619,44,160
842,29.0,1,2,car,0.9025617241859436,1525,405,1848,554,323,149
842,29.0,18,0,person,0.8808532953262329,121,663,219,857,98,194
842,29.0,34,0,person,0.8746953010559082,239,650,326,833,87,183
842,29.0,2,2,car,0.8428657054901123,846,493,1125,668,279,175
842,29.0,3,2,car,0.8246780633926392,1722,394,1918,532,196,138
842,29.0,13,0,person,0.8204385042190552,0,591,40,767,40,176
842,29.0,15,0,person,0.8167046904563904,467,502,532,650,65,148
842,29.0,26,0,person,0.7835567593574524,645,549,692,723,47,174
842,29.0,54,0,person,0.712367057800293,454,460,495,619,41,159
843,29.034483,1,2,car,0.9038794636726379,1525,405,1848,554,323,149
843,29.034483,18,0,person,0.8690884113311768,121,664,210,858,89,194
843,29.034483,34,0,person,0.864836573600769,238,650,324,833,86,183
843,29.034483,2,2,car,0.8435273766517639,846,493,1125,668,279,175
843,29.034483,3,2,car,0.8252765536308289,1722,394,1918,532,196,138
843,29.034483,15,0,person,0.8076198101043701,467,503,527,650,60,147
843,29.034483,26,0,person,0.8026130795478821,642,549,690,722,48,173
843,29.034483,13,0,person,0.7907435894012451,0,600,39,766,39,166
843,29.034483,54,0,person,0.7119566798210144,455,461,493,619,38,158
844,29.068966,1,2,car,0.9042410254478455,1525,405,1848,554,323,149
844,29.068966,34,0,person,0.8691672682762146,237,652,324,833,87,181
844,29.068966,18,0,person,0.8557486534118652,121,663,202,859,81,196
844,29.068966,2,2,car,0.8503695130348206,846,494,1125,668,279,174
844,29.068966,3,2,car,0.8259584903717041,1722,393,1918,532,196,139
844,29.068966,26,0,person,0.7935709357261658,638,550,689,722,51,172
844,29.068966,13,0,person,0.7927196025848389,0,611,38,766,38,155
844,29.068966,15,0,person,0.7872151732444763,468,504,522,650,54,146
844,29.068966,54,0,person,0.731145977973938,450,460,490,620,40,160
845,29.103448,1,2,car,0.9000698924064636,1525,405,1848,554,323,149
845,29.103448,34,0,person,0.8613483905792236,236,654,321,836,85,182
845,29.103448,26,0,person,0.8377925157546997,631,551,687,724,56,173
845,29.103448,2,2,car,0.8350715041160583,846,495,1124,668,278,173
845,29.103448,3,2,car,0.8234782814979553,1724,394,1918,532,194,138
845,29.103448,13,0,person,0.7839959263801575,0,615,38,766,38,151
845,29.103448,15,0,person,0.7807599306106567,467,504,518,650,51,146
845,29.103448,18,0,person,0.7682859897613525,120,663,190,859,70,196
845,29.103448,54,0,person,0.7638720870018005,447,461,488,620,41,159
846,29.137931,1,2,car,0.9022998809814453,1525,405,1848,554,323,149
846,29.137931,26,0,person,0.8605664968490601,617,552,687,724,70,172
846,29.137931,34,0,person,0.8519856333732605,235,654,316,835,81,181
846,29.137931,2,2,car,0.8350340723991394,846,495,1124,668,278,173
846,29.137931,3,2,car,0.8254839777946472,1724,394,1918,532,194,138
846,29.137931,13,0,person,0.7736782431602478,0,624,36,766,36,142
846,29.137931,15,0,person,0.7671444416046143,467,503,515,650,48,147
846,29.137931,18,0,person,0.7538473010063171,118,663,177,858,59,195
846,29.137931,54,0,person,0.741134762763977,443,460,485,620,42,160
847,29.172414,1,2,car,0.9038863778114319,1525,405,1848,554,323,149
847,29.172414,26,0,person,0.8605806231498718,609,552,687,723,78,171
847,29.172414,2,2,car,0.8396559357643127,846,494,1124,668,278,174
847,29.172414,34,0,person,0.8378523588180542,236,653,311,835,75,182
847,29.172414,3,2,car,0.8233436346054077,1724,394,1918,532,194,138
847,29.172414,18,0,person,0.7972875237464905,109,665,168,860,59,195
847,29.172414,54,0,person,0.7172371745109558,441,460,483,620,42,160
847,29.172414,15,0,person,0.7090027928352356,467,504,510,648,43,144
847,29.172414,13,0,person,0.6870788931846619,0,667,34,766,34,99
848,29.206897,1,2,car,0.9021016359329224,1524,405,1848,554,324,149
848,29.206897,26,0,person,0.8568545579910278,603,551,687,723,84,172
848,29.206897,34,0,person,0.8481400609016418,235,652,301,836,66,184
848,29.206897,2,2,car,0.8387237787246704,846,494,1124,668,278,174
848,29.206897,3,2,car,0.825369656085968,1725,394,1918,532,193,138
848,29.206897,18,0,person,0.8169848918914795,102,664,159,857,57,193
848,29.206897,54,0,person,0.7321995496749878,438,460,481,621,43,161
848,29.206897,15,0,person,0.6897115111351013,464,502,504,649,40,147
848,29.206897,13,0,person,0.4621451795101166,0,711,31,765,31,54
849,29.241379,1,2,car,0.9023891687393188,1524,405,1848,553,324,148
849,29.241379,26,0,person,0.8613800406455994,598,553,686,724,88,171
849,29.241379,2,2,car,0.8270716667175293,846,493,1124,667,278,174
849,29.241379,3,2,car,0.8265963196754456,1723,394,1918,531,195,137
849,29.241379,18,0,person,0.8173284530639648,94,664,159,856,65,192
849,29.241379,34,0,person,0.816291868686676,233,655,295,835,62,180
849,29.241379,54,0,person,0.715179979801178,433,460,477,622,44,162
849,29.241379,15,0,person,0.7020630836486816,461,498,499,650,38,152
849,29.241379,13,0,person,0.4295332431793213,0,715,26,765,26,50
850,29.275862,1,2,car,0.9034824967384338,1524,404,1847,552,323,148
850,29.275862,26,0,person,0.8662531971931458,597,553,685,724,88,171
850,29.275862,2,2,car,0.8347903490066528,847,493,1124,666,277,173
850,29.275862,18,0,person,0.8198308348655701,85,664,161,855,76,191
850,29.275862,3,2,car,0.8148770332336426,1724,393,1918,530,194,137
850,29.275862,34,0,person,0.7628157734870911,229,654,284,835,55,181
850,29.275862,54,0,person,0.7348223924636841,429,460,475,622,46,162
850,29.275862,15,0,person,0.7292440533638,455,496,499,647,44,151
851,29.310345,1,2,car,0.9030881524085999,1524,404,1847,552,323,148
851,29.310345,26,0,person,0.8645371198654175,598,553,686,723,88,170
851,29.310345,18,0,person,0.8532693386077881,78,664,158,857,80,193
851,29.310345,2,2,car,0.8415384292602539,847,493,1124,666,277,173
851,29.310345,3,2,car,0.8192108869552612,1725,393,1918,530,193,137
851,29.310345,34,0,person,0.7985788583755493,225,653,282,834,57,181
851,29.310345,54,0,person,0.7402191162109375,423,461,473,622,50,161
851,29.310345,15,0,person,0.7132324576377869,453,494,497,646,44,152
852,29.344828,1,2,car,0.9014859199523926,1524,404,1847,552,323,148
852,29.344828,26,0,person,0.873538076877594,592,556,687,724,95,168
852,29.344828,18,0,person,0.867100715637207,66,665,157,856,91,191
852,29.344828,2,2,car,0.8297412991523743,846,493,1123,666,277,173
852,29.344828,3,2,car,0.8098674416542053,1723,392,1918,530,195,138
852,29.344828,34,0,person,0.8023259043693542,221,654,271,834,50,180
852,29.344828,54,0,person,0.7276586294174194,417,462,470,621,53,159
852,29.344828,15,0,person,0.7005051970481873,449,494,496,646,47,152
853,29.37931,1,2,car,0.9027997851371765,1524,403,1847,552,323,149
853,29.37931,26,0,person,0.8959293365478516,592,553,685,724,93,171
853,29.37931,18,0,person,0.852428138256073,51,664,158,858,107,194
853,29.37931,2,2,car,0.8373540043830872,846,493,1124,666,278,173
853,29.37931,3,2,car,0.8139458894729614,1721,391,1918,530,197,139
853,29.37931,34,0,person,0.8074194192886353,216,652,269,834,53,182
853,29.37931,15,0,person,0.7957497239112854,438,499,495,648,57,149
853,29.37931,54,0,person,0.7179434895515442,408,462,468,622,60,160
854,29.413793,1,2,car,0.8986509442329407,1524,403,1847,552,323,149
854,29.413793,26,0,person,0.8948647379875183,592,552,683,724,91,172
854,29.413793,18,0,person,0.8693416714668274,45,665,156,859,111,194
854,29.413793,2,2,car,0.810282826423645,847,493,1124,666,277,173
854,29.413793,15,0,person,0.8075623512268066,433,499,496,647,63,148
854,29.413793,3,2,car,0.8062295317649841,1721,391,1918,529,197,138
854,29.413793,34,0,person,0.796474814414978,211,653,269,834,58,181
854,29.413793,54,0,person,0.7447088956832886,401,462,465,622,64,160
855,29.448276,1,2,car,0.9002630710601807,1523,403,1847,552,324,149
855,29.448276,26,0,person,0.8852280974388123,592,553,682,724,90,171
855,29.448276,18,0,person,0.8754860758781433,43,666,156,858,113,192
855,29.448276,34,0,person,0.842072606086731,205,654,269,833,64,179
855,29.448276,15,0,person,0.8160109519958496,430,501,496,647,66,146
855,29.448276,3,2,car,0.8097988963127136,1723,391,1918,529,195,138
855,29.448276,2,2,car,0.7973705530166626,846,493,1124,666,278,173
855,29.448276,54,0,person,0.7861264944076538,397,464,460,620,63,156
856,29.482759,1,2,car,0.9011811017990112,1523,402,1847,552,324,150
856,29.482759,18,0,person,0.8777172565460205,43,667,155,857,112,190
856,29.482759,26,0,person,0.8728876113891602,592,553,681,724,89,171
856,29.482759,34,0,person,0.8705881834030151,190,657,268,833,78,176
856,29.482759,15,0,person,0.8267219066619873,428,502,496,646,68,144
856,29.482759,3,2,car,0.8070487380027771,1724,390,1918,530,194,140
856,29.482759,2,2,car,0.8070033192634583,846,493,1124,665,278,172
856,29.482759,54,0,person,0.7905793786048889,397,464,457,622,60,158
857,29.517241,34,0,person,0.9034258723258972,177,656,268,834,91,178
857,29.517241,1,2,car,0.8987686634063721,1523,402,1847,551,324,149
857,29.517241,18,0,person,0.8799072504043579,41,668,154,856,113,188
857,29.517241,26,0,person,0.8618326187133789,592,553,675,723,83,170
857,29.517241,15,0,person,0.8224608302116394,428,503,496,646,68,143
857,29.517241,3,2,car,0.8004302382469177,1721,390,1918,529,197,139
857,29.517241,2,2,car,0.7997835278511047,846,492,1124,665,278,173
857,29.517241,54,0,person,0.7801387906074524,395,464,455,621,60,157
858,29.551724,34,0,person,0.8979445695877075,172,656,267,834,95,178
858,29.551724,1,2,car,0.8929123282432556,1522,402,1846,551,324,149
858,29.551724,18,0,person,0.8641344904899597,40,668,149,857,109,189
858,29.551724,26,0,person,0.8635033965110779,591,553,671,723,80,170
858,29.551724,15,0,person,0.8159180283546448,426,501,496,645,70,144
858,29.551724,2,2,car,0.8077115416526794,845,491,1123,665,278,174
858,29.551724,54,0,person,0.796937882900238,395,464,452,621,57,157
858,29.551724,3,2,car,0.7931814789772034,1717,390,1918,529,201,139
859,29.586207,1,2,car,0.8924566507339478,1522,402,1847,551,325,149
859,29.586207,34,0,person,0.8877732753753662,167,660,270,834,103,174
859,29.586207,18,0,person,0.8583866953849792,40,668,142,858,102,190
859,29.586207,26,0,person,0.8258300423622131,591,552,667,722,76,170
859,29.586207,15,0,person,0.8092519640922546,425,503,495,645,70,142
859,29.586207,2,2,car,0.8057647347450256,845,491,1124,664,279,173
859,29.586207,3,2,car,0.7915585041046143,1717,390,1918,529,201,139
859,29.586207,54,0,person,0.7876984477043152,396,463,449,621,53,158
860,29.62069,1,2,car,0.8915718793869019,1523,402,1847,551,324,149
860,29.62069,34,0,person,0.8859124779701233,165,660,268,835,103,175
860,29.62069,18,0,person,0.8729021549224854,40,667,133,858,93,191
860,29.62069,26,0,person,0.8290047645568848,591,552,660,720,69,168
860,29.62069,2,2,car,0.8166090846061707,845,491,1124,665,279,174
860,29.62069,15,0,person,0.8111669421195984,423,500,495,645,72,145
860,29.62069,3,2,car,0.7949615120887756,1718,389,1918,529,200,140
860,29.62069,54,0,person,0.785943329334259,396,463,446,622,50,159
861,29.655172,1,2,car,0.8919360041618347,1523,402,1847,551,324,149
861,29.655172,34,0,person,0.8901916742324829,161,658,266,836,105,178
861,29.655172,18,0,person,0.8736680746078491,39,668,126,858,87,190
861,29.655172,2,2,car,0.8168594837188721,845,491,1124,664,279,173
861,29.655172,26,0,person,0.812741219997406,588,550,655,721,67,171
861,29.655172,15,0,person,0.8023781776428223,421,500,490,645,69,145
861,29.655172,3,2,car,0.7936736345291138,1718,390,1918,529,200,139
861,29.655172,54,0,person,0.7663624286651611,396,463,444,621,48,158
862,29.689655,34,0,person,0.8924773335456848,160,659,265,836,105,177
862,29.689655,1,2,car,0.890512228012085,1522,402,1847,551,325,149
862,29.689655,18,0,person,0.8371110558509827,33,665,113,858,80,193
862,29.689655,2,2,car,0.8149731755256653,846,491,1124,664,278,173
862,29.689655,3,2,car,0.7967901229858398,1718,390,1918,528,200,138
862,29.689655,15,0,person,0.7880213856697083,422,501,485,646,63,145
862,29.689655,26,0,person,0.7814076542854309,583,549,649,722,66,173
862,29.689655,54,0,person,0.7360712885856628,394,463,440,621,46,158
863,29.724138,34,0,person,0.8919203281402588,161,659,262,837,101,178
863,29.724138,1,2,car,0.890068769454956,1523,402,1847,551,324,149
863,29.724138,18,0,person,0.8646247386932373,18,664,106,859,88,195
863,29.724138,2,2,car,0.8182234764099121,846,491,1124,664,278,173
863,29.724138,15,0,person,0.7962924242019653,418,500,482,645,64,145
863,29.724138,3,2,car,0.7948309183120728,1718,389,1918,529,200,140
863,29.724138,26,0,person,0.7839433550834656,581,549,643,724,62,175
863,29.724138,54,0,person,0.7079025506973267,392,460,435,621,43,161
864,29.758621,1,2,car,0.8932525515556335,1523,402,1847,551,324,149
864,29.758621,34,0,person,0.8915150165557861,161,659,259,838,98,179
864,29.758621,18,0,person,0.8565006256103516,11,664,95,857,84,193
864,29.758621,2,2,car,0.8182373642921448,846,491,1123,664,277,173
864,29.758621,3,2,car,0.796698272228241,1720,390,1918,528,198,138
864,29.758621,26,0,person,0.7855821251869202,585,549,638,727,53,178
864,29.758621,15,0,person,0.7705599069595337,415,499,479,646,64,147
864,29.758621,54,0,person,0.7212062478065491,388,460,432,621,44,161
865,29.793103,1,2,car,0.8960762619972229,1523,402,1847,551,324,149
865,29.793103,34,0,person,0.8930442929267883,162,659,254,837,92,178
865,29.793103,18,0,person,0.8170223832130432,2,665,86,861,84,196
865,29.793103,2,2,car,0.8157908916473389,846,491,1124,664,278,173
865,29.793103,3,2,car,0.7971785664558411,1722,390,1918,529,196,139
865,29.793103,26,0,person,0.7712002992630005,565,549,635,729,70,180
865,29.793103,15,0,person,0.7492796778678894,415,498,473,645,58,147
865,29.793103,54,0,person,0.7333284020423889,387,460,429,621,42,161
866,29.827586,34,0,person,0.8877785801887512,159,659,249,837,90,178
866,29.827586,1,2,car,0.8862850069999695,1523,402,1847,551,324,149
866,29.827586,2,2,car,0.8225135803222656,846,491,1124,664,278,173
866,29.827586,26,0,person,0.7997890114784241,568,550,634,729,66,179
866,29.827586,3,2,car,0.7959796190261841,1720,390,1918,529,198,139
866,29.827586,18,0,person,0.792546272277832,1,665,82,862,81,197
866,29.827586,15,0,person,0.7593988180160522,409,496,468,646,59,150
866,29.827586,54,0,person,0.7076643109321594,384,461,427,621,43,160
867,29.862069,1,2,car,0.8930127620697021,1524,402,1848,551,324,149
867,29.862069,34,0,person,0.8485150337219238,155,659,241,838,86,179
867,29.862069,18,0,person,0.8320958614349365,0,665,82,863,82,198
867,29.862069,2,2,car,0.8299415111541748,846,491,1124,664,278,173
867,29.862069,26,0,person,0.7984791398048401,569,553,629,730,60,177
867,29.862069,3,2,car,0.7955694198608398,1720,390,1918,529,198,139
867,29.862069,15,0,person,0.7066221237182617,403,498,463,645,60,147
867,29.862069,54,0,person,0.7009708881378174,380,461,424,621,44,160
868,29.896552,1,2,car,0.8941447734832764,1524,402,1848,551,324,149
868,29.896552,18,0,person,0.8581814765930176,0,667,79,865,79,198
868,29.896552,2,2,car,0.8380892276763916,847,492,1124,665,277,173
868,29.896552,34,0,person,0.8344432711601257,153,659,233,837,80,178
868,29.896552,3,2,car,0.7997063994407654,1722,391,1918,529,196,138
868,29.896552,26,0,person,0.79368656873703,561,553,627,727,66,174
868,29.896552,15,0,person,0.7153931260108948,406,497,455,645,49,148
868,29.896552,54,0,person,0.7093677520751953,377,461,424,622,47,161
869,29.931034,1,2,car,0.8940516114234924,1525,403,1848,551,323,148
869,29.931034,18,0,person,0.880223274230957,0,669,79,865,79,196
869,29.931034,34,0,person,0.8371748328208923,152,658,225,839,73,181
869,29.931034,2,2,car,0.8355441093444824,847,493,1124,664,277,171
869,29.931034,26,0,person,0.8277384042739868,554,553,625,729,71,176
869,29.931034,3,2,car,0.8094325661659241,1720,391,1918,530,198,139
869,29.931034,54,0,person,0.7560083270072937,377,462,421,619,44,157
869,29.931034,15,0,person,0.7406691312789917,404,498,452,647,48,149
870,29.965517,1,2,car,0.8984593749046326,1525,403,1848,551,323,148
870,29.965517,18,0,person,0.8891379237174988,0,670,78,864,78,194
870,29.965517,26,0,person,0.8412657380104065,548,554,625,728,77,174
870,29.965517,2,2,car,0.8294456005096436,847,493,1124,665,277,172
870,29.965517,3,2,car,0.8105893135070801,1720,392,1918,530,198,138
870,29.965517,15,0,person,0.7407978177070618,404,496,451,645,47,149
870,29.965517,54,0,person,0.7367024421691895,373,464,419,619,46,155
870,29.965517,34,0,person,0.7309148907661438,148,659,216,840,68,181
871,30.0,1,2,car,0.9004851579666138,1525,404,1848,552,323,148
871,30.0,18,0,person,0.891933023929596,0,671,77,863,77,192
871,30.0,2,2,car,0.8363223075866699,847,493,1125,665,278,172
871,30.0,26,0,person,0.8328472971916199,544,559,624,731,80,172
871,30.0,3,2,car,0.8186222314834595,1723,393,1918,530,195,137
871,30.0,34,0,person,0.7651009559631348,132,661,206,843,74,182
871,30.0,15,0,person,0.7317755222320557,400,496,449,646,49,150
871,30.0,54,0,person,0.7257243394851685,361,462,415,620,54,158
872,30.034483,1,2,car,0.9022961854934692,1525,404,1848,552,323,148
872,30.034483,18,0,person,0.8958832025527954,0,673,77,862,77,189
872,30.034483,26,0,person,0.8401002883911133,544,560,624,732,80,172
872,30.034483,34,0,person,0.8299985527992249,122,662,195,846,73,184
872,30.034483,2,2,car,0.8286809325218201,847,493,1125,666,278,173
872,30.034483,3,2,car,0.8171223402023315,1723,393,1918,531,195,138
872,30.034483,15,0,person,0.7849668860435486,390,501,450,647,60,146
872,30.034483,54,0,person,0.729767382144928,352,463,414,618,62,155
873,30.068966,1,2,car,0.9008591771125793,1525,404,1848,552,323,148
873,30.068966,18,0,person,0.8912007808685303,0,673,77,861,77,188
873,30.068966,26,0,person,0.8489472270011902,543,560,625,733,82,173
873,30.068966,34,0,person,0.829012393951416,124,663,197,849,73,186
873,30.068966,2,2,car,0.8260856866836548,847,493,1125,666,278,173
873,30.068966,3,2,car,0.8126447200775146,1723,393,1918,531,195,138
873,30.068966,15,0,person,0.800051748752594,386,501,450,647,64,146
873,30.068966,54,0,person,0.7554136514663696,347,464,413,617,66,153
874,30.103448,1,2,car,0.9023903608322144,1525,404,1848,553,323,149
874,30.103448,18,0,person,0.8817864060401917,0,673,74,862,74,189
874,30.103448,26,0,person,0.8576409816741943,539,561,625,735,86,174
874,30.103448,2,2,car,0.834981381893158,847,493,1125,666,278,173
874,30.103448,34,0,person,0.828162431716919,125,665,197,853,72,188
874,30.103448,3,2,car,0.8196437358856201,1724,393,1918,531,194,138
874,30.103448,15,0,person,0.7947865724563599,381,501,450,647,69,146
874,30.103448,54,0,person,0.7639812231063843,343,464,411,617,68,153
875,30.137931,1,2,car,0.9017060399055481,1525,404,1848,553,323,149
875,30.137931,18,0,person,0.8647890090942383,0,672,71,860,71,188
875,30.137931,34,0,person,0.8404338955879211,123,665,198,853,75,188
875,30.137931,26,0,person,0.8401070833206177,540,562,624,734,84,172
875,30.137931,2,2,car,0.8351706862449646,847,493,1125,666,278,173
875,30.137931,15,0,person,0.8179494142532349,380,500,450,647,70,147
875,30.137931,3,2,car,0.8115739822387695,1724,393,1918,530,194,137
875,30.137931,54,0,person,0.7297778129577637,342,465,408,618,66,153
876,30.172414,1,2,car,0.901801586151123,1525,404,1848,553,323,149
876,30.172414,34,0,person,0.8607155680656433,117,669,198,854,81,185
876,30.172414,18,0,person,0.8523343205451965,0,674,66,861,66,187
876,30.172414,26,0,person,0.8435884118080139,540,562,622,735,82,173
876,30.172414,2,2,car,0.8372965455055237,846,493,1125,667,279,174
876,30.172414,15,0,person,0.8198624849319458,379,501,451,648,72,147
876,30.172414,3,2,car,0.812813937664032,1723,393,1918,531,195,138
876,30.172414,54,0,person,0.7248716354370117,341,466,406,620,65,154
877,30.206897,1,2,car,0.9025688171386719,1525,404,1848,553,323,149
877,30.206897,34,0,person,0.8681589961051941,108,671,196,854,88,183
877,30.206897,2,2,car,0.8586572408676147,846,493,1125,667,279,174
877,30.206897,18,0,person,0.8333935737609863,0,689,64,861,64,172
877,30.206897,26,0,person,0.8211873769760132,540,563,617,734,77,171
877,30.206897,3,2,car,0.8112910389900208,1721,393,1918,531,197,138
877,30.206897,15,0,person,0.8065658807754517,375,502,449,649,74,147
877,30.206897,54,0,person,0.7351740002632141,340,465,402,621,62,156
878,30.241379,1,2,car,0.9035808444023132,1525,404,1848,553,323,149
878,30.241379,34,0,person,0.8663087487220764,106,671,196,855,90,184
878,30.241379,2,2,car,0.8555372953414917,846,493,1125,667,279,174
878,30.241379,26,0,person,0.821679413318634,541,563,611,734,70,171
878,30.241379,3,2,car,0.8154445886611938,1722,393,1918,531,196,138
878,30.241379,15,0,person,0.8148722648620605,376,500,447,648,71,148
878,30.241379,18,0,person,0.7913909554481506,0,698,62,861,62,163
878,30.241379,54,0,person,0.7447399497032166,339,464,401,620,62,156
879,30.275862,1,2,car,0.9039270281791687,1525,404,1848,553,323,149
879,30.275862,34,0,person,0.8699520826339722,103,672,196,855,93,183
879,30.275862,2,2,car,0.8488356471061707,846,493,1125,667,279,174
879,30.275862,26,0,person,0.8323275446891785,541,561,603,733,62,172
879,30.275862,3,2,car,0.817229151725769,1722,393,1918,531,196,138
879,30.275862,15,0,person,0.8147526979446411,375,500,443,648,68,148
879,30.275862,54,0,person,0.739181637763977,340,463,397,621,57,158
879,30.275862,18,0,person,0.6975005865097046,0,699,43,853,43,154
880,30.310345,1,2,car,0.9032914042472839,1525,404,1847,553,322,149
880,30.310345,34,0,person,0.866666316986084,101,673,192,857,91,184
880,30.310345,2,2,car,0.8537420630455017,846,493,1124,667,278,174
880,30.310345,3,2,car,0.8197060823440552,1722,393,1918,531,196,138
880,30.310345,15,0,person,0.7939437627792358,375,501,439,648,64,147
880,30.310345,26,0,person,0.7728552222251892,542,560,598,733,56,173
880,30.310345,54,0,person,0.7419428825378418,340,462,391,621,51,159
880,30.310345,18,0,person,0.5763741135597229,0,697,32,856,32,159
881,30.344828,1,2,car,0.9040008187294006,1524,404,1848,553,324,149
881,30.344828,2,2,car,0.8559941053390503,846,493,1124,667,278,174
881,30.344828,34,0,person,0.8427057862281799,102,673,190,856,88,183
881,30.344828,3,2,car,0.8198802471160889,1722,393,1918,531,196,138
881,30.344828,26,0,person,0.7919269800186157,538,561,590,733,52,172
881,30.344828,15,0,person,0.7868627309799194,374,501,432,648,58,147
881,30.344828,54,0,person,0.7527781128883362,338,462,385,619,47,157
882,30.37931,1,2,car,0.9033874869346619,1525,404,1847,553,322,149
882,30.37931,2,2,car,0.8464897274971008,846,493,1124,667,278,174
882,30.37931,34,0,person,0.8454610705375671,95,673,186,857,91,184
882,30.37931,3,2,car,0.814552366733551,1726,393,1918,530,192,137
882,30.37931,26,0,person,0.7871118783950806,535,560,583,733,48,173
882,30.37931,15,0,person,0.7727211117744446,374,503,426,648,52,145
882,30.37931,54,0,person,0.7652069926261902,339,461,382,620,43,159
883,30.413793,1,2,car,0.9050531983375549,1524,404,1847,553,323,149
883,30.413793,2,2,car,0.8476549386978149,846,493,1124,667,278,174
883,30.413793,34,0,person,0.8265882730484009,93,674,184,857,91,183
883,30.413793,3,2,car,0.8126650452613831,1725,393,1918,530,193,137
883,30.413793,26,0,person,0.7966435551643372,530,561,578,733,48,172
883,30.413793,54,0,person,0.7655457854270935,338,462,382,619,44,157
883,30.413793,15,0,person,0.7475776076316833,371,501,421,648,50,147
884,30.448276,1,2,car,0.9046981930732727,1524,404,1847,553,323,149
884,30.448276,2,2,car,0.8481903076171875,846,493,1124,666,278,173
884,30.448276,3,2,car,0.8189263343811035,1726,393,1918,530,192,137
884,30.448276,34,0,person,0.8145219087600708,90,674,172,856,82,182
884,30.448276,26,0,person,0.789623498916626,527,560,574,732,47,172
884,30.448276,54,0,person,0.74904865026474,335,460,379,619,44,159
884,30.448276,15,0,person,0.7434062361717224,371,499,414,647,43,148
885,30.482759,1,2,car,0.903211236000061,1524,404,1847,553,323,149
885,30.482759,2,2,car,0.8472750186920166,846,493,1124,666,278,173
885,30.482759,3,2,car,0.8168566226959229,1724,393,1918,530,194,137
885,30.482759,26,0,person,0.8103013038635254,524,561,572,734,48,173
885,30.482759,34,0,person,0.8032612204551697,87,675,163,857,76,182
885,30.482759,54,0,person,0.7463098764419556,331,460,374,619,43,159
885,30.482759,15,0,person,0.7243475317955017,368,498,412,647,44,149
886,30.517241,1,2,car,0.9025924801826477,1524,404,1847,553,323,149
886,30.517241,2,2,car,0.8347402811050415,846,493,1124,666,278,173
886,30.517241,26,0,person,0.8209652900695801,519,560,571,732,52,172
886,30.517241,3,2,car,0.8162738680839539,1724,393,1918,530,194,137
886,30.517241,34,0,person,0.7997241616249084,82,674,152,857,70,183
886,30.517241,54,0,person,0.7791489362716675,330,459,374,619,44,160
886,30.517241,15,0,person,0.7488728165626526,367,498,409,648,42,150
887,30.551724,1,2,car,0.9042320847511292,1524,403,1847,553,323,150
887,30.551724,26,0,person,0.840373158454895,510,561,571,734,61,173
887,30.551724,2,2,car,0.8248766660690308,846,493,1124,666,278,173
887,30.551724,3,2,car,0.8157950639724731,1723,392,1918,530,195,138
887,30.551724,34,0,person,0.8150827288627625,75,673,143,857,68,184
887,30.551724,15,0,person,0.8034400343894958,362,498,405,649,43,151
887,30.551724,54,0,person,0.7862569689750671,328,459,369,619,41,160
888,30.586207,1,2,car,0.903690755367279,1524,403,1847,553,323,150
888,30.586207,26,0,person,0.8486388921737671,495,560,571,734,76,174
888,30.586207,15,0,person,0.8440021872520447,359,499,404,650,45,151
888,30.586207,2,2,car,0.823948323726654,846,493,1123,666,277,173
888,30.586207,3,2,car,0.8137498497962952,1723,392,1918,530,195,138
888,30.586207,34,0,person,0.8055620193481445,73,675,137,858,64,183
888,30.586207,54,0,person,0.7461868524551392,324,459,366,622,42,163
889,30.62069,1,2,car,0.9008576273918152,1524,403,1847,553,323,150
889,30.62069,26,0,person,0.8717628121376038,488,560,571,733,83,173
889,30.62069,15,0,person,0.8283897638320923,356,499,403,648,47,149
889,30.62069,2,2,car,0.8230096101760864,846,493,1124,666,278,173
889,30.62069,34,0,person,0.8211546540260315,70,675,136,857,66,182
889,30.62069,3,2,car,0.8122240900993347,1721,391,1918,530,197,139
889,30.62069,54,0,person,0.766157865524292,320,459,365,623,45,164
890,30.655172,1,2,car,0.8974207043647766,1524,402,1847,552,323,150
890,30.655172,26,0,person,0.8753176927566528,485,560,570,733,85,173
890,30.655172,34,0,person,0.8160033822059631,65,675,135,857,70,182
890,30.655172,2,2,car,0.8135857582092285,846,493,1124,665,278,172
890,30.655172,3,2,car,0.8111063838005066,1720,391,1918,529,198,138
890,30.655172,15,0,person,0.7816739082336426,351,498,402,648,51,150
890,30.655172,54,0,person,0.7719318270683289,316,460,361,622,45,162
891,30.689655,1,2,car,0.8974758386611938,1524,402,1847,552,323,150
891,30.689655,26,0,person,0.8650002479553223,481,561,570,733,89,172
891,30.689655,15,0,person,0.821384608745575,343,497,402,648,59,151
891,30.689655,34,0,person,0.8197541236877441,60,674,136,856,76,182
891,30.689655,2,2,car,0.8122310638427734,846,492,1124,666,278,174
891,30.689655,3,2,car,0.8088214993476868,1724,390,1918,529,194,139
891,30.689655,54,0,person,0.807446300983429,304,460,360,620,56,160
892,30.724138,1,2,car,0.8963898420333862,1524,402,1847,552,323,150
892,30.724138,26,0,person,0.8694054484367371,480,562,571,733,91,171
892,30.724138,34,0,person,0.8391455411911011,46,674,135,861,89,187
892,30.724138,15,0,person,0.8140787482261658,337,498,402,648,65,150
892,30.724138,3,2,car,0.8138154745101929,1724,390,1918,529,194,139
892,30.724138,2,2,car,0.810151994228363,846,492,1124,666,278,174
892,30.724138,54,0,person,0.8053213953971863,295,461,361,621,66,160
893,30.758621,1,2,car,0.8950685262680054,1523,402,1847,552,324,150
893,30.758621,26,0,person,0.8748056888580322,479,562,571,733,92,171
893,30.758621,34,0,person,0.853995680809021,42,674,134,857,92,183
893,30.758621,54,0,person,0.8259772658348083,286,461,360,621,74,160
893,30.758621,15,0,person,0.8242191076278687,333,499,402,649,69,150
893,30.758621,3,2,car,0.8088369369506836,1724,390,1918,529,194,139
893,30.758621,2,2,car,0.7976659536361694,846,492,1124,666,278,174
894,30.793103,1,2,car,0.8973298072814941,1523,401,1847,552,324,151
894,30.793103,26,0,person,0.8707681894302368,476,562,571,733,95,171
894,30.793103,34,0,person,0.8692412972450256,32,676,133,857,101,181
894,30.793103,54,0,person,0.836347222328186,282,461,356,620,74,159
894,30.793103,15,0,person,0.816775381565094,335,499,402,647,67,148
894,30.793103,3,2,car,0.8064619898796082,1723,390,1918,529,195,139
894,30.793103,2,2,car,0.803619384765625,845,492,1124,666,279,174
895,30.827586,1,2,car,0.8967846632003784,1523,401,1847,552,324,151
895,30.827586,26,0,person,0.8732240200042725,476,563,570,733,94,170
895,30.827586,34,0,person,0.8725006580352783,26,677,134,858,108,181
895,30.827586,54,0,person,0.8453909158706665,281,460,353,619,72,159
895,30.827586,15,0,person,0.8175676465034485,334,501,402,648,68,147
895,30.827586,2,2,car,0.8106982707977295,845,492,1124,666,279,174
895,30.827586,3,2,car,0.806722104549408,1724,390,1918,529,194,139
896,30.862069,1,2,car,0.889597475528717,1523,402,1847,551,324,149
896,30.862069,26,0,person,0.8846356272697449,474,563,568,733,94,170
896,30.862069,34,0,person,0.8830099105834961,21,671,133,859,112,188
896,30.862069,54,0,person,0.8133511543273926,280,461,355,619,75,158
896,30.862069,2,2,car,0.8056923747062683,845,492,1124,666,279,174
896,30.862069,15,0,person,0.8049868941307068,331,500,401,647,70,147
896,30.862069,3,2,car,0.8035920858383179,1721,390,1918,529,197,139
897,30.896552,1,2,car,0.8939428925514221,1523,402,1847,551,324,149
897,30.896552,34,0,person,0.8825163245201111,17,677,131,859,114,182
897,30.896552,26,0,person,0.8801109194755554,477,561,566,734,89,173
897,30.896552,2,2,car,0.8282055854797363,846,492,1124,665,278,173
897,30.896552,15,0,person,0.8136354088783264,330,500,400,647,70,147
897,30.896552,3,2,car,0.8018888235092163,1718,390,1918,528,200,138
897,30.896552,54,0,person,0.7912910580635071,279,462,353,620,74,158
898,30.931034,1,2,car,0.8930399417877197,1523,401,1847,551,324,150
898,30.931034,34,0,person,0.8864086270332336,15,678,129,862,114,184
898,30.931034,26,0,person,0.8701377511024475,476,561,566,734,90,173
898,30.931034,2,2,car,0.8179975152015686,845,491,1124,665,279,174
898,30.931034,54,0,person,0.8101910352706909,280,463,345,620,65,157
898,30.931034,15,0,person,0.8070657849311829,328,501,398,647,70,146
898,30.931034,3,2,car,0.8019867539405823,1722,390,1918,528,196,138
899,30.965517,34,0,person,0.8962698578834534,15,679,128,862,113,183
899,30.965517,1,2,car,0.8916337490081787,1523,401,1847,551,324,150
899,30.965517,26,0,person,0.8594526052474976,474,561,563,734,89,173
899,30.965517,2,2,car,0.8133106231689453,846,491,1123,665,277,174
899,30.965517,3,2,car,0.7989954948425293,1720,390,1918,528,198,138
899,30.965517,54,0,person,0.7950562834739685,281,463,343,620,62,157
899,30.965517,15,0,person,0.7835192680358887,326,501,391,646,65,145
900,31.0,1,2,car,0.8928982615470886,1523,402,1846,550,323,148
900,31.0,34,0,person,0.890945553779602,15,677,125,861,110,184
900,31.0,26,0,person,0.850520133972168,476,561,559,734,83,173
900,31.0,2,2,car,0.8263745903968811,846,491,1124,664,278,173
900,31.0,3,2,car,0.8035743832588196,1719,390,1918,528,199,138
900,31.0,15,0,person,0.7737373113632202,327,499,389,646,62,147
900,31.0,54,0,person,0.7715548276901245,279,463,341,620,62,157
901,31.034483,34,0,person,0.8974547982215881,14,676,115,862,101,186
901,31.034483,1,2,car,0.8904471397399902,1523,402,1846,550,323,148
901,31.034483,2,2,car,0.8419109582901001,846,491,1123,663,277,172
901,31.034483,26,0,person,0.8389605283737183,475,562,552,733,77,171
901,31.034483,3,2,car,0.8070378303527832,1717,390,1918,528,201,138
901,31.034483,54,0,person,0.7871370315551758,279,462,338,620,59,158
901,31.034483,15,0,person,0.7512049674987793,325,498,383,646,58,148
902,31.068966,1,2,car,0.8955731391906738,1523,401,1846,549,323,148
902,31.068966,34,0,person,0.8724031448364258,11,676,107,863,96,187
902,31.068966,2,2,car,0.8369136452674866,846,490,1123,663,277,173
902,31.068966,26,0,person,0.8240513801574707,473,560,548,733,75,173
902,31.068966,3,2,car,0.8090463876724243,1714,390,1918,528,204,138
902,31.068966,54,0,person,0.78404301404953,278,460,336,621,58,161
902,31.068966,15,0,person,0.7387857437133789,322,497,378,645,56,148
903,31.103448,1,2,car,0.8941957950592041,1523,402,1846,549,323,147
903,31.103448,34,0,person,0.8614625334739685,8,676,98,863,90,187
903,31.103448,2,2,car,0.8367640972137451,846,490,1123,663,277,173
903,31.103448,26,0,person,0.8215874433517456,471,559,541,734,70,175
903,31.103448,3,2,car,0.812015175819397,1713,389,1918,528,205,139
903,31.103448,54,0,person,0.7702046036720276,278,459,333,621,55,162
903,31.103448,15,0,person,0.7687018513679504,320,496,371,645,51,149
904,31.137931,1,2,car,0.8962382674217224,1523,402,1846,549,323,147
904,31.137931,34,0,person,0.8501490950584412,4,676,88,862,84,186
904,31.137931,2,2,car,0.8342469930648804,846,491,1123,663,277,172
904,31.137931,26,0,person,0.8281189203262329,466,559,534,733,68,174
904,31.137931,3,2,car,0.8074005842208862,1715,390,1918,528,203,138
904,31.137931,54,0,person,0.7626470327377319,277,459,330,621,53,162
904,31.137931,15,0,person,0.7391842007637024,318,497,367,645,49,148
905,31.172414,1,2,car,0.8962950110435486,1523,402,1846,549,323,147
905,31.172414,34,0,person,0.8404554128646851,0,674,78,863,78,189
905,31.172414,2,2,car,0.8288765549659729,846,491,1123,663,277,172
905,31.172414,26,0,person,0.8216410875320435,460,560,527,733,67,173
905,31.172414,3,2,car,0.8049315810203552,1716,390,1918,528,202,138
905,31.172414,54,0,person,0.7860518097877502,272,462,319,619,47,157
905,31.172414,15,0,person,0.7671291828155518,317,497,362,645,45,148
906,31.206897,1,2,car,0.8950038552284241,1523,402,1846,549,323,147
906,31.206897,34,0,person,0.8648800849914551,0,673,64,864,64,191
906,31.206897,2,2,car,0.834391713142395,846,491,1123,663,277,172
906,31.206897,26,0,person,0.8118014931678772,457,559,523,734,66,175
906,31.206897,3,2,car,0.8046302795410156,1717,390,1918,528,201,138
906,31.206897,15,0,person,0.7991238832473755,314,496,360,647,46,151
906,31.206897,54,0,person,0.7916381359100342,270,462,315,618,45,156
907,31.241379,1,2,car,0.8932743668556213,1523,402,1847,549,324,147
907,31.241379,34,0,person,0.8621732592582703,0,674,61,864,61,190
907,31.241379,2,2,car,0.8475310206413269,846,491,1123,663,277,172
907,31.241379,54,0,person,0.8092141151428223,268,461,313,620,45,159
907,31.241379,15,0,person,0.8073832392692566,312,497,358,647,46,150
907,31.241379,3,2,car,0.8047369122505188,1717,389,1918,528,201,139
907,31.241379,26,0,person,0.7975178956985474,455,560,518,736,63,176
908,31.275862,1,2,car,0.8946354389190674,1523,402,1846,549,323,147
908,31.275862,34,0,person,0.864402174949646,0,674,61,868,61,194
908,31.275862,2,2,car,0.8381456732749939,847,491,1123,663,276,172
908,31.275862,54,0,person,0.8305279612541199,264,461,309,620,45,159
908,31.275862,15,0,person,0.8091957569122314,308,498,358,647,50,149
908,31.275862,3,2,car,0.8068068623542786,1716,389,1918,528,202,139
908,31.275862,26,0,person,0.7885112762451172,448,560,516,739,68,179
909,31.310345,1,2,car,0.8979867696762085,1523,402,1846,550,323,148
909,31.310345,54,0,person,0.8465020060539246,260,462,307,618,47,156
909,31.310345,2,2,car,0.843937337398529,847,492,1123,664,276,172
909,31.310345,26,0,person,0.8319196701049805,444,561,514,740,70,179
909,31.310345,34,0,person,0.8294050097465515,0,674,60,865,60,191
909,31.310345,3,2,car,0.799064040184021,1716,390,1918,528,202,138
909,31.310345,15,0,person,0.7919079661369324,304,498,356,646,52,148
910,31.344828,1,2,car,0.89495849609375,1524,402,1847,550,323,148
910,31.344828,26,0,person,0.8327011466026306,441,561,514,738,73,177
910,31.344828,2,2,car,0.8318051695823669,847,492,1123,664,276,172
910,31.344828,34,0,person,0.8303372263908386,0,673,60,865,60,192
910,31.344828,54,0,person,0.8264099359512329,255,463,305,616,50,153
910,31.344828,15,0,person,0.8044378757476807,301,498,355,646,54,148
910,31.344828,3,2,car,0.7987422943115234,1717,389,1918,528,201,139
911,31.37931,1,2,car,0.8943843841552734,1524,402,1846,550,322,148
911,31.37931,34,0,person,0.8592836260795593,0,674,62,862,62,188
911,31.37931,26,0,person,0.8324368000030518,440,562,511,737,71,175
911,31.37931,2,2,car,0.8307964205741882,846,492,1123,664,277,172
911,31.37931,54,0,person,0.820202648639679,253,462,306,617,53,155
911,31.37931,15,0,person,0.8106103539466858,298,498,354,646,56,148
911,31.37931,3,2,car,0.8004741668701172,1716,389,1918,528,202,139
912,31.413793,1,2,car,0.8933834433555603,1523,402,1846,550,323,148
912,31.413793,34,0,person,0.8525243997573853,0,675,62,861,62,186
912,31.413793,26,0,person,0.8370503187179565,437,563,510,738,73,175
912,31.413793,2,2,car,0.8262596726417542,846,492,1123,664,277,172
912,31.413793,3,2,car,0.8017549514770508,1716,390,1918,528,202,138
912,31.413793,15,0,person,0.800796389579773,292,500,354,645,62,145
912,31.413793,54,0,person,0.7855957746505737,247,461,305,618,58,157
913,31.448276,1,2,car,0.8936631083488464,1523,402,1846,550,323,148
913,31.448276,26,0,person,0.8550007939338684,434,565,510,737,76,172
913,31.448276,34,0,person,0.8460044860839844,0,675,62,861,62,186
913,31.448276,2,2,car,0.8207352161407471,846,492,1123,664,277,172
913,31.448276,15,0,person,0.803108811378479,283,499,354,645,71,146
913,31.448276,3,2,car,0.8002888560295105,1717,390,1918,529,201,139
913,31.448276,54,0,person,0.7934821844100952,241,460,304,617,63,157
914,31.482759,1,2,car,0.8939175605773926,1523,402,1846,550,323,148
914,31.482759,26,0,person,0.8661428093910217,433,564,510,737,77,173
914,31.482759,2,2,car,0.8289205431938171,846,492,1123,664,277,172
914,31.482759,34,0,person,0.8245706558227539,0,698,62,861,62,163
914,31.482759,15,0,person,0.8188075423240662,283,499,353,646,70,147
914,31.482759,54,0,person,0.8096206188201904,236,462,303,617,67,155
914,31.482759,3,2,car,0.8032143115997314,1717,390,1918,528,201,138
915,31.517241,1,2,car,0.891172468662262,1522,402,1846,550,324,148
915,31.517241,26,0,person,0.873227059841156,431,566,511,738,80,172
915,31.517241,2,2,car,0.8200980424880981,846,491,1123,664,277,173
915,31.517241,15,0,person,0.8137747049331665,284,501,353,647,69,146
915,31.517241,3,2,car,0.8058769702911377,1718,390,1918,528,200,138
915,31.517241,54,0,person,0.8043709993362427,236,463,302,618,66,155
915,31.517241,34,0,person,0.8010390996932983,0,700,62,861,62,161
916,31.551724,1,2,car,0.8928859233856201,1522,402,1846,550,324,148
916,31.551724,26,0,person,0.8787440061569214,426,566,510,740,84,174
916,31.551724,2,2,car,0.8306940793991089,846,492,1123,664,277,172
916,31.551724,3,2,car,0.8083845376968384,1716,390,1918,528,202,138
916,31.551724,15,0,person,0.8022502660751343,283,499,350,647,67,148
916,31.551724,54,0,person,0.8004234433174133,234,463,298,618,64,155
916,31.551724,34,0,person,0.716399610042572,0,713,61,862,61,149
917,31.586207,1,2,car,0.8911572694778442,1523,402,1846,550,323,148
917,31.586207,26,0,person,0.8839036226272583,426,565,509,741,83,176
917,31.586207,2,2,car,0.8306575417518616,846,492,1123,664,277,172
917,31.586207,54,0,person,0.8128113150596619,232,463,294,621,62,158
917,31.586207,3,2,car,0.7983461618423462,1717,390,1918,528,201,138
917,31.586207,15,0,person,0.7982932329177856,281,499,345,646,64,147
917,31.586207,34,0,person,0.6844511032104492,0,755,51,861,51,106
918,31.62069,1,2,car,0.89241623878479,1523,402,1846,550,323,148
918,31.62069,26,0,person,0.873417854309082,425,563,508,741,83,178
918,31.62069,2,2,car,0.8263487219810486,846,492,1123,664,277,172
918,31.62069,54,0,person,0.8195282816886902,231,462,293,621,62,159
918,31.62069,3,2,car,0.8017802238464355,1716,390,1918,528,202,138
918,31.62069,15,0,person,0.8001728653907776,280,500,338,645,58,145
919,31.655172,1,2,car,0.8921820521354675,1523,402,1846,550,323,148
919,31.655172,26,0,person,0.8582820892333984,425,563,505,740,80,177
919,31.655172,2,2,car,0.8253580927848816,845,492,1123,664,278,172
919,31.655172,54,0,person,0.8149610161781311,230,460,291,620,61,160
919,31.655172,15,0,person,0.8061144948005676,277,498,335,646,58,148
919,31.655172,3,2,car,0.8003528714179993,1717,390,1918,528,201,138
920,31.689655,1,2,car,0.8845255970954895,1522,402,1846,550,324,148
920,31.689655,26,0,person,0.8448390364646912,425,564,500,740,75,176
920,31.689655,2,2,car,0.822717010974884,845,491,1123,664,278,173
920,31.689655,3,2,car,0.795671284198761,1717,390,1918,528,201,138
920,31.689655,54,0,person,0.7810153365135193,230,459,289,619,59,160
920,31.689655,15,0,person,0.7675355672836304,274,498,327,644,53,146
921,31.724138,1,2,car,0.8904109597206116,1522,402,1846,550,324,148
921,31.724138,26,0,person,0.8358414769172668,425,564,497,739,72,175
921,31.724138,2,2,car,0.828559160232544,845,491,1123,664,278,173
921,31.724138,3,2,car,0.7977796792984009,1719,390,1918,528,199,138
921,31.724138,54,0,person,0.7582949995994568,229,461,276,619,47,158
921,31.724138,15,0,person,0.7578343152999878,272,496,322,643,50,147
922,31.758621,1,2,car,0.8934142589569092,1522,402,1846,550,324,148
922,31.758621,26,0,person,0.84309983253479,426,564,492,739,66,175
922,31.758621,2,2,car,0.8280966877937317,845,491,1123,664,278,173
922,31.758621,3,2,car,0.8015292286872864,1719,390,1918,528,199,138
922,31.758621,54,0,person,0.7604835629463196,226,461,275,619,49,158
922,31.758621,15,0,person,0.743737518787384,272,495,316,644,44,149
923,31.793103,1,2,car,0.8937398195266724,1522,402,1846,550,324,148
923,31.793103,2,2,car,0.8287954330444336,845,491,1123,664,278,173
923,31.793103,26,0,person,0.8162619471549988,426,565,486,739,60,174
923,31.793103,3,2,car,0.8027368187904358,1719,390,1918,528,199,138
923,31.793103,54,0,person,0.7838922142982483,224,461,270,619,46,158
923,31.793103,15,0,person,0.7555015683174133,270,495,313,646,43,151
924,31.827586,1,2,car,0.8935713171958923,1522,402,1846,550,324,148
924,31.827586,2,2,car,0.8253509402275085,845,491,1123,664,278,173
924,31.827586,3,2,car,0.8040201663970947,1719,390,1918,528,199,138
924,31.827586,26,0,person,0.7818079590797424,426,563,472,739,46,176
924,31.827586,54,0,person,0.7798146605491638,224,461,270,618,46,157
924,31.827586,15,0,person,0.7781679630279541,266,495,311,646,45,151
925,31.862069,1,2,car,0.8937512636184692,1522,402,1846,550,324,148
925,31.862069,2,2,car,0.8238951563835144,845,491,1123,664,278,173
925,31.862069,3,2,car,0.8071231245994568,1719,390,1918,528,199,138
925,31.862069,26,0,person,0.7962543964385986,423,562,470,739,47,177
925,31.862069,15,0,person,0.7906022667884827,263,496,309,647,46,151
925,31.862069,54,0,person,0.7886521816253662,220,459,270,618,50,159
926,31.896552,1,2,car,0.8882670402526855,1522,402,1846,550,324,148
926,31.896552,2,2,car,0.8286953568458557,845,490,1122,663,277,173
926,31.896552,26,0,person,0.8227879405021667,420,563,467,739,47,176
926,31.896552,3,2,car,0.8080123662948608,1718,389,1918,528,200,139
926,31.896552,54,0,person,0.7896632552146912,218,458,268,617,50,159
926,31.896552,15,0,person,0.7874531745910645,260,496,307,647,47,151
927,31.931034,1,2,car,0.8901887536048889,1521,401,1845,550,324,149
927,31.931034,2,2,car,0.829827070236206,845,489,1122,663,277,174
927,31.931034,26,0,person,0.8138675093650818,416,564,464,740,48,176
927,31.931034,3,2,car,0.8104246854782104,1714,389,1918,528,204,139
927,31.931034,54,0,person,0.8064108490943909,216,458,263,617,47,159
927,31.931034,15,0,person,0.7856143712997437,255,496,306,645,51,149
928,31.965517,1,2,car,0.893149733543396,1522,401,1845,550,323,149
928,31.965517,2,2,car,0.8154109716415405,845,489,1122,663,277,174
928,31.965517,54,0,person,0.8142690062522888,214,458,260,619,46,161
928,31.965517,3,2,car,0.8142215013504028,1714,389,1918,527,204,138
928,31.965517,15,0,person,0.8054053783416748,248,496,307,645,59,149
928,31.965517,26,0,person,0.8042777180671692,414,563,461,740,47,177
929,32.0,1,2,car,0.8921257257461548,1522,400,1845,550,323,150
929,32.0,15,0,person,0.8130475878715515,242,497,307,644,65,147
929,32.0,2,2,car,0.8114073276519775,845,489,1122,663,277,174
929,32.0,54,0,person,0.8022894263267517,211,457,256,620,45,163
929,32.0,3,2,car,0.7979323267936707,1710,388,1918,526,208,138
929,32.0,26,0,person,0.7929734587669373,410,564,459,740,49,176
930,32.034483,1,2,car,0.8935591578483582,1522,399,1846,549,324,150
930,32.034483,15,0,person,0.8193146586418152,241,497,306,644,65,147
930,32.034483,2,2,car,0.8183390498161316,845,489,1122,662,277,173
930,32.034483,54,0,person,0.8091387152671814,207,457,255,619,48,162
930,32.034483,3,2,car,0.7988547682762146,1714,388,1918,526,204,138
930,32.034483,26,0,person,0.79567551612854,402,563,458,740,56,177
931,32.068966,1,2,car,0.8904385566711426,1522,399,1846,549,324,150
931,32.068966,26,0,person,0.8281441330909729,392,564,458,740,66,176
931,32.068966,54,0,person,0.8229820132255554,202,457,256,617,54,160
931,32.068966,15,0,person,0.8220284581184387,241,495,306,643,65,148
931,32.068966,2,2,car,0.8160686492919922,846,489,1122,662,276,173
931,32.068966,3,2,car,0.7939708232879639,1715,388,1918,526,203,138
932,32.103448,1,2,car,0.8924182057380676,1522,399,1846,549,324,150
932,32.103448,26,0,person,0.8426883816719055,383,565,459,740,76,175
932,32.103448,2,2,car,0.8278316855430603,846,489,1122,662,276,173
932,32.103448,15,0,person,0.8251647353172302,239,497,306,643,67,146
932,32.103448,54,0,person,0.8095517754554749,194,458,255,618,61,160
932,32.103448,3,2,car,0.7890461087226868,1712,388,1918,526,206,138
933,32.137931,1,2,car,0.891722559928894,1522,399,1845,549,323,150
933,32.137931,26,0,person,0.8797008395195007,374,566,459,740,85,174
933,32.137931,2,2,car,0.8267463445663452,845,489,1122,662,277,173
933,32.137931,54,0,person,0.8203890919685364,187,458,252,616,65,158
933,32.137931,15,0,person,0.8174682259559631,237,498,305,644,68,146
933,32.137931,3,2,car,0.7910581231117249,1711,388,1918,526,207,138
934,32.172414,26,0,person,0.8942722082138062,372,566,459,739,87,173
934,32.172414,1,2,car,0.8903444409370422,1522,399,1846,549,324,150
934,32.172414,54,0,person,0.8265947699546814,182,458,252,617,70,159
934,32.172414,2,2,car,0.8161467909812927,845,489,1122,662,277,173
934,32.172414,15,0,person,0.812156081199646,234,498,303,643,69,145
934,32.172414,3,2,car,0.7905140519142151,1712,388,1918,526,206,138
935,32.206897,26,0,person,0.903560996055603,371,564,459,739,88,175
935,32.206897,1,2,car,0.8907628655433655,1522,399,1846,549,324,150
935,32.206897,2,2,car,0.832185685634613,845,489,1122,662,277,173
935,32.206897,54,0,person,0.824110209941864,179,460,249,619,70,159
935,32.206897,15,0,person,0.8094497919082642,231,498,303,643,72,145
935,32.206897,3,2,car,0.7984014749526978,1714,388,1918,526,204,138
936,32.241379,26,0,person,0.8955507874488831,370,565,459,739,89,174
936,32.241379,1,2,car,0.8917476534843445,1522,399,1846,549,324,150
936,32.241379,54,0,person,0.8240053057670593,176,460,244,618,68,158
936,32.241379,2,2,car,0.8159669041633606,846,489,1122,662,276,173
936,32.241379,3,2,car,0.7956820130348206,1714,388,1918,526,204,138
936,32.241379,15,0,person,0.7949540615081787,227,498,297,643,70,145
937,32.275862,26,0,person,0.8950513005256653,369,566,459,740,90,174
937,32.275862,1,2,car,0.8888591527938843,1522,399,1846,549,324,150
937,32.275862,54,0,person,0.8220539689064026,176,460,241,618,65,158
937,32.275862,2,2,car,0.812719464302063,846,489,1122,662,276,173
937,32.275862,15,0,person,0.8090574741363525,226,497,293,643,67,146
937,32.275862,3,2,car,0.7952061891555786,1713,388,1918,526,205,138
938,32.310345,26,0,person,0.8886906504631042,368,567,459,740,91,173
938,32.310345,1,2,car,0.8881759643554688,1522,399,1846,548,324,149
938,32.310345,54,0,person,0.8305008411407471,175,460,241,618,66,158
938,32.310345,2,2,car,0.8119720220565796,846,489,1123,663,277,174
938,32.310345,3,2,car,0.802352786064148,1712,387,1918,526,206,139
938,32.310345,15,0,person,0.7877568006515503,226,497,289,642,63,145
939,32.344828,26,0,person,0.892992377281189,368,566,458,740,90,174
939,32.344828,1,2,car,0.8836004734039307,1522,399,1846,548,324,149
939,32.344828,54,0,person,0.8343188762664795,175,459,241,619,66,160
939,32.344828,2,2,car,0.8175564408302307,845,489,1122,663,277,174
939,32.344828,3,2,car,0.80059415102005,1711,387,1918,526,207,139
939,32.344828,15,0,person,0.7661839723587036,223,498,283,642,60,144
940,32.37931,1,2,car,0.8882293701171875,1522,399,1846,548,324,149
940,32.37931,26,0,person,0.88798588514328,369,566,458,740,89,174
940,32.37931,2,2,car,0.8126437067985535,846,489,1123,662,277,173
940,32.37931,3,2,car,0.8070275783538818,1714,387,1918,526,204,139
940,32.37931,54,0,person,0.7997331619262695,175,459,243,621,68,162
940,32.37931,15,0,person,0.7376547455787659,224,496,276,642,52,146
941,32.413793,1,2,car,0.8900125026702881,1522,399,1846,549,324,150
941,32.413793,26,0,person,0.8759222030639648,368,567,455,741,87,174
941,32.413793,2,2,car,0.8207681775093079,846,489,1123,662,277,173
941,32.413793,3,2,car,0.8005277514457703,1713,387,1918,526,205,139
941,32.413793,54,0,person,0.7881602644920349,175,459,239,620,64,161
941,32.413793,15,0,person,0.7542493343353271,221,493,266,641,45,148
942,32.448276,1,2,car,0.8885523676872253,1522,399,1846,549,324,150
942,32.448276,26,0,person,0.8671391010284424,368,566,454,741,86,175
942,32.448276,2,2,car,0.8221507668495178,846,489,1123,662,277,173
942,32.448276,3,2,car,0.8043838739395142,1714,387,1918,526,204,139
942,32.448276,15,0,person,0.7914408445358276,218,496,263,642,45,146
942,32.448276,54,0,person,0.7844440937042236,175,461,237,619,62,158
943,32.482759,1,2,car,0.894930362701416,1523,399,1846,549,323,150
943,32.482759,26,0,person,0.8596093654632568,367,564,447,739,80,175
943,32.482759,2,2,car,0.834109902381897,846,489,1123,662,277,173
943,32.482759,3,2,car,0.8072987794876099,1714,387,1918,526,204,139
943,32.482759,15,0,person,0.7877537608146667,215,496,260,642,45,146
943,32.482759,54,0,person,0.7629345059394836,175,460,221,616,46,156
944,32.517241,1,2,car,0.8910272121429443,1522,399,1846,549,324,150
944,32.517241,26,0,person,0.8589953184127808,368,564,442,740,74,176
944,32.517241,2,2,car,0.8369770050048828,846,489,1122,662,276,173
944,32.517241,3,2,car,0.7909908890724182,1712,388,1918,527,206,139
944,32.517241,15,0,person,0.7883695960044861,212,496,258,643,46,147
944,32.517241,54,0,person,0.7679266333580017,171,460,217,620,46,160
945,32.551724,1,2,car,0.8926359415054321,1522,399,1846,549,324,150
945,32.551724,26,0,person,0.8402817249298096,368,564,438,739,70,175
945,32.551724,2,2,car,0.8357757925987244,846,489,1123,662,277,173
945,32.551724,3,2,car,0.7934328317642212,1712,388,1918,527,206,139
945,32.551724,54,0,person,0.7813620567321777,171,459,219,618,48,159
945,32.551724,15,0,person,0.7740917801856995,210,495,259,643,49,148
946,32.586207,1,2,car,0.8924131989479065,1523,399,1846,549,323,150
946,32.586207,2,2,car,0.8339327573776245,846,489,1123,662,277,173
946,32.586207,15,0,person,0.8206695318222046,201,497,259,644,58,147
946,32.586207,26,0,person,0.8136458992958069,366,563,430,739,64,176
946,32.586207,3,2,car,0.7921282649040222,1712,388,1918,527,206,139
946,32.586207,54,0,person,0.7858769297599792,169,459,213,618,44,159
947,32.62069,1,2,car,0.8957203030586243,1522,400,1846,549,324,149
947,32.62069,2,2,car,0.8304389715194702,846,489,1123,662,277,173
947,32.62069,15,0,person,0.8220542073249817,196,498,257,644,61,146
947,32.62069,26,0,person,0.8156417012214661,364,564,423,738,59,174
947,32.62069,54,0,person,0.7908130288124084,164,459,210,619,46,160
947,32.62069,3,2,car,0.7858492732048035,1725,390,1919,526,194,136
948,32.655172,1,2,car,0.896217942237854,1523,400,1846,549,323,149
948,32.655172,2,2,car,0.8325397372245789,846,489,1123,662,277,173
948,32.655172,15,0,person,0.8192276954650879,192,498,258,644,66,146
948,32.655172,26,0,person,0.8048169016838074,363,563,415,738,52,175
948,32.655172,3,2,car,0.787686824798584,1725,390,1919,526,194,136
948,32.655172,54,0,person,0.7811354994773865,162,459,207,618,45,159
949,32.689655,1,2,car,0.8957776427268982,1523,400,1846,549,323,149
949,32.689655,2,2,car,0.8278067708015442,846,489,1123,662,277,173
949,32.689655,15,0,person,0.8225845098495483,190,497,257,644,67,147
949,32.689655,54,0,person,0.8145200610160828,158,459,205,619,47,160
949,32.689655,26,0,person,0.7962398529052734,358,564,406,741,48,177
949,32.689655,3,2,car,0.7867668271064758,1726,390,1919,527,193,137
950,32.724138,1,2,car,0.8980008959770203,1523,400,1846,549,323,149
950,32.724138,2,2,car,0.8297978043556213,846,489,1123,662,277,173
950,32.724138,15,0,person,0.8165096640586853,188,498,257,644,69,146
950,32.724138,26,0,person,0.7966189384460449,351,564,400,744,49,180
950,32.724138,54,0,person,0.7926917672157288,155,459,203,618,48,159
950,32.724138,3,2,car,0.7898914813995361,1725,390,1919,526,194,136
951,32.758621,1,2,car,0.8982476592063904,1522,400,1846,549,324,149
951,32.758621,2,2,car,0.8370677828788757,846,489,1123,662,277,173
951,32.758621,26,0,person,0.8208155632019043,344,564,399,745,55,181
951,32.758621,15,0,person,0.8039063811302185,185,498,256,645,71,147
951,32.758621,3,2,car,0.7953196167945862,1713,388,1918,527,205,139
951,32.758621,54,0,person,0.7641904354095459,149,460,203,617,54,157
952,32.793103,1,2,car,0.8985177278518677,1523,400,1846,549,323,149
952,32.793103,26,0,person,0.8335592150688171,338,563,399,744,61,181
952,32.793103,2,2,car,0.833484411239624,846,489,1123,662,277,173
952,32.793103,15,0,person,0.8106266856193542,186,498,252,644,66,146
952,32.793103,3,2,car,0.7923564314842224,1713,388,1918,527,205,139
952,32.793103,54,0,person,0.7611159682273865,147,460,201,616,54,156
953,32.827586,1,2,car,0.8960894346237183,1522,400,1846,549,324,149
953,32.827586,26,0,person,0.8441764116287231,332,563,399,743,67,180
953,32.827586,2,2,car,0.8401225209236145,846,489,1123,662,277,173
953,32.827586,3,2,car,0.7952916026115417,1710,388,1918,526,208,138
953,32.827586,15,0,person,0.7948523759841919,184,497,249,644,65,147
953,32.827586,54,0,person,0.7886572480201721,141,461,198,614,57,153
954,32.862069,1,2,car,0.8975358605384827,1522,399,1846,549,324,150
954,32.862069,26,0,person,0.8587226867675781,320,564,399,741,79,177
954,32.862069,2,2,car,0.8318146467208862,846,489,1123,662,277,173
954,32.862069,54,0,person,0.8107370734214783,138,461,196,614,58,153
954,32.862069,3,2,car,0.7923798561096191,1711,388,1918,526,207,138
954,32.862069,15,0,person,0.7775130867958069,183,495,245,644,62,149
955,32.896552,1,2,car,0.896776020526886,1523,399,1846,549,323,150
955,32.896552,26,0,person,0.8598834276199341,315,564,399,740,84,176
955,32.896552,2,2,car,0.8362447619438171,845,489,1123,662,278,173
955,32.896552,54,0,person,0.8344600796699524,136,461,195,613,59,152
955,32.896552,15,0,person,0.7915776371955872,183,495,241,645,58,150
955,32.896552,3,2,car,0.7906864881515503,1712,388,1918,526,206,138
956,32.931034,1,2,car,0.8961766958236694,1522,400,1846,549,324,149
956,32.931034,26,0,person,0.8656272888183594,313,566,399,739,86,173
956,32.931034,2,2,car,0.8317791819572449,845,489,1122,662,277,173
956,32.931034,54,0,person,0.8210204243659973,135,462,194,613,59,151
956,32.931034,3,2,car,0.7928746938705444,1710,389,1918,526,208,137
956,32.931034,15,0,person,0.7763099670410156,179,498,235,643,56,145
957,32.965517,1,2,car,0.8965012431144714,1522,400,1846,549,324,149
957,32.965517,26,0,person,0.8732998967170715,311,566,399,740,88,174
957,32.965517,2,2,car,0.8346457481384277,845,489,1122,662,277,173
957,32.965517,54,0,person,0.8122093081474304,134,461,192,613,58,152
957,32.965517,3,2,car,0.7911704778671265,1724,390,1919,526,195,136
957,32.965517,15,0,person,0.7622765302658081,178,498,231,643,53,145
958,33.0,1,2,car,0.8915431499481201,1522,399,1846,550,324,151
958,33.0,26,0,person,0.8738797903060913,307,567,399,740,92,173
958,33.0,2,2,car,0.8295750617980957,845,489,1122,662,277,173
958,33.0,54,0,person,0.811772346496582,135,457,190,615,55,158
958,33.0,3,2,car,0.8031579256057739,1715,387,1918,526,203,139
958,33.0,15,0,person,0.7600328326225281,175,493,226,643,51,150
959,33.034483,1,2,car,0.8917429447174072,1522,399,1846,549,324,150
959,33.034483,26,0,person,0.8790808320045471,305,567,398,740,93,173
959,33.034483,2,2,car,0.8329691886901855,845,489,1122,662,277,173
959,33.034483,3,2,car,0.8064020872116089,1713,387,1918,526,205,139
959,33.034483,15,0,person,0.7651655673980713,173,494,220,640,47,146
959,33.034483,54,0,person,0.7625246047973633,135,457,187,614,52,157
960,33.068966,1,2,car,0.8906528949737549,1522,399,1846,549,324,150
960,33.068966,26,0,person,0.8890907168388367,305,567,399,741,94,174
960,33.068966,2,2,car,0.830463171005249,845,489,1122,662,277,173
960,33.068966,3,2,car,0.8073700666427612,1713,387,1918,526,205,139
960,33.068966,15,0,person,0.8068055510520935,170,494,215,644,45,150
960,33.068966,54,0,person,0.7635416388511658,134,458,181,613,47,155
961,33.103448,1,2,car,0.8918502330780029,1522,399,1846,549,324,150
961,33.103448,26,0,person,0.8863922357559204,306,565,397,741,91,176
961,33.103448,2,2,car,0.8358445167541504,845,489,1122,662,277,173
961,33.103448,3,2,car,0.8115666508674622,1713,387,1918,526,205,139
961,33.103448,15,0,person,0.8085542321205139,168,493,212,646,44,153
961,33.103448,54,0,person,0.7690285444259644,132,457,175,612,43,155
962,33.137931,1,2,car,0.8908481001853943,1522,399,1846,549,324,150
962,33.137931,26,0,person,0.8816346526145935,306,567,394,741,88,174
962,33.137931,2,2,car,0.8336000442504883,845,489,1122,662,277,173
962,33.137931,15,0,person,0.8195790648460388,167,494,212,647,45,153
962,33.137931,3,2,car,0.8108705878257751,1713,387,1918,526,205,139
962,33.137931,54,0,person,0.7861252427101135,132,457,174,613,42,156
963,33.172414,1,2,car,0.8911866545677185,1522,399,1846,549,324,150
963,33.172414,26,0,person,0.8776489496231079,305,567,390,741,85,174
963,33.172414,2,2,car,0.8336219787597656,845,489,1122,662,277,173
963,33.172414,3,2,car,0.8133554458618164,1713,387,1918,526,205,139
963,33.172414,15,0,person,0.7919512391090393,162,494,212,645,50,151
963,33.172414,54,0,person,0.7726303935050964,131,457,173,612,42,155
964,33.206897,1,2,car,0.890272319316864,1522,399,1846,549,324,150
964,33.206897,26,0,person,0.8448591232299805,306,567,385,740,79,173
964,33.206897,2,2,car,0.8335991501808167,845,489,1122,662,277,173
964,33.206897,3,2,car,0.8155497908592224,1713,387,1918,526,205,139
964,33.206897,15,0,person,0.8054367899894714,153,493,210,644,57,151
964,33.206897,54,0,person,0.7658593654632568,129,456,171,611,42,155
965,33.241379,1,2,car,0.888062596321106,1522,399,1846,549,324,150
965,33.241379,26,0,person,0.8337424397468567,306,567,380,740,74,173
965,33.241379,2,2,car,0.8327154517173767,845,489,1122,662,277,173
965,33.241379,15,0,person,0.8272803425788879,145,494,210,644,65,150
965,33.241379,3,2,car,0.8161314725875854,1712,387,1918,526,206,139
965,33.241379,54,0,person,0.7598488330841064,128,457,169,611,41,154
966,33.275862,1,2,car,0.8916673064231873,1522,399,1845,548,323,149
966,33.275862,26,0,person,0.8288750052452087,306,567,374,740,68,173
966,33.275862,15,0,person,0.8272780776023865,143,496,210,643,67,147
966,33.275862,2,2,car,0.8227472305297852,845,489,1122,662,277,173
966,33.275862,3,2,car,0.8187702298164368,1711,387,1918,525,207,138
966,33.275862,54,0,person,0.7786892056465149,126,456,163,611,37,155
967,33.310345,1,2,car,0.890879213809967,1522,399,1846,548,324,149
967,33.310345,2,2,car,0.829036295413971,845,489,1122,662,277,173
967,33.310345,3,2,car,0.8280088305473328,1715,385,1919,526,204,141
967,33.310345,15,0,person,0.8279486894607544,142,498,211,642,69,144
967,33.310345,26,0,person,0.7870105504989624,305,566,367,740,62,174
967,33.310345,54,0,person,0.7513008117675781,120,456,162,611,42,155
968,33.344828,1,2,car,0.8931429982185364,1522,399,1845,548,323,149
968,33.344828,2,2,car,0.8344318270683289,845,489,1122,662,277,173
968,33.344828,3,2,car,0.8340216279029846,1714,385,1919,526,205,141
968,33.344828,15,0,person,0.8238208889961243,139,497,211,643,72,146
968,33.344828,26,0,person,0.7478229999542236,304,566,353,741,49,175
968,33.344828,54,0,person,0.7284260392189026,118,458,160,612,42,154
969,33.37931,1,2,car,0.893109917640686,1522,399,1845,548,323,149
969,33.37931,2,2,car,0.8343461751937866,845,489,1122,662,277,173
969,33.37931,3,2,car,0.8322830200195312,1714,386,1919,526,205,140
969,33.37931,15,0,person,0.819689154624939,138,496,211,645,73,149
969,33.37931,26,0,person,0.7926384210586548,303,565,351,740,48,175
969,33.37931,54,0,person,0.7812249660491943,110,458,160,616,50,158
970,33.413793,1,2,car,0.8937729597091675,1522,399,1846,547,324,148
970,33.413793,3,2,car,0.8368741273880005,1714,386,1919,526,205,140
970,33.413793,2,2,car,0.830909252166748,845,489,1122,662,277,173
970,33.413793,15,0,person,0.8252446055412292,138,497,209,644,71,147
970,33.413793,26,0,person,0.8099075555801392,300,564,344,740,44,176
970,33.413793,54,0,person,0.7991315722465515,103,458,157,616,54,158
971,33.448276,1,2,car,0.8920242190361023,1522,399,1845,548,323,149
971,33.448276,2,2,car,0.8376280069351196,845,489,1122,662,277,173
971,33.448276,3,2,car,0.8350927233695984,1713,385,1919,526,206,141
971,33.448276,15,0,person,0.821141242980957,136,498,209,644,73,146
971,33.448276,26,0,person,0.8066361546516418,297,563,342,740,45,177
971,33.448276,54,0,person,0.7948112487792969,99,458,158,616,59,158
972,33.482759,1,2,car,0.89150071144104,1522,399,1846,548,324,149
972,33.482759,3,2,car,0.8359160423278809,1713,385,1919,526,206,141
972,33.482759,2,2,car,0.834955632686615,845,489,1122,662,277,173
972,33.482759,15,0,person,0.8061416745185852,132,500,206,644,74,144
972,33.482759,26,0,person,0.8028609156608582,293,563,341,740,48,177
972,33.482759,54,0,person,0.7986170649528503,95,459,158,617,63,158
973,33.517241,1,2,car,0.8909052610397339,1522,399,1845,548,323,149
973,33.517241,26,0,person,0.8307238817214966,281,564,341,740,60,176
973,33.517241,3,2,car,0.8289914131164551,1713,385,1919,526,206,141
973,33.517241,2,2,car,0.8261979222297668,845,489,1122,662,277,173
973,33.517241,54,0,person,0.8019438982009888,92,457,154,616,62,159
973,33.517241,15,0,person,0.7916668653488159,131,499,204,644,73,145
974,33.551724,1,2,car,0.8888502717018127,1522,399,1846,547,324,148
974,33.551724,26,0,person,0.8443180322647095,273,563,340,741,67,178
974,33.551724,3,2,car,0.8320332169532776,1712,385,1919,526,207,141
974,33.551724,2,2,car,0.8265911340713501,845,489,1122,662,277,173
974,33.551724,54,0,person,0.7900355458259583,86,457,149,615,63,158
974,33.551724,15,0,person,0.7893592715263367,131,498,194,643,63,145
975,33.586207,1,2,car,0.8906313180923462,1522,399,1846,547,324,148
975,33.586207,26,0,person,0.8697110414505005,265,565,340,741,75,176
975,33.586207,3,2,car,0.8353933095932007,1712,385,1919,526,207,141
975,33.586207,2,2,car,0.8300278782844543,845,489,1122,662,277,173
975,33.586207,54,0,person,0.779056191444397,84,458,146,615,62,157
975,33.586207,15,0,person,0.7775280475616455,130,499,191,643,61,144
976,33.62069,26,0,person,0.895744800567627,259,566,341,741,82,175
976,33.62069,1,2,car,0.8942345976829529,1522,399,1846,548,324,149
976,33.62069,2,2,car,0.8326916098594666,845,489,1123,662,278,173
976,33.62069,3,2,car,0.832005500793457,1714,386,1919,526,205,140
976,33.62069,54,0,person,0.7738668918609619,83,460,144,616,61,156
976,33.62069,15,0,person,0.7599929571151733,130,498,186,643,56,145
977,33.655172,26,0,person,0.9043373465538025,256,567,340,741,84,174
977,33.655172,1,2,car,0.8879060745239258,1522,399,1845,548,323,149
977,33.655172,2,2,car,0.8322574496269226,845,489,1122,662,277,173
977,33.655172,3,2,car,0.8179290890693665,1715,386,1919,526,204,140
977,33.655172,54,0,person,0.7763705849647522,80,460,142,617,62,157
977,33.655172,15,0,person,0.7536552548408508,127,497,180,642,53,145
978,33.689655,26,0,person,0.9039376974105835,252,566,340,741,88,175
978,33.689655,1,2,car,0.8877910375595093,1522,399,1845,548,323,149
978,33.689655,2,2,car,0.8330768942832947,845,489,1122,662,277,173
978,33.689655,3,2,car,0.8136491775512695,1716,386,1919,526,203,140
978,33.689655,54,0,person,0.783379316329956,80,461,139,618,59,157
978,33.689655,15,0,person,0.7711372375488281,128,497,175,641,47,144
979,33.724138,26,0,person,0.8974416851997375,251,566,341,741,90,175
979,33.724138,1,2,car,0.8912455439567566,1522,399,1846,548,324,149
979,33.724138,2,2,car,0.840238630771637,845,489,1122,662,277,173
979,33.724138,3,2,car,0.8095366358757019,1715,387,1918,526,203,139
979,33.724138,15,0,person,0.797757089138031,123,495,169,642,46,147
979,33.724138,54,0,person,0.793235182762146,79,461,138,617,59,156
980,33.758621,26,0,person,0.894134521484375,252,565,340,741,88,176
980,33.758621,1,2,car,0.8871302604675293,1522,399,1845,549,323,150
980,33.758621,2,2,car,0.8497933745384216,845,489,1122,662,277,173
980,33.758621,3,2,car,0.8144158720970154,1713,387,1918,526,205,139
980,33.758621,15,0,person,0.8022404313087463,119,495,165,641,46,146
980,33.758621,54,0,person,0.7708123922348022,79,460,137,617,58,157
981,33.793103,1,2,car,0.8899449706077576,1522,399,1846,548,324,149
981,33.793103,26,0,person,0.8854294419288635,254,566,341,740,87,174
981,33.793103,2,2,car,0.8311150670051575,845,489,1122,662,277,173
981,33.793103,3,2,car,0.8155267834663391,1714,387,1918,526,204,139
981,33.793103,15,0,person,0.7868548035621643,117,495,164,642,47,147
981,33.793103,54,0,person,0.7706990838050842,79,460,136,617,57,157
982,33.827586,1,2,car,0.890570342540741,1522,399,1846,548,324,149
982,33.827586,26,0,person,0.8862277269363403,254,566,339,740,85,174
982,33.827586,2,2,car,0.8364105224609375,845,489,1122,662,277,173
982,33.827586,3,2,car,0.8180944323539734,1712,387,1918,525,206,138
982,33.827586,15,0,person,0.7829549908638,112,493,162,640,50,147
982,33.827586,54,0,person,0.7560338973999023,78,461,130,618,52,157
983,33.862069,1,2,car,0.8899270296096802,1522,399,1846,548,324,149
983,33.862069,26,0,person,0.8759729862213135,253,565,336,741,83,176
983,33.862069,2,2,car,0.836773157119751,845,489,1122,662,277,173
983,33.862069,3,2,car,0.8196837902069092,1714,386,1919,526,205,140
983,33.862069,15,0,person,0.789402425289154,108,493,162,641,54,148
983,33.862069,54,0,person,0.7228702902793884,79,460,127,618,48,158
984,33.896552,1,2,car,0.8909839987754822,1522,399,1846,549,324,150
984,33.896552,26,0,person,0.8583384156227112,252,565,334,740,82,175
984,33.896552,2,2,car,0.8422322273254395,845,489,1122,662,277,173
984,33.896552,3,2,car,0.8129507303237915,1714,387,1918,526,204,139
984,33.896552,15,0,person,0.798035204410553,101,494,162,641,61,147
984,33.896552,54,0,person,0.7486535906791687,79,459,120,618,41,159
985,33.931034,1,2,car,0.8917774558067322,1522,399,1846,548,324,149
985,33.931034,26,0,person,0.8634743690490723,253,564,325,740,72,176
985,33.931034,2,2,car,0.8453041315078735,845,489,1122,662,277,173
985,33.931034,3,2,car,0.8173673152923584,1715,386,1919,526,204,140
985,33.931034,15,0,person,0.8081154227256775,99,496,161,640,62,144
985,33.931034,54,0,person,0.7679532170295715,79,458,115,616,36,158
986,33.965517,1,2,car,0.8904818296432495,1522,399,1846,548,324,149
986,33.965517,26,0,person,0.8436460494995117,252,563,320,741,68,178
986,33.965517,2,2,car,0.8357312083244324,845,489,1122,662,277,173
986,33.965517,3,2,car,0.8153977394104004,1713,386,1918,526,205,140
986,33.965517,15,0,person,0.7987907528877258,96,498,161,641,65,143
986,33.965517,54,0,person,0.7370445132255554,76,461,112,617,36,156
987,34.0,1,2,car,0.891832709312439,1522,399,1846,548,324,149
987,34.0,2,2,car,0.8455227017402649,845,489,1122,661,277,172
987,34.0,26,0,person,0.8194414973258972,252,563,316,736,64,173
987,34.0,3,2,car,0.8142797946929932,1714,386,1918,526,204,140
987,34.0,15,0,person,0.8019704818725586,97,495,161,641,64,146
987,34.0,54,0,person,0.7536906599998474,75,460,112,616,37,156
988,34.034483,1,2,car,0.8946256637573242,1522,399,1846,548,324,149
988,34.034483,2,2,car,0.8432406187057495,845,488,1122,661,277,173
988,34.034483,3,2,car,0.8184142112731934,1713,386,1918,526,205,140
988,34.034483,15,0,person,0.8122910261154175,95,495,161,642,66,147
988,34.034483,26,0,person,0.8030273914337158,251,562,310,736,59,174
988,34.034483,54,0,person,0.7599809765815735,72,460,111,615,39,155
989,34.068966,1,2,car,0.8938833475112915,1522,399,1845,548,323,149
989,34.068966,2,2,car,0.8395835161209106,844,489,1122,661,278,172
989,34.068966,26,0,person,0.8220583200454712,248,562,304,735,56,173
989,34.068966,3,2,car,0.8190464973449707,1714,386,1919,526,205,140
989,34.068966,15,0,person,0.8146985769271851,94,494,159,642,65,148
989,34.068966,54,0,person,0.7441760301589966,69,460,108,616,39,156
990,34.103448,1,2,car,0.8916588425636292,1522,399,1846,547,324,148
990,34.103448,2,2,car,0.8350653648376465,845,489,1122,661,277,172
990,34.103448,26,0,person,0.8253600001335144,245,561,298,737,53,176
990,34.103448,3,2,car,0.8209241032600403,1714,385,1919,526,205,141
990,34.103448,15,0,person,0.8117851614952087,93,494,156,641,63,147
990,34.103448,54,0,person,0.7540031671524048,65,460,107,617,42,157
991,34.137931,1,2,car,0.894851565361023,1523,399,1846,548,323,149
991,34.137931,2,2,car,0.8459291458129883,844,489,1122,661,278,172
991,34.137931,3,2,car,0.8236004114151001,1713,385,1919,526,206,141
991,34.137931,26,0,person,0.8023098707199097,242,560,289,739,47,179
991,34.137931,15,0,person,0.7807033061981201,92,492,150,641,58,149
991,34.137931,54,0,person,0.7495744824409485,61,460,104,613,43,153
992,34.172414,1,2,car,0.8951064348220825,1522,399,1845,548,323,149
992,34.172414,2,2,car,0.840410590171814,844,489,1122,661,278,172
992,34.172414,3,2,car,0.8188989162445068,1712,386,1919,526,207,140
992,34.172414,26,0,person,0.811334490776062,238,560,284,741,46,181
992,34.172414,15,0,person,0.7552974820137024,91,492,147,642,56,150
992,34.172414,54,0,person,0.7508898377418518,49,461,105,616,56,155
993,34.206897,1,2,car,0.8965383172035217,1522,399,1846,548,324,149
993,34.206897,2,2,car,0.8386724591255188,844,489,1122,661,278,172
993,34.206897,26,0,person,0.8319534063339233,234,560,284,741,50,181
993,34.206897,3,2,car,0.8206998705863953,1712,386,1919,526,207,140
993,34.206897,54,0,person,0.7733474373817444,41,461,104,616,63,155
993,34.206897,15,0,person,0.7436355352401733,90,492,143,642,53,150
994,34.241379,1,2,car,0.8960850834846497,1522,399,1845,548,323,149
994,34.241379,2,2,car,0.8394381403923035,844,489,1122,661,278,172
994,34.241379,26,0,person,0.8336700201034546,223,560,283,740,60,180
994,34.241379,3,2,car,0.8184130191802979,1713,385,1919,526,206,141
994,34.241379,54,0,person,0.769595205783844,34,462,100,615,66,153
994,34.241379,15,0,person,0.7217344045639038,85,494,136,639,51,145
995,34.275862,1,2,car,0.8968812227249146,1522,399,1846,547,324,148
995,34.275862,26,0,person,0.8707762956619263,210,561,284,739,74,178
995,34.275862,2,2,car,0.8369688987731934,844,489,1122,661,278,172
995,34.275862,3,2,car,0.8236697912216187,1712,385,1919,526,207,141
995,34.275862,54,0,person,0.7761629819869995,28,461,97,615,69,154
995,34.275862,15,0,person,0.7359504699707031,83,493,132,639,49,146
996,34.310345,1,2,car,0.89378821849823,1522,398,1846,547,324,149
996,34.310345,26,0,person,0.8767709732055664,202,562,284,739,82,177
996,34.310345,2,2,car,0.83800208568573,844,489,1122,661,278,172
996,34.310345,3,2,car,0.8206386566162109,1709,386,1918,525,209,139
996,34.310345,54,0,person,0.779670000076294,27,461,95,616,68,155
996,34.310345,15,0,person,0.7279082536697388,81,494,128,640,47,146
997,34.344828,1,2,car,0.8952738046646118,1522,399,1846,547,324,148
997,34.344828,26,0,person,0.8817259073257446,197,564,284,738,87,174
997,34.344828,2,2,car,0.8324165344238281,844,489,1122,661,278,172
997,34.344828,3,2,car,0.8300582766532898,1712,385,1919,525,207,140
997,34.344828,54,0,person,0.7722964286804199,28,461,93,617,65,156
997,34.344828,15,0,person,0.7418304085731506,80,495,124,642,44,147
998,34.37931,1,2,car,0.8953243494033813,1522,399,1846,547,324,148
998,34.37931,26,0,person,0.8793805241584778,195,565,284,737,89,172
998,34.37931,3,2,car,0.8379268646240234,1712,386,1919,526,207,140
998,34.37931,2,2,car,0.8356488943099976,845,489,1122,661,277,172
998,34.37931,54,0,person,0.775089681148529,26,460,90,617,64,157
998,34.37931,15,0,person,0.7714723348617554,76,493,123,641,47,148
